{
"type": "FeatureCollection",
"name": "greece_nuts3",
"crs": { "type": "name", "properties": { "name": "urn:ogc:def:crs:OGC:1.3:CRS84" } },
"features": [
{ "type": "Feature", "properties": { "LEVL_CODE": 3.0, "MOUNT_TYPE": 3.0, "CNTR_CODE": "EL", "SVRG_UN": "UN Member State", "NAME_ENGL": "Greece", "NAME_LATN": "Ithaki, Kefallinia", "NUTS_NAME": "Ιθάκη, Κεφαλληνία", "URBN_TYPE": 3.0, "NUTS_ID": "EL623", "CAPT": "Athens", "COAST_TYPE": 1.0, "ISO3_CODE": "GRC", "NAME_FREN": "Grèce", "EU_STAT": "T", "NAME_GERM": "Griechenland", "EFTA_STAT": "F", "CC_STAT": "F", "geo": "EL623" }, "geometry": { "type": "MultiPolygon", "coordinates": [ [ [ [ 20.5540713, 38.4719688 ], [ 20.541521, 38.4733753 ], [ 20.5377418, 38.4693129 ], [ 20.542251, 38.4564645 ], [ 20.5419529, 38.4448812 ], [ 20.5362117, 38.4406428 ], [ 20.535498, 38.4318192 ], [ 20.5445753, 38.4234893 ], [ 20.5447551, 38.4162016 ], [ 20.5400662, 38.4121413 ], [ 20.5431628, 38.4083554 ], [ 20.5411674, 38.4041542 ], [ 20.5487664, 38.3855606 ], [ 20.5466815, 38.3815185 ], [ 20.5401183, 38.3785163 ], [ 20.5473084, 38.3627448 ], [ 20.545913, 38.3569755 ], [ 20.5413982, 38.3530993 ], [ 20.5338683, 38.3531738 ], [ 20.5338683, 38.3517398 ], [ 20.5375552, 38.3486055 ], [ 20.5381821, 38.3468642 ], [ 20.5366721, 38.343941 ], [ 20.5338683, 38.3412545 ], [ 20.5249817, 38.3421206 ], [ 20.5224317, 38.337024 ], [ 20.521165, 38.3344921 ], [ 20.5099477, 38.3280021 ], [ 20.5063852, 38.3238344 ], [ 20.5045906, 38.3217348 ], [ 20.4953511, 38.3201145 ], [ 20.489197, 38.3119686 ], [ 20.4778297, 38.3098338 ], [ 20.470107, 38.3178394 ], [ 20.4691632, 38.3238344 ], [ 20.4689284, 38.3253258 ], [ 20.4622545, 38.3238344 ], [ 20.4561619, 38.3224729 ], [ 20.4537597, 38.3238344 ], [ 20.4463929, 38.3280095 ], [ 20.4427947, 38.3348758 ], [ 20.440535, 38.3569307 ], [ 20.4306987, 38.3558529 ], [ 20.4209367, 38.3513879 ], [ 20.4155627, 38.3411049 ], [ 20.4101768, 38.3366699 ], [ 20.4066377, 38.3501069 ], [ 20.4008314, 38.3568968 ], [ 20.3974105, 38.3509699 ], [ 20.4003373, 38.3295213 ], [ 20.3979863, 38.3238344 ], [ 20.387179, 38.297685699999988 ], [ 20.3882849, 38.2775361 ], [ 20.3858822, 38.2729739 ], [ 20.3785955, 38.2700605 ], [ 20.3749277, 38.2606458 ], [ 20.3586477, 38.2604066 ], [ 20.3545048, 38.250427099999989 ], [ 20.3582358, 38.2386773 ], [ 20.3584621, 38.2250366 ], [ 20.349554, 38.2050826 ], [ 20.3389136, 38.2001327 ], [ 20.3432286, 38.1954056 ], [ 20.3379227, 38.1886775 ], [ 20.3398896, 38.1788085 ], [ 20.34401, 38.1746004 ], [ 20.3576367, 38.1735233 ], [ 20.3606754, 38.171920199999988 ], [ 20.3608959, 38.1683565 ], [ 20.3685969, 38.1686168 ], [ 20.3757802, 38.1642183 ], [ 20.3791874, 38.1524607 ], [ 20.385093, 38.1487912 ], [ 20.3933813, 38.1553002 ], [ 20.4059546, 38.1556484 ], [ 20.4137183, 38.1602175 ], [ 20.4397847, 38.162403 ], [ 20.4391569, 38.2250366 ], [ 20.4295294, 38.2430025 ], [ 20.4308754, 38.2563977 ], [ 20.421612, 38.2676807 ], [ 20.4270809, 38.2772525 ], [ 20.4379056, 38.2815543 ], [ 20.4500494, 38.2778038 ], [ 20.4516338, 38.2641832 ], [ 20.4573325, 38.2585024 ], [ 20.4603345, 38.2447142 ], [ 20.4728115, 38.225036599999989 ], [ 20.4801655, 38.2051 ], [ 20.4882123, 38.2004833 ], [ 20.4968104, 38.1880363 ], [ 20.4977217, 38.1786387 ], [ 20.5055238, 38.1745858 ], [ 20.509474, 38.1690523 ], [ 20.5063023, 38.1649414 ], [ 20.5011341, 38.1655615 ], [ 20.4790239, 38.1915644 ], [ 20.4750121, 38.1935169 ], [ 20.469023, 38.1915227 ], [ 20.4805777, 38.1719917 ], [ 20.4790078, 38.162042 ], [ 20.4746017, 38.1576062 ], [ 20.4837411, 38.151834 ], [ 20.4951618, 38.13481 ], [ 20.4940827, 38.1325714 ], [ 20.4892859, 38.1205292 ], [ 20.508079, 38.1101939 ], [ 20.5132212, 38.1042157 ], [ 20.5197489, 38.1024405 ], [ 20.5349726, 38.103029 ], [ 20.5544712, 38.0924005 ], [ 20.5644489, 38.090911299999988 ], [ 20.5710032, 38.100949 ], [ 20.5889121, 38.107424 ], [ 20.6064488, 38.1171417 ], [ 20.6187622, 38.117051 ], [ 20.6384885, 38.110457 ], [ 20.6567577, 38.0967201 ], [ 20.6726191, 38.091504 ], [ 20.7033323, 38.0694418 ], [ 20.7421548, 38.0619921 ], [ 20.7523905, 38.0663091 ], [ 20.7662335, 38.0681797 ], [ 20.7848872, 38.059505 ], [ 20.7935287, 38.0644417 ], [ 20.8136025, 38.1101316 ], [ 20.8103639, 38.1179963 ], [ 20.7912585, 38.1334857 ], [ 20.7859299, 38.1475794 ], [ 20.7792506, 38.1484482 ], [ 20.7707982, 38.1556002 ], [ 20.764471, 38.1702089 ], [ 20.7523905, 38.1836387 ], [ 20.7177204, 38.2212952 ], [ 20.711558, 38.2250366 ], [ 20.7088126, 38.2330824 ], [ 20.7115325, 38.2389867 ], [ 20.705093, 38.2424911 ], [ 20.696897, 38.2537846 ], [ 20.6981966, 38.2601669 ], [ 20.6882254, 38.2661664 ], [ 20.6781931, 38.2615094 ], [ 20.6735654, 38.2624323 ], [ 20.6752064, 38.2702396 ], [ 20.6802483, 38.2768911 ], [ 20.6776845, 38.2804304 ], [ 20.6732178, 38.280697 ], [ 20.6668427, 38.2766037 ], [ 20.6636006, 38.2665419 ], [ 20.6502916, 38.2543687 ], [ 20.635654, 38.2523241 ], [ 20.6263763, 38.259204 ], [ 20.6157315, 38.2768757 ], [ 20.61056, 38.292438 ], [ 20.5988278, 38.3016624 ], [ 20.6268198, 38.3176255 ], [ 20.6277707, 38.3238344 ], [ 20.6281041, 38.3260115 ], [ 20.6233776, 38.3510736 ], [ 20.6174109, 38.3700578 ], [ 20.6137787, 38.3725282 ], [ 20.616666, 38.3780836 ], [ 20.6104963, 38.390526 ], [ 20.6103198, 38.4014443 ], [ 20.5965563, 38.4045408 ], [ 20.5992481, 38.4093826 ], [ 20.5959028, 38.4119881 ], [ 20.5961441, 38.4197282 ], [ 20.5875294, 38.4284632 ], [ 20.5896191, 38.4343839 ], [ 20.5849393, 38.4387714 ], [ 20.5859216, 38.4465598 ], [ 20.5787975, 38.4595978 ], [ 20.5789703, 38.4615858 ], [ 20.5822567, 38.4613379 ], [ 20.5819962, 38.464438 ], [ 20.5616932, 38.474849 ], [ 20.5540713, 38.4719688 ] ] ], [ [ [ 20.6761957, 38.4893014 ], [ 20.6612274, 38.5001671 ], [ 20.6518858, 38.5017106 ], [ 20.6489456, 38.4958674 ], [ 20.6528913, 38.4828744 ], [ 20.6483288, 38.4714139 ], [ 20.6419447, 38.4692994 ], [ 20.627485, 38.477265 ], [ 20.6213774, 38.4780386 ], [ 20.6163382, 38.4734459 ], [ 20.6159553, 38.4660656 ], [ 20.6293285, 38.4432013 ], [ 20.6407065, 38.4375076 ], [ 20.6427668, 38.4194906 ], [ 20.6536796, 38.3966542 ], [ 20.6637914, 38.3845825 ], [ 20.6686671, 38.3607617 ], [ 20.6847241, 38.3472219 ], [ 20.6954989, 38.316126499999989 ], [ 20.7129832, 38.3041641 ], [ 20.7214808, 38.301963799999989 ], [ 20.7246053, 38.3062308 ], [ 20.7302819, 38.3056106 ], [ 20.7523905, 38.3131911 ], [ 20.7551638, 38.3131902 ], [ 20.7669545, 38.3194679 ], [ 20.7523905, 38.3261875 ], [ 20.7468019, 38.3292378 ], [ 20.7482993, 38.335646 ], [ 20.740339, 38.3421232 ], [ 20.7463983, 38.3544809 ], [ 20.7417505, 38.3648269 ], [ 20.749617, 38.3691641 ], [ 20.7443807, 38.3738887 ], [ 20.7430923, 38.3799906 ], [ 20.736644, 38.3846892 ], [ 20.7231957, 38.3890738 ], [ 20.7177572, 38.3829304 ], [ 20.7048275, 38.3846682 ], [ 20.704962, 38.3785103 ], [ 20.7157637, 38.3723891 ], [ 20.7165034, 38.367699 ], [ 20.7033517, 38.3724179 ], [ 20.692804, 38.3712397 ], [ 20.6820562, 38.3657752 ], [ 20.6761086, 38.3680234 ], [ 20.6768419, 38.382753 ], [ 20.6978405, 38.4148735 ], [ 20.6992651, 38.424911 ], [ 20.7071343, 38.437129 ], [ 20.7020305, 38.4447827 ], [ 20.6936121, 38.4478239 ], [ 20.6953648, 38.4543055 ], [ 20.6922842, 38.4588632 ], [ 20.6832398, 38.4555237 ], [ 20.6672175, 38.4606382 ], [ 20.6674776, 38.4647488 ], [ 20.6722457, 38.4695716 ], [ 20.6761957, 38.4893014 ] ] ], [ [ [ 21.0960201, 38.4230121 ], [ 21.0923227, 38.4235183 ], [ 21.0924296, 38.4265875 ], [ 21.0847163, 38.4351481 ], [ 21.0812524, 38.435458 ], [ 21.0797507, 38.4312583 ], [ 21.077574, 38.4296105 ], [ 21.0812162, 38.4286411 ], [ 21.0796296, 38.4243229 ], [ 21.0838319, 38.4207059 ], [ 21.0814558, 38.4184679 ], [ 21.0833924, 38.4113868 ], [ 21.0853908, 38.4096893 ], [ 21.0856053, 38.4065091 ], [ 21.0900983, 38.4068004 ], [ 21.0923051, 38.4043751 ], [ 21.092064, 38.4016389 ], [ 21.0952999, 38.4021713 ], [ 21.096225, 38.3996425 ], [ 21.0994785, 38.3998916 ], [ 21.0993349, 38.3937453 ], [ 21.1038636, 38.3948452 ], [ 21.1060955, 38.3990333 ], [ 21.1067489, 38.40334 ], [ 21.1048238, 38.4053213 ], [ 21.1027948, 38.4111533 ], [ 21.1031589, 38.4153218 ], [ 21.1065335, 38.4161014 ], [ 21.1068122, 38.418808899999988 ], [ 21.1034422, 38.4184985 ], [ 21.1006623, 38.4209469 ], [ 21.0960201, 38.4230121 ] ] ], [ [ [ 20.8195992, 38.4835102 ], [ 20.8215933, 38.4848358 ], [ 20.8239104, 38.4896868 ], [ 20.8226414, 38.4925458 ], [ 20.823968, 38.4953346 ], [ 20.8234922, 38.5022223 ], [ 20.8167893, 38.503314 ], [ 20.8137471, 38.5005392 ], [ 20.8131111, 38.4980208 ], [ 20.80889, 38.4947647 ], [ 20.8030585, 38.4871604 ], [ 20.7966946, 38.4841277 ], [ 20.7961452, 38.4825452 ], [ 20.7964983, 38.4783122 ], [ 20.8031291, 38.4773902 ], [ 20.8047331, 38.4747526 ], [ 20.807922, 38.4755489 ], [ 20.806909, 38.4773607 ], [ 20.8093317, 38.4787609 ], [ 20.81366, 38.4783833 ], [ 20.8141973, 38.4762289 ], [ 20.8215117, 38.478538 ], [ 20.8226364, 38.4809277 ], [ 20.8195992, 38.4835102 ] ] ], [ [ [ 21.1107827, 38.3197938 ], [ 21.1043775, 38.3174936 ], [ 21.1033536, 38.3141064 ], [ 21.1047025, 38.3106925 ], [ 21.1012907, 38.309173 ], [ 21.1063525, 38.3059006 ], [ 21.106492, 38.3027276 ], [ 21.1010908, 38.3012588 ], [ 21.1005367, 38.3028003 ], [ 21.0969503, 38.3033321 ], [ 21.096558, 38.301499 ], [ 21.092631, 38.298942 ], [ 21.094005, 38.298062099999989 ], [ 21.0949005, 38.2929386 ], [ 21.0948488, 38.2863768 ], [ 21.098661, 38.2824307 ], [ 21.1049599, 38.282974 ], [ 21.1056748, 38.284647 ], [ 21.1021516, 38.286901 ], [ 21.0999397, 38.2929215 ], [ 21.1032121, 38.297278 ], [ 21.1093073, 38.2979969 ], [ 21.1123861, 38.2967452 ], [ 21.1159454, 38.299842 ], [ 21.1166422, 38.3025094 ], [ 21.1195338, 38.3052921 ], [ 21.1184296, 38.3132837 ], [ 21.1192047, 38.3169348 ], [ 21.1173792, 38.319721 ], [ 21.1142618, 38.3159089 ], [ 21.1122195, 38.316112 ], [ 21.1107827, 38.3197938 ] ] ], [ [ [ 20.7163007, 38.5489253 ], [ 20.7210465, 38.560818 ], [ 20.7141496, 38.5672361 ], [ 20.7085993, 38.5676755 ], [ 20.7043745, 38.5648161 ], [ 20.6999069, 38.5472222 ], [ 20.7020694, 38.5438251 ], [ 20.7141496, 38.5387463 ], [ 20.7175413, 38.5415365 ], [ 20.7163007, 38.5489253 ] ] ], [ [ [ 21.0175604, 38.4910368 ], [ 21.0142494, 38.4896853 ], [ 21.014797, 38.4854533 ], [ 21.0120891, 38.4853813 ], [ 21.0111274, 38.4829814 ], [ 21.0075871, 38.4832812 ], [ 21.0094401, 38.4800636 ], [ 21.0122235, 38.4782781 ], [ 21.0138475, 38.4748384 ], [ 21.0179559, 38.4754679 ], [ 21.0223367, 38.473222 ], [ 21.0248353, 38.473621 ], [ 21.0283645, 38.4718854 ], [ 21.0281094, 38.4743543 ], [ 21.0303055, 38.4745309 ], [ 21.0309774, 38.4780018 ], [ 21.0294395, 38.4835113 ], [ 21.026038, 38.4858383 ], [ 21.024172, 38.4849818 ], [ 21.0226552, 38.4877733 ], [ 21.0175604, 38.4910368 ] ] ], [ [ [ 21.0521397, 38.460703099999989 ], [ 21.0526066, 38.4676955 ], [ 21.0466158, 38.4712124 ], [ 21.0495353, 38.4756014 ], [ 21.0469046, 38.4788667 ], [ 21.0418076, 38.479385799999989 ], [ 21.0380517, 38.4778941 ], [ 21.0369856, 38.4749413 ], [ 21.0422026, 38.4704129 ], [ 21.0449928, 38.4702779 ], [ 21.0442373, 38.465033 ], [ 21.0410199, 38.4618436 ], [ 21.0415214, 38.4556217 ], [ 21.0429409, 38.454676299999988 ], [ 21.0469443, 38.4558317 ], [ 21.0521397, 38.460703099999989 ] ] ], [ [ [ 21.0006771, 38.3659958 ], [ 20.9989789, 38.3676315 ], [ 21.0002116, 38.3699977 ], [ 20.9989566, 38.372228 ], [ 20.9924271, 38.37782 ], [ 20.9906341, 38.3721595 ], [ 20.9915601, 38.3682295 ], [ 20.9899983, 38.3659462 ], [ 20.9933849, 38.363368 ], [ 20.9971541, 38.3622474 ], [ 20.9998196, 38.3629968 ], [ 21.0006771, 38.3659958 ] ] ], [ [ [ 21.0590739, 38.4562618 ], [ 21.0622559, 38.451964 ], [ 21.0690657, 38.4511662 ], [ 21.0713588, 38.4546185 ], [ 21.0741654, 38.4556141 ], [ 21.071935, 38.4577585 ], [ 21.0684512, 38.458604 ], [ 21.0650719, 38.457438599999989 ], [ 21.0611992, 38.4596628 ], [ 21.0590739, 38.4562618 ] ] ], [ [ [ 20.5367483, 38.3852753 ], [ 20.5338683, 38.3861761 ], [ 20.5275068, 38.3861977 ], [ 20.526973, 38.3818024 ], [ 20.5293872, 38.3791017 ], [ 20.5338683, 38.3780943 ], [ 20.5374361, 38.378813199999989 ], [ 20.5367483, 38.3852753 ] ] ], [ [ [ 21.0305132, 38.3690777 ], [ 21.0259525, 38.3694978 ], [ 21.0272082, 38.3639935 ], [ 21.0335558, 38.3594422 ], [ 21.0361379, 38.3602787 ], [ 21.0305132, 38.3690777 ] ] ], [ [ [ 21.0045974, 38.4765071 ], [ 21.0018427, 38.4750151 ], [ 21.0020904, 38.471728 ], [ 21.0000923, 38.4697438 ], [ 21.0020867, 38.4686778 ], [ 21.0041606, 38.4709489 ], [ 21.0070958, 38.4695429 ], [ 21.00934, 38.4720805 ], [ 21.0045974, 38.4765071 ] ] ], [ [ [ 21.0392172, 38.3578384 ], [ 21.0382092, 38.3571519 ], [ 21.0404515, 38.3536291 ], [ 21.0477791, 38.3487162 ], [ 21.0480963, 38.3521313 ], [ 21.0392172, 38.3578384 ] ] ], [ [ [ 21.0186979, 38.4262339 ], [ 21.0197238, 38.4234364 ], [ 21.0227172, 38.4212864 ], [ 21.0264721, 38.4210509 ], [ 21.0216424, 38.4280069 ], [ 21.0186979, 38.4262339 ] ] ], [ [ [ 21.0308968, 38.4943404 ], [ 21.0263141, 38.4916104 ], [ 21.0291204, 38.4875172 ], [ 21.0335802, 38.4908184 ], [ 21.0308968, 38.4943404 ] ] ], [ [ [ 20.4216846, 38.135243 ], [ 20.4199498, 38.1330148 ], [ 20.4269061, 38.1329914 ], [ 20.4276635, 38.1357667 ], [ 20.4216846, 38.135243 ] ] ], [ [ [ 21.0512824, 38.3515256 ], [ 21.0540873, 38.3484046 ], [ 21.0562987, 38.3483597 ], [ 21.0558146, 38.3536224 ], [ 21.0512824, 38.3515256 ] ] ], [ [ [ 21.037719, 38.4656832 ], [ 21.0343457, 38.4639949 ], [ 21.0353276, 38.4588809 ], [ 21.0378976, 38.460887 ], [ 21.037719, 38.4656832 ] ] ], [ [ [ 21.0188156, 38.4664344 ], [ 21.0135828, 38.4650692 ], [ 21.0134752, 38.4626195 ], [ 21.018659, 38.4627796 ], [ 21.0188156, 38.4664344 ] ] ], [ [ [ 21.0156774, 38.4741067 ], [ 21.012695, 38.4707608 ], [ 21.0151804, 38.468603 ], [ 21.0183548, 38.4698762 ], [ 21.0156774, 38.4741067 ] ] ], [ [ [ 21.0027243, 38.4812828 ], [ 20.9996589, 38.4821566 ], [ 20.9997361, 38.4767924 ], [ 21.0035366, 38.4774135 ], [ 21.0027243, 38.4812828 ] ] ] ] } },
{ "type": "Feature", "properties": { "LEVL_CODE": 3.0, "MOUNT_TYPE": 3.0, "CNTR_CODE": "EL", "SVRG_UN": "UN Member State", "NAME_ENGL": "Greece", "NAME_LATN": "Lefkada", "NUTS_NAME": "Λευκάδα", "URBN_TYPE": 3.0, "NUTS_ID": "EL624", "CAPT": "Athens", "COAST_TYPE": 1.0, "ISO3_CODE": "GRC", "NAME_FREN": "Grèce", "EU_STAT": "T", "NAME_GERM": "Griechenland", "EFTA_STAT": "F", "CC_STAT": "F", "geo": "EL624" }, "geometry": { "type": "MultiPolygon", "coordinates": [ [ [ [ 20.6721756, 38.8322042 ], [ 20.6562759, 38.835062 ], [ 20.648481, 38.8331247 ], [ 20.6327037, 38.8159157 ], [ 20.6286123, 38.8019964 ], [ 20.6231739, 38.7942684 ], [ 20.6170203, 38.7908427 ], [ 20.6088249, 38.7904863 ], [ 20.5997338, 38.7805501 ], [ 20.588081, 38.7535825 ], [ 20.5764309, 38.7119383 ], [ 20.5565606, 38.6800578 ], [ 20.5592268, 38.6572701 ], [ 20.5546927, 38.6112148 ], [ 20.5497732, 38.5948732 ], [ 20.5441667, 38.5868971 ], [ 20.5498758, 38.5777411 ], [ 20.5467797, 38.5673312 ], [ 20.5482524, 38.5666467 ], [ 20.5531632, 38.5700596 ], [ 20.5596759, 38.5808705 ], [ 20.5692985, 38.587535 ], [ 20.5897853, 38.6256383 ], [ 20.5947524, 38.6306134 ], [ 20.6067232, 38.6269631 ], [ 20.6072858, 38.614238 ], [ 20.6157739, 38.6004648 ], [ 20.6317829, 38.600830599999988 ], [ 20.6324974, 38.5883602 ], [ 20.6425969, 38.5801726 ], [ 20.6468661, 38.5828593 ], [ 20.6424427, 38.591165 ], [ 20.6425972, 38.5970976 ], [ 20.6532058, 38.6081786 ], [ 20.6571009, 38.6088098 ], [ 20.6664501, 38.6034048 ], [ 20.6834928, 38.6058686 ], [ 20.6881952, 38.6205287 ], [ 20.6979293, 38.6191812 ], [ 20.6944855, 38.6253547 ], [ 20.6961958, 38.6377094 ], [ 20.7001642, 38.6368675 ], [ 20.705898, 38.6273346 ], [ 20.7136303, 38.6229712 ], [ 20.7205412, 38.6263806 ], [ 20.7242193, 38.6364264 ], [ 20.7171819, 38.6572701 ], [ 20.7124038, 38.6653413 ], [ 20.7113764, 38.6711717 ], [ 20.7141526, 38.673510799999988 ], [ 20.7178128, 38.6705469 ], [ 20.7219787, 38.6734802 ], [ 20.7242068, 38.6802897 ], [ 20.7231069, 38.6918439 ], [ 20.7233616, 38.6947124 ], [ 20.7157835, 38.703008 ], [ 20.7141526, 38.7007906 ], [ 20.7074252, 38.6982917 ], [ 20.7092417, 38.7051179 ], [ 20.7141526, 38.7095618 ], [ 20.716479, 38.7150592 ], [ 20.7286531, 38.7236399 ], [ 20.7321236, 38.7324156 ], [ 20.73149, 38.7403637 ], [ 20.7213693, 38.7521266 ], [ 20.7188803, 38.762738 ], [ 20.7229291, 38.770438 ], [ 20.7205585, 38.7973631 ], [ 20.7265177, 38.805169 ], [ 20.7177149, 38.8138843 ], [ 20.7193921, 38.8239696 ], [ 20.7141526, 38.8279507 ], [ 20.7095421, 38.8358114 ], [ 20.6927532, 38.8361783 ], [ 20.6860149, 38.8342958 ], [ 20.6803438, 38.8391302 ], [ 20.6721756, 38.8322042 ] ] ], [ [ [ 20.9511295, 38.6533576 ], [ 20.9335679, 38.647635 ], [ 20.9133246, 38.6486925 ], [ 20.903152, 38.6462878 ], [ 20.8943643, 38.6393452 ], [ 20.8845326, 38.6200646 ], [ 20.8771931, 38.613263 ], [ 20.8783785, 38.6071621 ], [ 20.8726685, 38.6057693 ], [ 20.8733919, 38.6013047 ], [ 20.8684602, 38.598719 ], [ 20.8709997, 38.5788641 ], [ 20.8780465, 38.5795491 ], [ 20.8837283, 38.584143 ], [ 20.891314, 38.5960255 ], [ 20.8863445, 38.5974124 ], [ 20.8852887, 38.6006141 ], [ 20.8943643, 38.6056627 ], [ 20.900992, 38.6110791 ], [ 20.9279539, 38.6160203 ], [ 20.9351749, 38.6265134 ], [ 20.9541462, 38.6351375 ], [ 20.9592314, 38.6419988 ], [ 20.9603153, 38.6441912 ], [ 20.9592314, 38.6497426 ], [ 20.9511295, 38.6533576 ] ] ], [ [ [ 20.7846463, 38.6744555 ], [ 20.7807204, 38.6724263 ], [ 20.7792319, 38.6673058 ], [ 20.7689937, 38.6669769 ], [ 20.7619699, 38.6612102 ], [ 20.7523874, 38.6636359 ], [ 20.7416975, 38.6670301 ], [ 20.7381825, 38.6605581 ], [ 20.7376647, 38.6572713 ], [ 20.7353724, 38.6415018 ], [ 20.7393308, 38.6323851 ], [ 20.7560198, 38.619030599999988 ], [ 20.795861, 38.5942836 ], [ 20.8044832, 38.5917804 ], [ 20.8051218, 38.5935012 ], [ 20.7952046, 38.6014864 ], [ 20.7711071, 38.6126796 ], [ 20.7556908, 38.628288 ], [ 20.7583591, 38.6372662 ], [ 20.7639016, 38.6437824 ], [ 20.7685476, 38.6447975 ], [ 20.7755483, 38.642005 ], [ 20.7834407, 38.6436294 ], [ 20.7981794, 38.6515412 ], [ 20.8021845, 38.6572713 ], [ 20.8059985, 38.6644956 ], [ 20.7994767, 38.6692329 ], [ 20.7932005, 38.6688672 ], [ 20.7899116, 38.6731194 ], [ 20.7846463, 38.6744555 ] ] ], [ [ [ 20.9387817, 38.6045767 ], [ 20.934215, 38.6048191 ], [ 20.9298695, 38.6010614 ], [ 20.9295272, 38.5990119 ], [ 20.9254681, 38.596543 ], [ 20.918819, 38.5865945 ], [ 20.9115082, 38.5776842 ], [ 20.9088201, 38.576788 ], [ 20.9045744, 38.5709158 ], [ 20.9025728, 38.5634436 ], [ 20.8970971, 38.5660297 ], [ 20.8952065, 38.5583713 ], [ 20.8955583, 38.5514682 ], [ 20.8943047, 38.5453958 ], [ 20.8961745, 38.5421287 ], [ 20.9054241, 38.5435545 ], [ 20.9053516, 38.5463268 ], [ 20.9020748, 38.5467648 ], [ 20.9028555, 38.548776 ], [ 20.8992485, 38.5530106 ], [ 20.9000871, 38.5544467 ], [ 20.9043556, 38.5532758 ], [ 20.9075201, 38.5579096 ], [ 20.9063456, 38.5599097 ], [ 20.9110586, 38.5616784 ], [ 20.9088705, 38.5647471 ], [ 20.9134619, 38.5663858 ], [ 20.9105948, 38.5688315 ], [ 20.9137714, 38.5717424 ], [ 20.9175594, 38.5721578 ], [ 20.9185403, 38.575419 ], [ 20.9233374, 38.5756615 ], [ 20.9250391, 38.5794414 ], [ 20.9275619, 38.5817142 ], [ 20.9275055, 38.5856907 ], [ 20.9307385, 38.5875638 ], [ 20.932173, 38.596101 ], [ 20.9365145, 38.5977507 ], [ 20.9397238, 38.5974085 ], [ 20.9384662, 38.5995542 ], [ 20.9387817, 38.6045767 ] ] ], [ [ [ 20.7374202, 38.6951186 ], [ 20.7376584, 38.6918438 ], [ 20.7381679, 38.6887354 ], [ 20.741136, 38.6878044 ], [ 20.7462504, 38.6918438 ], [ 20.7517703, 38.6931276 ], [ 20.7523905, 38.6944572 ], [ 20.7523905, 38.6966019 ], [ 20.7468814, 38.6970942 ], [ 20.7439905, 38.6940232 ], [ 20.7393961, 38.697131 ], [ 20.7374202, 38.6951186 ] ] ], [ [ [ 20.8047163, 38.5867989 ], [ 20.7985921, 38.588304 ], [ 20.7927821, 38.5853174 ], [ 20.8010851, 38.5812099 ], [ 20.8074918, 38.581824399999988 ], [ 20.8047163, 38.5867989 ] ] ], [ [ [ 20.6903814, 38.8485949 ], [ 20.6938848, 38.8508596 ], [ 20.6906582, 38.8525911 ], [ 20.6852527, 38.8507016 ], [ 20.6826423, 38.8423473 ], [ 20.6894802, 38.8435131 ], [ 20.6903814, 38.8485949 ] ] ], [ [ [ 20.7479096, 38.7195591 ], [ 20.744936, 38.7202032 ], [ 20.7435608, 38.7162898 ], [ 20.7374432, 38.7145806 ], [ 20.7345344, 38.709869 ], [ 20.7380671, 38.7086658 ], [ 20.7426937, 38.711522 ], [ 20.7479096, 38.7195591 ] ] ], [ [ [ 20.7082126, 38.8489628 ], [ 20.706344, 38.8479631 ], [ 20.7118738, 38.8446085 ], [ 20.7162329, 38.8444457 ], [ 20.718054, 38.8462754 ], [ 20.7082126, 38.8489628 ] ] ], [ [ [ 20.6962177, 38.8506107 ], [ 20.6949452, 38.8499019 ], [ 20.6969581, 38.8444116 ], [ 20.7025305, 38.8489887 ], [ 20.6962177, 38.8506107 ] ] ], [ [ [ 20.7918897, 38.5874497 ], [ 20.7850173, 38.5870247 ], [ 20.7881279, 38.5840283 ], [ 20.7913814, 38.5841699 ], [ 20.7918897, 38.5874497 ] ] ], [ [ [ 20.8546008, 38.56633 ], [ 20.8497248, 38.5645326 ], [ 20.8520666, 38.5620826 ], [ 20.8558871, 38.5624116 ], [ 20.8546008, 38.56633 ] ] ], [ [ [ 20.939905, 38.610674 ], [ 20.9354482, 38.6068903 ], [ 20.9408528, 38.605845099999989 ], [ 20.9416312, 38.608654099999988 ], [ 20.939905, 38.610674 ] ] ], [ [ [ 20.7350878, 38.6606935 ], [ 20.7310506, 38.6590222 ], [ 20.7329415, 38.6544435 ], [ 20.7346352, 38.6547804 ], [ 20.7350878, 38.6606935 ] ] ], [ [ [ 20.7451937, 38.703502 ], [ 20.7412517, 38.7004172 ], [ 20.7420826, 38.6974066 ], [ 20.746812, 38.7011897 ], [ 20.7451937, 38.703502 ] ] ], [ [ [ 20.7265003, 38.7092925 ], [ 20.7220401, 38.708382 ], [ 20.7228513, 38.7055826 ], [ 20.7251615, 38.7048163 ], [ 20.7273476, 38.7069758 ], [ 20.7265003, 38.7092925 ] ] ] ] } },
{ "type": "Feature", "properties": { "LEVL_CODE": 3.0, "MOUNT_TYPE": 2.0, "CNTR_CODE": "EL", "SVRG_UN": "UN Member State", "NAME_ENGL": "Greece", "NAME_LATN": "Imathia", "NUTS_NAME": "Ημαθία", "URBN_TYPE": 2.0, "NUTS_ID": "EL521", "CAPT": "Athens", "COAST_TYPE": 1.0, "ISO3_CODE": "GRC", "NAME_FREN": "Grèce", "EU_STAT": "T", "NAME_GERM": "Griechenland", "EFTA_STAT": "F", "CC_STAT": "F", "geo": "EL521" }, "geometry": { "type": "MultiPolygon", "coordinates": [ [ [ [ 22.091489, 40.728425 ], [ 22.0789999, 40.7339729 ], [ 22.062539, 40.7334006 ], [ 22.0574913, 40.7298101 ], [ 22.0570066, 40.7260005 ], [ 22.0610848, 40.7217786 ], [ 22.0711995, 40.7179199 ], [ 22.0708, 40.70951 ], [ 22.0512275, 40.7042648 ], [ 22.0094357, 40.6992612 ], [ 21.9841086, 40.6900964 ], [ 21.9763919, 40.6935653 ], [ 21.9660484, 40.693961 ], [ 21.9523721, 40.6860966 ], [ 21.9472747, 40.6783082 ], [ 21.9398483, 40.6823109 ], [ 21.924387, 40.6852221 ], [ 21.9060115, 40.682092 ], [ 21.9023234, 40.6533142 ], [ 21.8984571, 40.6483404 ], [ 21.8876918, 40.6448614 ], [ 21.885178, 40.6416072 ], [ 21.8878258, 40.6300039 ], [ 21.882246, 40.6240484 ], [ 21.8871184, 40.6192656 ], [ 21.8890128, 40.6094447 ], [ 21.8854704, 40.5971617 ], [ 21.8890918, 40.5920816 ], [ 21.9137573, 40.5752827 ], [ 21.9118462, 40.5681816 ], [ 21.8935196, 40.5569088 ], [ 21.8942072, 40.5476848 ], [ 21.9239956, 40.5184289 ], [ 21.92884, 40.502258 ], [ 21.9307161, 40.4970916 ], [ 21.928665, 40.488202 ], [ 21.9358717, 40.4844617 ], [ 21.9617786, 40.480286 ], [ 21.9740138, 40.4816102 ], [ 21.9841086, 40.4787344 ], [ 21.9879807, 40.4748969 ], [ 21.9978534, 40.4651116 ], [ 22.0133453, 40.4617882 ], [ 22.0276943, 40.448107 ], [ 22.0202335, 40.4425262 ], [ 22.0249502, 40.4365623 ], [ 22.0348471, 40.4359197 ], [ 22.0696634, 40.4416136 ], [ 22.0895128, 40.432961 ], [ 22.1045377, 40.4311847 ], [ 22.1014806, 40.4076344 ], [ 22.0927019, 40.3920685 ], [ 22.0947253, 40.3788175 ], [ 22.0995726, 40.3750874 ], [ 22.1115178, 40.372454 ], [ 22.1263647, 40.3578645 ], [ 22.1448128, 40.3605015 ], [ 22.1521724, 40.3591564 ], [ 22.1544111, 40.3563785 ], [ 22.1526134, 40.3521161 ], [ 22.1325635, 40.3411276 ], [ 22.1274515, 40.331007 ], [ 22.1273536, 40.3258339 ], [ 22.1322958, 40.3197056 ], [ 22.1515293, 40.3108598 ], [ 22.1605495, 40.3020738 ], [ 22.183821, 40.302277 ], [ 22.1979909, 40.3022633 ], [ 22.2039784, 40.304919 ], [ 22.2130938, 40.3240312 ], [ 22.2310176, 40.3425636 ], [ 22.2523209, 40.3410251 ], [ 22.2690287, 40.3479886 ], [ 22.2771985, 40.3561308 ], [ 22.2826097, 40.3570512 ], [ 22.2897234, 40.3411981 ], [ 22.2937857, 40.3386437 ], [ 22.2952568, 40.3526826 ], [ 22.2909332, 40.3621258 ], [ 22.3105918, 40.3762831 ], [ 22.3143975, 40.3828785 ], [ 22.3324206, 40.3995567 ], [ 22.3459078, 40.4047504 ], [ 22.3490516, 40.4108271 ], [ 22.3546709, 40.4147782 ], [ 22.3736871, 40.4192492 ], [ 22.3952643, 40.443466 ], [ 22.398413, 40.450616 ], [ 22.4164868, 40.4558767 ], [ 22.4234356, 40.4701007 ], [ 22.4288064, 40.4748969 ], [ 22.4305211, 40.4764282 ], [ 22.4241301, 40.4813473 ], [ 22.4210483, 40.4885279 ], [ 22.4365685, 40.5085818 ], [ 22.432557, 40.5252113 ], [ 22.4342388, 40.5287071 ], [ 22.4393119, 40.5307387 ], [ 22.4488009, 40.5303229 ], [ 22.4609753, 40.5287575 ], [ 22.4692715, 40.5240742 ], [ 22.4731271, 40.5244447 ], [ 22.4767435, 40.5247922 ], [ 22.491273, 40.5289741 ], [ 22.5176261, 40.5487581 ], [ 22.5466102, 40.5407708 ], [ 22.5650115, 40.5404857 ], [ 22.5694688, 40.5434243 ], [ 22.5709135, 40.5443767 ], [ 22.5723345, 40.5453136 ], [ 22.5815192, 40.5434837 ], [ 22.5911366, 40.5415675 ], [ 22.6013414, 40.5347949 ], [ 22.6092365, 40.5186591 ], [ 22.6293572, 40.4950613 ], [ 22.6639575, 40.4915545 ], [ 22.6591958, 40.4955187 ], [ 22.6528076, 40.5091856 ], [ 22.6537514, 40.5181978 ], [ 22.6645848, 40.5263283 ], [ 22.67445, 40.527569 ], [ 22.678732, 40.529484 ], [ 22.682419, 40.528965 ], [ 22.6704439, 40.5479615 ], [ 22.6645848, 40.5523295 ], [ 22.6435747, 40.5610194 ], [ 22.6358325, 40.5665413 ], [ 22.6289256, 40.5809751 ], [ 22.6249082, 40.5971617 ], [ 22.6209593, 40.6130682 ], [ 22.6109135, 40.6196135 ], [ 22.6013261, 40.6247641 ], [ 22.5937761, 40.6385837 ], [ 22.5815192, 40.6477491 ], [ 22.5787146, 40.6498461 ], [ 22.5709135, 40.6528591 ], [ 22.5486804, 40.6732921 ], [ 22.4976527, 40.6809178 ], [ 22.4904844, 40.6936289 ], [ 22.491367, 40.7112675 ], [ 22.485731, 40.7179777 ], [ 22.4793133, 40.716619 ], [ 22.4731271, 40.713387499999989 ], [ 22.4661367, 40.7097356 ], [ 22.4631879, 40.700315 ], [ 22.4562569, 40.6941526 ], [ 22.4318021, 40.6817109 ], [ 22.3973153, 40.6885288 ], [ 22.3870714, 40.7113697 ], [ 22.3623273, 40.6814166 ], [ 22.3381186, 40.6660244 ], [ 22.311782, 40.6398405 ], [ 22.2679082, 40.6649216 ], [ 22.2516385, 40.688547 ], [ 22.2414376, 40.6929656 ], [ 22.2306977, 40.6911484 ], [ 22.2274649, 40.6970562 ], [ 22.2218013, 40.7001378 ], [ 22.2056095, 40.7013475 ], [ 22.1944464, 40.6982445 ], [ 22.1702548, 40.6976592 ], [ 22.1353445, 40.7089816 ], [ 22.1176461, 40.7079958 ], [ 22.109774, 40.7174776 ], [ 22.091489, 40.728425 ] ] ] ] } },
{ "type": "Feature", "properties": { "LEVL_CODE": 3.0, "MOUNT_TYPE": 2.0, "CNTR_CODE": "EL", "SVRG_UN": "UN Member State", "NAME_ENGL": "Greece", "NAME_LATN": "Magnisia, Sporades", "NUTS_NAME": "Μαγνησία, Σποράδες", "URBN_TYPE": 2.0, "NUTS_ID": "EL613", "CAPT": "Athens", "COAST_TYPE": 1.0, "ISO3_CODE": "GRC", "NAME_FREN": "Grèce", "EU_STAT": "T", "NAME_GERM": "Griechenland", "EFTA_STAT": "F", "CC_STAT": "F", "geo": "EL613" }, "geometry": { "type": "MultiPolygon", "coordinates": [ [ [ [ 23.0498558, 39.5264238 ], [ 23.0346165, 39.527104 ], [ 23.0178233, 39.5306634 ], [ 23.0026641, 39.5495422 ], [ 22.9847196, 39.5504721 ], [ 22.9733194, 39.5601304 ], [ 22.9365329, 39.5744176 ], [ 22.915911, 39.602936 ], [ 22.8898736, 39.592116 ], [ 22.8745301, 39.5806465 ], [ 22.8701958, 39.5782033 ], [ 22.8577834, 39.5712061 ], [ 22.846536, 39.5648651 ], [ 22.8364267, 39.5491175 ], [ 22.8220882, 39.5387255 ], [ 22.8031534, 39.5306385 ], [ 22.7993281, 39.5131103 ], [ 22.7811855, 39.518885 ], [ 22.7650452, 39.5248727 ], [ 22.7599307, 39.5242957 ], [ 22.7592094, 39.5095862 ], [ 22.7533811, 39.4927462 ], [ 22.7243434, 39.4788498 ], [ 22.7125092, 39.4587598 ], [ 22.7033973, 39.4498594 ], [ 22.7173843, 39.4355625 ], [ 22.7190979, 39.4220924 ], [ 22.6897519, 39.4123169 ], [ 22.6761827, 39.3962992 ], [ 22.6708066, 39.4055931 ], [ 22.671806, 39.4163147 ], [ 22.6644465, 39.4200036 ], [ 22.6419304, 39.4141983 ], [ 22.6111466, 39.4017943 ], [ 22.605825, 39.3975645 ], [ 22.6086814, 39.3900745 ], [ 22.6170853, 39.3807629 ], [ 22.6167772, 39.373992699999988 ], [ 22.6250479, 39.362893 ], [ 22.6487254, 39.355845 ], [ 22.6645848, 39.3544009 ], [ 22.6664966, 39.352945 ], [ 22.6645848, 39.3505574 ], [ 22.6516425, 39.3315654 ], [ 22.6554898, 39.3245093 ], [ 22.6535941, 39.3164752 ], [ 22.6561435, 39.3086226 ], [ 22.6531812, 39.3006918 ], [ 22.6456088, 39.2943255 ], [ 22.6273425, 39.2857605 ], [ 22.6230912, 39.2866755 ], [ 22.6067604, 39.283177 ], [ 22.6024499, 39.2782942 ], [ 22.5987084, 39.2666759 ], [ 22.5849549, 39.2677244 ], [ 22.5815192, 39.2679863 ], [ 22.5709135, 39.2687948 ], [ 22.5612824, 39.269529 ], [ 22.5314081, 39.256982199999989 ], [ 22.5308257, 39.2529669 ], [ 22.5375825, 39.2494028 ], [ 22.5382628, 39.2440894 ], [ 22.5420689, 39.2410604 ], [ 22.538923, 39.2327481 ], [ 22.5542598, 39.2164409 ], [ 22.5540161, 39.2112524 ], [ 22.5602527, 39.1978645 ], [ 22.5586904, 39.1952689 ], [ 22.5507933, 39.1935129 ], [ 22.5518037, 39.1899623 ], [ 22.5450602, 39.1833846 ], [ 22.5514072, 39.1741786 ], [ 22.5551933, 39.1618344 ], [ 22.5487338, 39.1464245 ], [ 22.5313647, 39.1455741 ], [ 22.5137675, 39.1321769 ], [ 22.5048995, 39.1305235 ], [ 22.4920444, 39.1152429 ], [ 22.497746, 39.1055183 ], [ 22.4945188, 39.0960394 ], [ 22.5008097, 39.092053 ], [ 22.5019458, 39.0877951 ], [ 22.5033333, 39.0632222 ], [ 22.4964466, 39.0479387 ], [ 22.5157762, 39.0476065 ], [ 22.5471031, 39.0384666 ], [ 22.5709135, 39.0367394 ], [ 22.5815192, 39.0375139 ], [ 22.6031075, 39.0390905 ], [ 22.6102199, 39.045795 ], [ 22.6281752, 39.0508969 ], [ 22.6464111, 39.0497564 ], [ 22.6648192, 39.0541665 ], [ 22.6730793, 39.049972 ], [ 22.6858262, 39.0473505 ], [ 22.6861532, 39.034628 ], [ 22.7032942, 39.0205657 ], [ 22.7304124, 39.0137276 ], [ 22.7451746, 39.0177377 ], [ 22.7524582, 39.0050366 ], [ 22.7591371, 39.0000411 ], [ 22.7978775, 38.9996163 ], [ 22.8161127, 39.0019979 ], [ 22.8543011, 39.000013 ], [ 22.8660419, 39.0035398 ], [ 22.8764581, 38.9946567 ], [ 22.883113, 38.9841763 ], [ 22.8857978, 38.9799477 ], [ 22.8955003, 38.975572 ], [ 22.9164928, 38.9752345 ], [ 22.9376654, 38.9697478 ], [ 22.9696702, 38.977184799999989 ], [ 22.9800696, 38.9841763 ], [ 22.9866606, 38.9886071 ], [ 22.9964183, 38.99275 ], [ 23.0008162, 39.0025224 ], [ 23.0122403, 39.0044791 ], [ 23.0170195, 39.0031658 ], [ 23.0290056, 39.0156975 ], [ 23.0561064, 39.0186541 ], [ 23.0613826, 39.025229 ], [ 23.0642227, 39.0373813 ], [ 23.0353153, 39.0370605 ], [ 23.0163581, 39.0253144 ], [ 23.0087973, 39.0259925 ], [ 22.9997101, 39.0191321 ], [ 22.975573, 39.0139901 ], [ 22.9685649, 39.0078808 ], [ 22.9609802, 39.0089916 ], [ 22.9598838, 39.0119479 ], [ 22.9642391, 39.0202638 ], [ 22.9601002, 39.0249826 ], [ 22.9617874, 39.0317874 ], [ 22.9738195, 39.0317509 ], [ 22.9805684, 39.0368558 ], [ 22.9954573, 39.0386552 ], [ 22.9912575, 39.0434386 ], [ 22.9943113, 39.0496451 ], [ 22.9895359, 39.0550736 ], [ 22.9969824, 39.0676303 ], [ 22.9878927, 39.0730695 ], [ 22.9781583, 39.0858104 ], [ 22.9791331, 39.0919771 ], [ 22.9804092, 39.1000493 ], [ 22.9679221, 39.1090865 ], [ 22.9634091, 39.1186753 ], [ 22.9456967, 39.1215825 ], [ 22.9343616, 39.130776 ], [ 22.9329851, 39.1265799 ], [ 22.9399007, 39.1144865 ], [ 22.9305807, 39.1107524 ], [ 22.9226529, 39.1141228 ], [ 22.9164928, 39.1255162 ], [ 22.913275, 39.1314669 ], [ 22.9114345, 39.1577678 ], [ 22.901741, 39.169697 ], [ 22.8947664, 39.1675476 ], [ 22.8894643, 39.16962 ], [ 22.8880923, 39.1885248 ], [ 22.8794766, 39.1847952 ], [ 22.8715908, 39.185182 ], [ 22.8785364, 39.170244 ], [ 22.8733108, 39.1684389 ], [ 22.8722025, 39.1639524 ], [ 22.8635804, 39.1548387 ], [ 22.8577834, 39.154274699999988 ], [ 22.8509113, 39.1547066 ], [ 22.8484457, 39.168321 ], [ 22.8327207, 39.1876579 ], [ 22.8235877, 39.2060353 ], [ 22.8149225, 39.239486 ], [ 22.8163734, 39.2646041 ], [ 22.8221489, 39.2768292 ], [ 22.8304631, 39.2781386 ], [ 22.8403758, 39.2842238 ], [ 22.8506006, 39.2830646 ], [ 22.8577834, 39.2872937 ], [ 22.8598382, 39.2885035 ], [ 22.8665637, 39.2867264 ], [ 22.8772213, 39.292066 ], [ 22.8858611, 39.2885824 ], [ 22.8959361, 39.288202 ], [ 22.9045326, 39.2939993 ], [ 22.9164928, 39.2944798 ], [ 22.9359034, 39.2952596 ], [ 22.9447652, 39.3001844 ], [ 22.9368087, 39.3090115 ], [ 22.9362775, 39.3140259 ], [ 22.9281657, 39.3166237 ], [ 22.9257117, 39.3198838 ], [ 22.9329827, 39.3322514 ], [ 22.943047, 39.3427933 ], [ 22.9402378, 39.3476295 ], [ 22.9333452, 39.3465233 ], [ 22.9294863, 39.3482667 ], [ 22.9311314, 39.3582571 ], [ 22.9389251, 39.3587568 ], [ 22.9426829, 39.361232199999989 ], [ 22.9595898, 39.3511038 ], [ 22.9706372, 39.3478215 ], [ 22.985602, 39.3510635 ], [ 22.9924643, 39.3504905 ], [ 23.0020828, 39.3411373 ], [ 23.0111615, 39.3385708 ], [ 23.0170195, 39.3190827 ], [ 23.0209424, 39.3166206 ], [ 23.0462764, 39.3152898 ], [ 23.0561466, 39.3117333 ], [ 23.0711785, 39.315384 ], [ 23.0969065, 39.3085139 ], [ 23.1072979, 39.3093383 ], [ 23.1186417, 39.305248 ], [ 23.1267754, 39.2964822 ], [ 23.140039, 39.2903731 ], [ 23.1494932, 39.2809118 ], [ 23.156328, 39.2769781 ], [ 23.1592624, 39.2752891 ], [ 23.1797299, 39.2499435 ], [ 23.178548, 39.2303182 ], [ 23.1856617, 39.221437 ], [ 23.1904715, 39.2085855 ], [ 23.2069914, 39.1953396 ], [ 23.2165661, 39.1876613 ], [ 23.2204799, 39.175744 ], [ 23.2128768, 39.1597676 ], [ 23.213307, 39.149336 ], [ 23.2069914, 39.1465458 ], [ 23.2031277, 39.1448388 ], [ 23.1946994, 39.1489195 ], [ 23.188836, 39.1554748 ], [ 23.1804388, 39.1557252 ], [ 23.175035, 39.14917 ], [ 23.1750803, 39.1279409 ], [ 23.1614573, 39.1270109 ], [ 23.156328, 39.1281408 ], [ 23.1519594, 39.1291031 ], [ 23.1533061, 39.120765399999989 ], [ 23.1406531, 39.1193644 ], [ 23.1069747, 39.100353 ], [ 23.0979565, 39.0992604 ], [ 23.0967132, 39.1070483 ], [ 23.109365, 39.1193575 ], [ 23.1164836, 39.1333472 ], [ 23.1105545, 39.139824 ], [ 23.109111, 39.150425399999989 ], [ 23.1047286, 39.1523419 ], [ 23.0943598, 39.1446402 ], [ 23.0779166, 39.1446416 ], [ 23.0687443, 39.1369673 ], [ 23.065226, 39.117321 ], [ 23.0549699, 39.1054686 ], [ 23.0532902, 39.0971669 ], [ 23.0637352, 39.0919771 ], [ 23.075701, 39.0860312 ], [ 23.0980123, 39.0881688 ], [ 23.1211296, 39.0859598 ], [ 23.1276022, 39.0878467 ], [ 23.1328225, 39.0919771 ], [ 23.1356348, 39.0942022 ], [ 23.156328, 39.0929054 ], [ 23.1592889, 39.0927198 ], [ 23.1698024, 39.1003618 ], [ 23.1897942, 39.1028958 ], [ 23.2006127, 39.0986732 ], [ 23.2049505, 39.1028058 ], [ 23.2069914, 39.1036992 ], [ 23.2214353, 39.1100214 ], [ 23.2077032, 39.1194881 ], [ 23.2105388, 39.125218 ], [ 23.2169524, 39.129225 ], [ 23.2442432, 39.127018 ], [ 23.2608543, 39.1346622 ], [ 23.2707785, 39.1392288 ], [ 23.2843228, 39.1388527 ], [ 23.3034894, 39.1411276 ], [ 23.3215509, 39.150087899999988 ], [ 23.3327046, 39.1591249 ], [ 23.345063, 39.172788 ], [ 23.3500711, 39.1885889 ], [ 23.3336803, 39.2108635 ], [ 23.3307929, 39.2248513 ], [ 23.3172224, 39.2367355 ], [ 23.3150485, 39.2482921 ], [ 23.295129, 39.2626371 ], [ 23.2843228, 39.2741241 ], [ 23.2834983, 39.287621 ], [ 23.2755649, 39.2970634 ], [ 23.272955, 39.3160159 ], [ 23.2608543, 39.328821 ], [ 23.2563871, 39.3335477 ], [ 23.2344644, 39.3417053 ], [ 23.2214788, 39.3521869 ], [ 23.2126881, 39.3631077 ], [ 23.2075405, 39.3643035 ], [ 23.2069914, 39.365747 ], [ 23.2009705, 39.3815734 ], [ 23.1943617, 39.3852521 ], [ 23.1928448, 39.3916697 ], [ 23.1820402, 39.404416 ], [ 23.1689442, 39.4096773 ], [ 23.156328, 39.4252134 ], [ 23.1533952, 39.4288245 ], [ 23.1420351, 39.4385023 ], [ 23.1186816, 39.4583932 ], [ 23.0956846, 39.498447 ], [ 23.0556622, 39.5209456 ], [ 23.0498558, 39.5264238 ] ] ], [ [ [ 23.7263542, 39.1362854 ], [ 23.7211129, 39.1457276 ], [ 23.6925413, 39.1577846 ], [ 23.6809802, 39.1580879 ], [ 23.6616952, 39.1654427 ], [ 23.6372119, 39.1816344 ], [ 23.6358375, 39.1827908 ], [ 23.633266, 39.1916259 ], [ 23.6145097, 39.1975667 ], [ 23.6129418, 39.2066866 ], [ 23.6095836, 39.209847 ], [ 23.599132, 39.2096907 ], [ 23.5915274, 39.2056307 ], [ 23.5911634, 39.1959946 ], [ 23.601471, 39.1851378 ], [ 23.6084452, 39.1704056 ], [ 23.620237, 39.1619832 ], [ 23.6271795, 39.1458675 ], [ 23.6372119, 39.1406585 ], [ 23.6430355, 39.1371273 ], [ 23.6533092, 39.122854 ], [ 23.6524848, 39.1135058 ], [ 23.6618297, 39.1102601 ], [ 23.6555694, 39.1039818 ], [ 23.6578791, 39.0919771 ], [ 23.6571293, 39.0877091 ], [ 23.6593801, 39.0866893 ], [ 23.6766122, 39.0855311 ], [ 23.6988533, 39.0873018 ], [ 23.7071836, 39.0830904 ], [ 23.7110523, 39.0739154 ], [ 23.7216435, 39.0716043 ], [ 23.7317667, 39.0738519 ], [ 23.7469361, 39.0855232 ], [ 23.7690212, 39.0919771 ], [ 23.7834242, 39.1079657 ], [ 23.7918977, 39.1216544 ], [ 23.781496, 39.1298676 ], [ 23.7540713, 39.1301967 ], [ 23.7431193, 39.1290561 ], [ 23.738072, 39.1217306 ], [ 23.7314724, 39.1204346 ], [ 23.7238731, 39.1288907 ], [ 23.7263542, 39.1362854 ] ] ], [ [ [ 23.8682862, 39.1454926 ], [ 23.8784285, 39.1498833 ], [ 23.8822222, 39.1582574 ], [ 23.898902, 39.162777 ], [ 23.9037024, 39.1640776 ], [ 23.9023694, 39.1696658 ], [ 23.9196803, 39.1778037 ], [ 23.9220814, 39.1834108 ], [ 23.9258165, 39.192132 ], [ 23.9322676, 39.2071926 ], [ 23.9759334, 39.2548391 ], [ 23.9814448, 39.2649616 ], [ 23.9749572, 39.2708266 ], [ 23.9511447, 39.2739794 ], [ 23.9560728, 39.2829697 ], [ 23.9526106, 39.2911084 ], [ 23.9469657, 39.2876853 ], [ 23.9439314, 39.2817119 ], [ 23.9367587, 39.2765164 ], [ 23.9288151, 39.2615858 ], [ 23.9258165, 39.2592743 ], [ 23.9220814, 39.256395 ], [ 23.9183687, 39.2535328 ], [ 23.9111013, 39.2327065 ], [ 23.898902, 39.2260527 ], [ 23.8870514, 39.2195883 ], [ 23.876706, 39.2067304 ], [ 23.8699256, 39.2033458 ], [ 23.8747522, 39.1958449 ], [ 23.8725563, 39.1860688 ], [ 23.8773447, 39.1789823 ], [ 23.8762441, 39.1747807 ], [ 23.8675668, 39.1702331 ], [ 23.8584576, 39.1690587 ], [ 23.8497838, 39.1605871 ], [ 23.8337067, 39.1548121 ], [ 23.8296017, 39.1473871 ], [ 23.8314274, 39.1425156 ], [ 23.8420769, 39.1409313 ], [ 23.8509553, 39.1343755 ], [ 23.8557262, 39.1340483 ], [ 23.8651927, 39.1385815 ], [ 23.8682862, 39.1454926 ] ] ], [ [ [ 23.4801567, 39.2063978 ], [ 23.4669219, 39.2073841 ], [ 23.4652487, 39.2082518 ], [ 23.4592551, 39.2086046 ], [ 23.4583533, 39.2055868 ], [ 23.4520713, 39.1993422 ], [ 23.4482126, 39.198181 ], [ 23.4449399, 39.1989919 ], [ 23.441479, 39.1978695 ], [ 23.4433574, 39.191324 ], [ 23.4420863, 39.1881526 ], [ 23.4447497, 39.1851138 ], [ 23.4439497, 39.181611 ], [ 23.4386444, 39.1791058 ], [ 23.4287033, 39.1768975 ], [ 23.4274182, 39.1743658 ], [ 23.4231958, 39.1731207 ], [ 23.4168294, 39.1735204 ], [ 23.4120685, 39.1706913 ], [ 23.4092299, 39.1675543 ], [ 23.4035093, 39.1673751 ], [ 23.401579, 39.1700366 ], [ 23.3983976, 39.1691987 ], [ 23.3984549, 39.1652886 ], [ 23.3905565, 39.1622694 ], [ 23.3904762, 39.1594023 ], [ 23.3868306, 39.1570873 ], [ 23.3921095, 39.1523927 ], [ 23.391097, 39.1478583 ], [ 23.3921764, 39.1448391 ], [ 23.3896617, 39.1426762 ], [ 23.3929968, 39.1406696 ], [ 23.3997819, 39.1474242 ], [ 23.4052625, 39.149088 ], [ 23.4103757, 39.1451854 ], [ 23.410734, 39.1431977 ], [ 23.415759, 39.1392038 ], [ 23.4189444, 39.1403077 ], [ 23.4225236, 39.1379512 ], [ 23.4275116, 39.1365275 ], [ 23.4277571, 39.1379512 ], [ 23.43596, 39.1416063 ], [ 23.439362, 39.1419566 ], [ 23.4460363, 39.140791799999988 ], [ 23.4442547, 39.137814 ], [ 23.4467808, 39.135705 ], [ 23.4488599, 39.1298337 ], [ 23.4535849, 39.1287752 ], [ 23.455106, 39.129674 ], [ 23.4600516, 39.1275381 ], [ 23.4647386, 39.1300852 ], [ 23.4574894, 39.1405403 ], [ 23.463246, 39.143102399999989 ], [ 23.4644567, 39.1471727 ], [ 23.4669219, 39.1477986 ], [ 23.4759513, 39.1604564 ], [ 23.4804832, 39.1620706 ], [ 23.4876854, 39.159734199999988 ], [ 23.5002702, 39.1686508 ], [ 23.5024561, 39.1677158 ], [ 23.5012507, 39.1580986 ], [ 23.50598, 39.1580393 ], [ 23.5143775, 39.1724921 ], [ 23.5105316, 39.1863041 ], [ 23.5044562, 39.1922456 ], [ 23.4956946, 39.1933081 ], [ 23.4917605, 39.1999512 ], [ 23.4801567, 39.2063978 ] ] ], [ [ [ 24.0709747, 39.3684437 ], [ 24.0630946, 39.3645674 ], [ 24.0595884, 39.3576978 ], [ 24.0520133, 39.3525286 ], [ 24.0442534, 39.3371757 ], [ 24.0442534, 39.3347087 ], [ 24.0469318, 39.3327374 ], [ 24.0442534, 39.3266639 ], [ 24.042654, 39.3242246 ], [ 24.0402347, 39.3235201 ], [ 24.0422594, 39.3210079 ], [ 24.0419947, 39.3184926 ], [ 24.0442534, 39.318825 ], [ 24.0559224, 39.323421 ], [ 24.0661586, 39.3160654 ], [ 24.0655946, 39.3132829 ], [ 24.0553266, 39.3126189 ], [ 24.0487783, 39.3048347 ], [ 24.0514651, 39.3018528 ], [ 24.0620275, 39.299877 ], [ 24.0674924, 39.29412 ], [ 24.0860268, 39.3012766 ], [ 24.0958268, 39.3124169 ], [ 24.0935618, 39.3252119 ], [ 24.0982311, 39.3482785 ], [ 24.0927414, 39.3478382 ], [ 24.090127, 39.3551026 ], [ 24.0847731, 39.3520134 ], [ 24.0805376, 39.3547375 ], [ 24.0763869, 39.3537722 ], [ 24.0771836, 39.3662403 ], [ 24.0709747, 39.3684437 ] ] ], [ [ [ 23.9764097, 39.2363733 ], [ 23.9725779, 39.238554 ], [ 23.9678659, 39.2240545 ], [ 23.9634785, 39.2187868 ], [ 23.9682969, 39.2090042 ], [ 23.9776363, 39.1996205 ], [ 23.9772332, 39.1949082 ], [ 23.9728914, 39.1914708 ], [ 23.9440938, 39.1850953 ], [ 23.9397769, 39.1812898 ], [ 23.9430358, 39.1741888 ], [ 23.9503698, 39.1713074 ], [ 23.9541906, 39.1661988 ], [ 23.9659569, 39.1697096 ], [ 23.9693096, 39.1657781 ], [ 23.9825781, 39.1656663 ], [ 23.9870831, 39.1839783 ], [ 23.9843206, 39.188889 ], [ 23.9793529, 39.1912092 ], [ 23.9862242, 39.1961511 ], [ 23.9897344, 39.2074343 ], [ 23.9897344, 39.2122057 ], [ 23.9814148, 39.2099774 ], [ 23.9804658, 39.2279646 ], [ 23.9764097, 39.2363733 ] ] ], [ [ [ 24.1793443, 39.4096264 ], [ 24.1782918, 39.4120079 ], [ 24.1783415, 39.4199418 ], [ 24.1799178, 39.4232934 ], [ 24.1756657, 39.4276099 ], [ 24.1731227, 39.4259201 ], [ 24.1705091, 39.4214145 ], [ 24.1735213, 39.4201147 ], [ 24.1717958, 39.4169547 ], [ 24.1690922, 39.4160917 ], [ 24.1667052, 39.4125522 ], [ 24.1674395, 39.408311 ], [ 24.1625314, 39.4095882 ], [ 24.1581002, 39.4058839 ], [ 24.1590416, 39.4029922 ], [ 24.1565662, 39.3971628 ], [ 24.1603992, 39.3964691 ], [ 24.1598399, 39.39387 ], [ 24.1547793, 39.3930789 ], [ 24.1544395, 39.3907095 ], [ 24.1572774, 39.3889915 ], [ 24.1573925, 39.3845357 ], [ 24.1562173, 39.3826182 ], [ 24.1505552, 39.3802719 ], [ 24.1516248, 39.3777136 ], [ 24.1502406, 39.3761832 ], [ 24.1374037, 39.3705839 ], [ 24.1420783, 39.3684224 ], [ 24.1502406, 39.3692802 ], [ 24.1541884, 39.368344 ], [ 24.1549361, 39.3655535 ], [ 24.1533966, 39.3618606 ], [ 24.157402, 39.3604955 ], [ 24.1599368, 39.3615691 ], [ 24.1615914, 39.3677469 ], [ 24.1648952, 39.3713171 ], [ 24.1654722, 39.3749335 ], [ 24.1691479, 39.3772381 ], [ 24.1755826, 39.3782428 ], [ 24.1773626, 39.3839392 ], [ 24.1810205, 39.3855596 ], [ 24.1827787, 39.3883743 ], [ 24.1832311, 39.3926039 ], [ 24.1857121, 39.3944752 ], [ 24.1836166, 39.397405 ], [ 24.1863577, 39.40093 ], [ 24.1820404, 39.4013894 ], [ 24.1786848, 39.4042001 ], [ 24.1774599, 39.4085604 ], [ 24.1793443, 39.4096264 ] ] ], [ [ [ 24.1166147, 39.1043267 ], [ 24.1112659, 39.1026969 ], [ 24.1108044, 39.0996122 ], [ 24.1083237, 39.1003945 ], [ 24.1019765, 39.0952663 ], [ 24.0997518, 39.0915353 ], [ 24.1002985, 39.0884924 ], [ 24.1026522, 39.0861223 ], [ 24.105212, 39.0862016 ], [ 24.1029789, 39.0818674 ], [ 24.1045204, 39.0798652 ], [ 24.1029086, 39.0752723 ], [ 24.1080368, 39.0731526 ], [ 24.1094445, 39.0700714 ], [ 24.1135608, 39.0666226 ], [ 24.1082858, 39.065243 ], [ 24.1046444, 39.0628803 ], [ 24.1001153, 39.0566831 ], [ 24.1037166, 39.0561918 ], [ 24.1056, 39.0585757 ], [ 24.1080139, 39.058375 ], [ 24.1103895, 39.060688 ], [ 24.1119252, 39.0588191 ], [ 24.1155287, 39.058253 ], [ 24.1178755, 39.0613302 ], [ 24.1189759, 39.0596701 ], [ 24.1224938, 39.0600082 ], [ 24.1267716, 39.0657832 ], [ 24.126551, 39.0671197 ], [ 24.121487, 39.0664968 ], [ 24.1205564, 39.0686697 ], [ 24.1244941, 39.0717451 ], [ 24.1203752, 39.074252 ], [ 24.1172342, 39.0728638 ], [ 24.1145274, 39.0769668 ], [ 24.1171166, 39.0795311 ], [ 24.1160147, 39.0811036 ], [ 24.1187349, 39.083782 ], [ 24.1183854, 39.0875961 ], [ 24.1198573, 39.0905857 ], [ 24.117869, 39.0946165 ], [ 24.1157867, 39.0962422 ], [ 24.1196676, 39.0996122 ], [ 24.1166147, 39.1043267 ] ] ], [ [ [ 24.3254733, 39.3356233 ], [ 24.3274449, 39.34072 ], [ 24.3270981, 39.3435836 ], [ 24.3298704, 39.3468912 ], [ 24.3308126, 39.3506723 ], [ 24.3332672, 39.3520375 ], [ 24.3307018, 39.3532723 ], [ 24.3305224, 39.3555666 ], [ 24.3330111, 39.3588852 ], [ 24.3332637, 39.3623607 ], [ 24.3295539, 39.3688612 ], [ 24.3225175, 39.3683559 ], [ 24.3205886, 39.3660812 ], [ 24.3208678, 39.3606783 ], [ 24.3175797, 39.3592716 ], [ 24.3201892, 39.3555976 ], [ 24.3204663, 39.3507184 ], [ 24.3163258, 39.348348 ], [ 24.3158132, 39.343343 ], [ 24.3128193, 39.340525 ], [ 24.312047, 39.3375728 ], [ 24.316599, 39.3327482 ], [ 24.321629, 39.3325798 ], [ 24.3247527, 39.3312262 ], [ 24.3267964, 39.3339799 ], [ 24.3254733, 39.3356233 ] ] ], [ [ [ 23.0937545, 39.168059199999988 ], [ 23.0792892, 39.1658767 ], [ 23.0789931, 39.164188 ], [ 23.0742864, 39.1632553 ], [ 23.0719631, 39.1667408 ], [ 23.0682442, 39.1657815 ], [ 23.0669889, 39.1623682 ], [ 23.0706427, 39.1624528 ], [ 23.0717262, 39.1602207 ], [ 23.0698743, 39.1575798 ], [ 23.065619, 39.1571632 ], [ 23.0644036, 39.1538153 ], [ 23.0666313, 39.1519274 ], [ 23.0693393, 39.1526191 ], [ 23.0710189, 39.1511519 ], [ 23.0761113, 39.154171 ], [ 23.0779402, 39.1530399 ], [ 23.0822397, 39.1546524 ], [ 23.085668, 39.1587875 ], [ 23.0879933, 39.1574501 ], [ 23.0878881, 39.1616313 ], [ 23.0922737, 39.1643904 ], [ 23.0937545, 39.168059199999988 ] ] ], [ [ [ 23.503796, 39.1191815 ], [ 23.5036648, 39.1264621 ], [ 23.502057, 39.1291144 ], [ 23.4982095, 39.1308883 ], [ 23.4933777, 39.1279806 ], [ 23.4951416, 39.1253547 ], [ 23.4936496, 39.1227667 ], [ 23.4953661, 39.1208716 ], [ 23.4951227, 39.1179639 ], [ 23.4992161, 39.1147289 ], [ 23.5062168, 39.1159276 ], [ 23.503796, 39.1191815 ] ] ], [ [ [ 23.98288, 39.1079854 ], [ 23.9823587, 39.1155145 ], [ 23.9836244, 39.1175347 ], [ 23.9814389, 39.121757 ], [ 23.9791717, 39.1226124 ], [ 23.9790696, 39.1173612 ], [ 23.9772735, 39.1159215 ], [ 23.9783192, 39.1136233 ], [ 23.9726355, 39.1117503 ], [ 23.976025, 39.1048106 ], [ 23.9802428, 39.1046495 ], [ 23.9814389, 39.1059242 ], [ 23.98288, 39.1079854 ] ] ], [ [ [ 24.1427435, 39.3437143 ], [ 24.1372609, 39.3472634 ], [ 24.1313041, 39.3485366 ], [ 24.1331574, 39.3446587 ], [ 24.1316004, 39.3439549 ], [ 24.1341745, 39.3391891 ], [ 24.1395363, 39.3368988 ], [ 24.143332, 39.3381876 ], [ 24.1427435, 39.3437143 ] ] ], [ [ [ 24.182382, 39.4994946 ], [ 24.1836232, 39.5049519 ], [ 24.180511, 39.5044278 ], [ 24.1765493, 39.5013734 ], [ 24.1743034, 39.4966308 ], [ 24.1749031, 39.4942001 ], [ 24.1807338, 39.4926711 ], [ 24.1850032, 39.499252 ], [ 24.182382, 39.4994946 ] ] ], [ [ [ 24.0023994, 39.2272882 ], [ 24.0014464, 39.2319203 ], [ 23.9994267, 39.2343522 ], [ 24.0002995, 39.2364341 ], [ 23.9970914, 39.2368027 ], [ 23.9977129, 39.2327083 ], [ 23.9945206, 39.2291315 ], [ 23.9946183, 39.2260647 ], [ 23.9974049, 39.2232606 ], [ 24.005553, 39.2258401 ], [ 24.0023994, 39.2272882 ] ] ], [ [ [ 23.8052569, 39.1381498 ], [ 23.8017069, 39.139127 ], [ 23.800874, 39.1370608 ], [ 23.796011, 39.13232 ], [ 23.8031539, 39.1310824 ], [ 23.8058075, 39.1351551 ], [ 23.8052569, 39.1381498 ] ] ], [ [ [ 23.5184518, 39.1541508 ], [ 23.5165478, 39.1553096 ], [ 23.5131902, 39.1527173 ], [ 23.5159364, 39.15055 ], [ 23.5162845, 39.1482141 ], [ 23.5193334, 39.145331899999988 ], [ 23.5224302, 39.1474424 ], [ 23.5184518, 39.1541508 ] ] ], [ [ [ 23.9914912, 39.1291763 ], [ 23.9855561, 39.1285666 ], [ 23.9835233, 39.1259674 ], [ 23.9882721, 39.1221099 ], [ 23.9913585, 39.1243594 ], [ 23.9914912, 39.1291763 ] ] ], [ [ [ 23.6393489, 39.1187307 ], [ 23.6372119, 39.1193055 ], [ 23.6349522, 39.1199133 ], [ 23.6330021, 39.1178135 ], [ 23.633379, 39.115315 ], [ 23.6372119, 39.1145237 ], [ 23.6405742, 39.113829599999988 ], [ 23.6423169, 39.1148383 ], [ 23.6393489, 39.1187307 ] ] ], [ [ [ 23.2090217, 39.167337 ], [ 23.2069996, 39.1686465 ], [ 23.2031901, 39.1598626 ], [ 23.2069996, 39.1585123 ], [ 23.209292, 39.1639476 ], [ 23.2090217, 39.167337 ] ] ], [ [ [ 24.0940922, 39.1062442 ], [ 24.0947032, 39.1017345 ], [ 24.1000292, 39.099711 ], [ 24.1033918, 39.1017514 ], [ 24.1038107, 39.103739399999988 ], [ 24.0995091, 39.102511 ], [ 24.0993208, 39.1051454 ], [ 24.0940922, 39.1062442 ] ] ], [ [ [ 24.0961373, 39.0740821 ], [ 24.0921896, 39.0716909 ], [ 24.0917772, 39.0690163 ], [ 24.0956884, 39.0693897 ], [ 24.0963972, 39.0713961 ], [ 24.099218, 39.0707369 ], [ 24.1005115, 39.0740503 ], [ 24.0961373, 39.0740821 ] ] ], [ [ [ 23.0643192, 39.0107142 ], [ 23.0593805, 39.0094562 ], [ 23.0601187, 39.0084619 ], [ 23.0671142, 39.0062051 ], [ 23.0687731, 39.0089439 ], [ 23.0643192, 39.0107142 ] ] ], [ [ [ 24.0837923, 39.0505162 ], [ 24.0825599, 39.0527721 ], [ 24.0802189, 39.0506631 ], [ 24.0801967, 39.0476416 ], [ 24.0774007, 39.0458871 ], [ 24.0807644, 39.0450642 ], [ 24.0829318, 39.0470527 ], [ 24.0837923, 39.0505162 ] ] ], [ [ [ 24.0386424, 39.315959 ], [ 24.0344262, 39.3126012 ], [ 24.0384051, 39.3107548 ], [ 24.0416819, 39.3157263 ], [ 24.0386424, 39.315959 ] ] ], [ [ [ 23.522238, 39.1738095 ], [ 23.5182385, 39.1728764 ], [ 23.5188761, 39.1683803 ], [ 23.5235833, 39.1711352 ], [ 23.522238, 39.1738095 ] ] ], [ [ [ 23.1972957, 39.1565695 ], [ 23.1957893, 39.1526664 ], [ 23.1994397, 39.1524957 ], [ 23.2023056, 39.1560017 ], [ 23.1972957, 39.1565695 ] ] ], [ [ [ 23.071855, 39.0120607 ], [ 23.0699835, 39.0092053 ], [ 23.0760228, 39.0086723 ], [ 23.0762781, 39.011610399999988 ], [ 23.071855, 39.0120607 ] ] ], [ [ [ 24.0635068, 39.0377181 ], [ 24.0618443, 39.0378386 ], [ 24.0588809, 39.0346804 ], [ 24.0600598, 39.0326468 ], [ 24.0636206, 39.034188 ], [ 24.0635068, 39.0377181 ] ] ], [ [ [ 23.4821891, 39.127375 ], [ 23.4779995, 39.1255893 ], [ 23.4823019, 39.1232735 ], [ 23.4856505, 39.1248882 ], [ 23.4821891, 39.127375 ] ] ], [ [ [ 23.8119134, 39.1431299 ], [ 23.8079782, 39.1422127 ], [ 23.8065273, 39.1399762 ], [ 23.8076078, 39.1378642 ], [ 23.8123503, 39.1415644 ], [ 23.8119134, 39.1431299 ] ] ], [ [ [ 23.5011257, 39.1534167 ], [ 23.4963496, 39.1500175 ], [ 23.4999821, 39.148496699999988 ], [ 23.502589, 39.1495 ], [ 23.5011257, 39.1534167 ] ] ], [ [ [ 23.1076388, 39.1600612 ], [ 23.1034779, 39.1582619 ], [ 23.1047169, 39.154946699999989 ], [ 23.1080535, 39.1555634 ], [ 23.1076388, 39.1600612 ] ] ], [ [ [ 22.9018701, 39.1773342 ], [ 22.898781, 39.1757321 ], [ 22.8994398, 39.1719054 ], [ 22.9030763, 39.1724566 ], [ 22.9018701, 39.1773342 ] ] ], [ [ [ 23.0519841, 39.1815885 ], [ 23.0495294, 39.1799652 ], [ 23.0520883, 39.1760231 ], [ 23.0551812, 39.1782602 ], [ 23.0519841, 39.1815885 ] ] ], [ [ [ 23.8610802, 39.2038396 ], [ 23.8588255, 39.2026932 ], [ 23.8625321, 39.1992838 ], [ 23.8658861, 39.2020735 ], [ 23.8610802, 39.2038396 ] ] ], [ [ [ 24.1237387, 39.3538482 ], [ 24.1211258, 39.3557998 ], [ 24.1180134, 39.3539904 ], [ 24.1193473, 39.3516972 ], [ 24.1232617, 39.3519162 ], [ 24.1237387, 39.3538482 ] ] ] ] } },
{ "type": "Feature", "properties": { "LEVL_CODE": 3.0, "MOUNT_TYPE": 2.0, "CNTR_CODE": "EL", "SVRG_UN": "UN Member State", "NAME_ENGL": "Greece", "NAME_LATN": "Irakleio", "NUTS_NAME": "Ηράκλειο", "URBN_TYPE": 2.0, "NUTS_ID": "EL431", "CAPT": "Athens", "COAST_TYPE": 1.0, "ISO3_CODE": "GRC", "NAME_FREN": "Grèce", "EU_STAT": "T", "NAME_GERM": "Griechenland", "EFTA_STAT": "F", "CC_STAT": "F", "geo": "EL431" }, "geometry": { "type": "MultiPolygon", "coordinates": [ [ [ [ 24.9632854, 35.4092018 ], [ 24.9581205, 35.4043383 ], [ 24.9538698, 35.4035158 ], [ 24.9386771, 35.407595199999989 ], [ 24.930344, 35.4052306 ], [ 24.9280035, 35.40691 ], [ 24.9262604, 35.4008464 ], [ 24.9297716, 35.3849017 ], [ 24.9239299, 35.373755 ], [ 24.9082034, 35.376339099999988 ], [ 24.8955827, 35.3818889 ], [ 24.8848845, 35.3742014 ], [ 24.8890269, 35.3638341 ], [ 24.8898994, 35.3485884 ], [ 24.9030496, 35.3307148 ], [ 24.8898229, 35.3226844 ], [ 24.8780112, 35.3229018 ], [ 24.873824, 35.317352 ], [ 24.8806886, 35.3125978 ], [ 24.8945626, 35.3092246 ], [ 24.9060673, 35.3006676 ], [ 24.9165891, 35.3010272 ], [ 24.9232454, 35.2947675 ], [ 24.9186887, 35.2803283 ], [ 24.9113909, 35.2698175 ], [ 24.9213979, 35.2561299 ], [ 24.9233094, 35.2492124 ], [ 24.9038401, 35.2251856 ], [ 24.9029655, 35.2162914 ], [ 24.9022265, 35.208775 ], [ 24.9031895, 35.2022165 ], [ 24.9030145, 35.199846 ], [ 24.9035325, 35.195004499999989 ], [ 24.8878819, 35.1801926 ], [ 24.8782318, 35.1748224 ], [ 24.8565295, 35.1844773 ], [ 24.8294535, 35.1807749 ], [ 24.8245558, 35.1868152 ], [ 24.8239164, 35.199336699999989 ], [ 24.8135818, 35.216291399999989 ], [ 24.8151285, 35.219182 ], [ 24.809115, 35.2210205 ], [ 24.8005165, 35.223197 ], [ 24.7966345, 35.223969 ], [ 24.7936485, 35.2216075 ], [ 24.7947006, 35.2162914 ], [ 24.8010679, 35.1841103 ], [ 24.7918862, 35.1692153 ], [ 24.7925474, 35.1561148 ], [ 24.7882734, 35.140618 ], [ 24.790025, 35.1233914 ], [ 24.7835926, 35.1202617 ], [ 24.7698213, 35.1249518 ], [ 24.7615754, 35.1190097 ], [ 24.7381718, 35.1161093 ], [ 24.7340576, 35.1131044 ], [ 24.7232545, 35.111173 ], [ 24.722517, 35.0925445 ], [ 24.7385868, 35.0821357 ], [ 24.743472, 35.0760913 ], [ 24.7522408, 35.0568411 ], [ 24.7601449, 35.0211744 ], [ 24.7595879, 35.008658 ], [ 24.7484687, 35.0046862 ], [ 24.7463032, 34.9999707 ], [ 24.7484998, 34.9945865 ], [ 24.7453787, 34.9900054 ], [ 24.7500312, 34.9849222 ], [ 24.7503422, 34.9709151 ], [ 24.7460001, 34.9642073 ], [ 24.7515384, 34.9565982 ], [ 24.7492094, 34.9516577 ], [ 24.7519559, 34.9492757 ], [ 24.7489549, 34.9472802 ], [ 24.7475714, 34.9398332 ], [ 24.7325684, 34.9316086 ], [ 24.7322124, 34.9232031 ], [ 24.7374654, 34.9224252 ], [ 24.7471329, 34.9253299 ], [ 24.7573102, 34.9229291 ], [ 24.7594048, 34.9259992 ], [ 24.7661653, 34.9251973 ], [ 24.7708269, 34.9289135 ], [ 24.7749678, 34.9229389 ], [ 24.7935884, 34.9241854 ], [ 24.8026243, 34.926835 ], [ 24.8028588, 34.9301969 ], [ 24.8111617, 34.9364451 ], [ 24.8401137, 34.9407709 ], [ 24.8585489, 34.938272499999989 ], [ 24.8780801, 34.9356255 ], [ 24.8919039, 34.9294173 ], [ 24.895687, 34.930786 ], [ 24.9055525, 34.9316162 ], [ 24.9194771, 34.9260627 ], [ 24.9244672, 34.9300093 ], [ 24.9512195, 34.9330075 ], [ 24.9572996, 34.9264347 ], [ 24.9645734, 34.9258874 ], [ 24.9675959, 34.9320482 ], [ 24.9832763, 34.9339563 ], [ 25.0035259, 34.932618 ], [ 25.0148791, 34.9290029 ], [ 25.0208642, 34.9354171 ], [ 25.0293047, 34.9328758 ], [ 25.0390289, 34.9403145 ], [ 25.0450677, 34.9419715 ], [ 25.055172, 34.9385922 ], [ 25.057752, 34.9410193 ], [ 25.0775342, 34.9368728 ], [ 25.0904731, 34.938079 ], [ 25.0958531, 34.9335542 ], [ 25.104046, 34.935688 ], [ 25.1187535, 34.9464377 ], [ 25.1387321, 34.952906299999988 ], [ 25.1626598, 34.955137 ], [ 25.1746094, 34.952455 ], [ 25.1844313, 34.9532604 ], [ 25.1877877, 34.9479162 ], [ 25.1928082, 34.9463238 ], [ 25.2419407, 34.9591214 ], [ 25.2473043, 34.9578634 ], [ 25.2587966, 34.9657789 ], [ 25.270211, 34.9680597 ], [ 25.2798072, 34.9828124 ], [ 25.285389, 34.9845585 ], [ 25.2955406, 34.9858555 ], [ 25.30928, 34.982544 ], [ 25.3289439, 34.9827068 ], [ 25.3530848, 34.9907502 ], [ 25.3727474, 34.9973009 ], [ 25.3938668, 34.9956436 ], [ 25.4146282, 34.9878338 ], [ 25.4168076, 34.9870139 ], [ 25.4566026, 34.9902426 ], [ 25.4999663, 34.9822626 ], [ 25.5238232, 34.990507 ], [ 25.5290208, 34.9900637 ], [ 25.5432934, 34.9888463 ], [ 25.550568, 34.990757 ], [ 25.5471343, 34.9997339 ], [ 25.549247, 35.0099537 ], [ 25.5464054, 35.0188533 ], [ 25.5301641, 35.0264386 ], [ 25.5290208, 35.0290909 ], [ 25.5257725, 35.0366265 ], [ 25.5070242, 35.0382324 ], [ 25.4978586, 35.042701 ], [ 25.4987163, 35.0504848 ], [ 25.508339, 35.0556748 ], [ 25.5182023, 35.0655968 ], [ 25.5006442, 35.080045 ], [ 25.4721145, 35.088319 ], [ 25.46348, 35.0930178 ], [ 25.4472306, 35.1102744 ], [ 25.4344989, 35.1102842 ], [ 25.4210509, 35.1154883 ], [ 25.4230635, 35.127542399999989 ], [ 25.42063, 35.130346 ], [ 25.4146282, 35.1330757 ], [ 25.4099244, 35.1352149 ], [ 25.4119922, 35.1553087 ], [ 25.4076063, 35.1565145 ], [ 25.3994392, 35.1675139 ], [ 25.4146282, 35.182729 ], [ 25.41792, 35.1860261 ], [ 25.4146282, 35.1918936 ], [ 25.41331, 35.1942431 ], [ 25.41267, 35.204943 ], [ 25.4146282, 35.2058541 ], [ 25.4239509, 35.2101919 ], [ 25.4394907, 35.2019859 ], [ 25.4511995, 35.2015194 ], [ 25.4680626, 35.2108794 ], [ 25.4712178, 35.2148477 ], [ 25.4794076, 35.2251472 ], [ 25.4942886, 35.2284927 ], [ 25.511985, 35.227594499999988 ], [ 25.510135, 35.2324521 ], [ 25.4987915, 35.2414586 ], [ 25.4943705, 35.2482296 ], [ 25.4964821, 35.2620957 ], [ 25.5052765, 35.2729969 ], [ 25.5020552, 35.2863334 ], [ 25.491871, 35.2889673 ], [ 25.490698, 35.298332 ], [ 25.4599047, 35.2955331 ], [ 25.4518875, 35.2928421 ], [ 25.4311406, 35.2943047 ], [ 25.4252359, 35.2973342 ], [ 25.4206794, 35.3048499 ], [ 25.4146282, 35.3064993 ], [ 25.408475, 35.3081765 ], [ 25.3949761, 35.3169798 ], [ 25.3938668, 35.3210673 ], [ 25.3930579, 35.3240476 ], [ 25.3892504, 35.3254428 ], [ 25.3844082, 35.337673099999989 ], [ 25.3734362, 35.3397916 ], [ 25.3530848, 35.3381934 ], [ 25.3200421, 35.3355985 ], [ 25.2775618, 35.3356665 ], [ 25.2660678, 35.3327226 ], [ 25.2419407, 35.3316921 ], [ 25.2349803, 35.3313948 ], [ 25.2237674, 35.3346745 ], [ 25.1992495, 35.332588 ], [ 25.1929528, 35.3344046 ], [ 25.1914427, 35.3403896 ], [ 25.1831512, 35.3453127 ], [ 25.156397, 35.3460623 ], [ 25.150713, 35.3428732 ], [ 25.1357957, 35.3439833 ], [ 25.100874, 35.3388975 ], [ 25.0671845, 35.339424 ], [ 25.0467405, 35.3452436 ], [ 25.0399506, 35.3596259 ], [ 25.0376465, 35.37292 ], [ 25.0381012, 35.3820099 ], [ 25.0481692, 35.3927002 ], [ 25.043672, 35.3971776 ], [ 25.0448747, 35.4027841 ], [ 25.0429973, 35.404091 ], [ 25.0409427, 35.400775 ], [ 25.0278742, 35.399709 ], [ 25.0205192, 35.4038834 ], [ 25.0179782, 35.4199806 ], [ 25.0020891, 35.420794 ], [ 24.9904971, 35.4141531 ], [ 24.9704155, 35.4274417 ], [ 24.9632854, 35.4092018 ] ] ], [ [ [ 25.2466775, 35.448169 ], [ 25.2478299, 35.4509702 ], [ 25.241946, 35.4515971 ], [ 25.2156815, 35.4657618 ], [ 25.2107307, 35.4630375 ], [ 25.2087953, 35.4565851 ], [ 25.1868256, 35.4480913 ], [ 25.1840271, 35.4433941 ], [ 25.1867482, 35.4410571 ], [ 25.1926512, 35.4435992 ], [ 25.199553, 35.437628 ], [ 25.2058981, 35.439534 ], [ 25.2108549, 35.4346457 ], [ 25.2179566, 35.4381688 ], [ 25.2269741, 35.4306169 ], [ 25.2322096, 35.4333302 ], [ 25.2371198, 35.4283388 ], [ 25.2387119, 35.4286945 ], [ 25.241946, 35.44734 ], [ 25.2466775, 35.448169 ] ] ], [ [ [ 24.8009843, 34.9250456 ], [ 24.7963505, 34.9224836 ], [ 24.8003388, 34.9206244 ], [ 24.8040637, 34.9240623 ], [ 24.8009843, 34.9250456 ] ] ] ] } },
{ "type": "Feature", "properties": { "LEVL_CODE": 3.0, "MOUNT_TYPE": 3.0, "CNTR_CODE": "EL", "SVRG_UN": "UN Member State", "NAME_ENGL": "Greece", "NAME_LATN": "Thesprotia", "NUTS_NAME": "Θεσπρωτία", "URBN_TYPE": 3.0, "NUTS_ID": "EL542", "CAPT": "Athens", "COAST_TYPE": 1.0, "ISO3_CODE": "GRC", "NAME_FREN": "Grèce", "EU_STAT": "T", "NAME_GERM": "Griechenland", "EFTA_STAT": "F", "CC_STAT": "F", "geo": "EL542" }, "geometry": { "type": "MultiPolygon", "coordinates": [ [ [ [ 20.3476986, 39.8037791 ], [ 20.3247869, 39.8083023 ], [ 20.3172829, 39.8097836 ], [ 20.3056107, 39.8155811 ], [ 20.302345, 39.812743 ], [ 20.2900916, 39.8033292 ], [ 20.3045429, 39.7863661 ], [ 20.3066683, 39.7804303 ], [ 20.3029674, 39.7743006 ], [ 20.293358, 39.7675258 ], [ 20.2924389, 39.7637969 ], [ 20.2970699, 39.7564166 ], [ 20.3046622, 39.7508755 ], [ 20.3070325, 39.7441168 ], [ 20.3196547, 39.736561 ], [ 20.3219644, 39.7321675 ], [ 20.320448, 39.7284804 ], [ 20.3112302, 39.7248377 ], [ 20.3032845, 39.71683 ], [ 20.2846238, 39.7116679 ], [ 20.2766156, 39.7000682 ], [ 20.2665359, 39.6942452 ], [ 20.2637008, 39.6722288 ], [ 20.2536865, 39.675955 ], [ 20.2450694, 39.6828825 ], [ 20.2313305, 39.6839582 ], [ 20.2298261, 39.6768033 ], [ 20.2188491, 39.6651379 ], [ 20.2273062, 39.6520714 ], [ 20.2253174, 39.647967 ], [ 20.2079927, 39.6463174 ], [ 20.1936177, 39.6449486 ], [ 20.1801228, 39.6489793 ], [ 20.172488, 39.648844 ], [ 20.1514355, 39.6553144 ], [ 20.1378945, 39.6545572 ], [ 20.1252582, 39.6571611 ], [ 20.0993677, 39.6709672 ], [ 20.089323, 39.6819317 ], [ 20.0853032, 39.6815845 ], [ 20.0779692, 39.6809509 ], [ 20.0716966, 39.6851181 ], [ 20.0662377, 39.6887445 ], [ 20.0472846, 39.6931333 ], [ 20.0374266, 39.691938 ], [ 20.0314676, 39.7001286 ], [ 20.0088125, 39.691292 ], [ 20.0168918, 39.6907487 ], [ 20.0151311, 39.6836848 ], [ 20.0241337, 39.6799237 ], [ 20.0455334, 39.6834731 ], [ 20.0594624, 39.6820493 ], [ 20.066459, 39.6740758 ], [ 20.0853032, 39.6674894 ], [ 20.097721, 39.6631488 ], [ 20.0977046, 39.6613332 ], [ 20.0916615, 39.6600898 ], [ 20.0981677, 39.6536987 ], [ 20.1064602, 39.6581368 ], [ 20.1131776, 39.6583942 ], [ 20.1351435, 39.6449968 ], [ 20.141505, 39.6386507 ], [ 20.1625043, 39.6370091 ], [ 20.1818108, 39.6247642 ], [ 20.1848156, 39.6201658 ], [ 20.1844987, 39.608489299999988 ], [ 20.1700515, 39.5928821 ], [ 20.1619748, 39.5891449 ], [ 20.1723543, 39.5782033 ], [ 20.161241, 39.5540259 ], [ 20.1570109, 39.5535387 ], [ 20.1537882, 39.5576676 ], [ 20.1509942, 39.5574821 ], [ 20.1506936, 39.5491296 ], [ 20.1379132, 39.530508 ], [ 20.14221, 39.527027 ], [ 20.1680461, 39.5348531 ], [ 20.1951127, 39.5239853 ], [ 20.2061894, 39.5171729 ], [ 20.2079927, 39.5169882 ], [ 20.2214814, 39.5156067 ], [ 20.2360892, 39.518577 ], [ 20.2604516, 39.5094717 ], [ 20.2632906, 39.4983905 ], [ 20.2567835, 39.4850564 ], [ 20.2266686, 39.494335 ], [ 20.218518, 39.4920904 ], [ 20.2163096, 39.489125 ], [ 20.2294602, 39.4773374 ], [ 20.2353501, 39.4720573 ], [ 20.2439829, 39.469946 ], [ 20.2721005, 39.4546901 ], [ 20.2744688, 39.4481465 ], [ 20.2672983, 39.4443624 ], [ 20.217768, 39.4440326 ], [ 20.2357754, 39.4091586 ], [ 20.2257127, 39.4085947 ], [ 20.2211072, 39.4053433 ], [ 20.212738, 39.4040049 ], [ 20.2190187, 39.3999555 ], [ 20.2284778, 39.4002366 ], [ 20.2328128, 39.3957949 ], [ 20.2357495, 39.3981126 ], [ 20.2333001, 39.4006053 ], [ 20.2365318, 39.4014492 ], [ 20.2554468, 39.397495299999989 ], [ 20.2704707, 39.3895382 ], [ 20.2800372, 39.3791224 ], [ 20.2772856, 39.3649398 ], [ 20.2867627, 39.3567347 ], [ 20.2828685, 39.349254099999989 ], [ 20.2876121, 39.3281941 ], [ 20.3006785, 39.315735 ], [ 20.3202927, 39.3364438 ], [ 20.3247869, 39.3395131 ], [ 20.3359464, 39.3471339 ], [ 20.3606716, 39.3560178 ], [ 20.369283, 39.3565069 ], [ 20.3763756, 39.3532184 ], [ 20.3908849, 39.3405155 ], [ 20.3953283, 39.3299676 ], [ 20.406913, 39.3183225 ], [ 20.4183553, 39.3118327 ], [ 20.434584, 39.3134023 ], [ 20.4450757, 39.3095105 ], [ 20.4504177, 39.3026175 ], [ 20.4468799, 39.2968682 ], [ 20.464247, 39.273102 ], [ 20.4682503, 39.2793414 ], [ 20.4778215, 39.2748415 ], [ 20.4832808, 39.2800594 ], [ 20.5070523, 39.2865415 ], [ 20.5224317, 39.302975 ], [ 20.5243019, 39.3029741 ], [ 20.5338683, 39.2947525 ], [ 20.5451464, 39.2918355 ], [ 20.549153, 39.2931774 ], [ 20.5450381, 39.3073873 ], [ 20.5479985, 39.31076 ], [ 20.5552279, 39.3147143 ], [ 20.5644935, 39.3138252 ], [ 20.5796521, 39.3032351 ], [ 20.5937117, 39.3087014 ], [ 20.6095188, 39.3267922 ], [ 20.6267073, 39.3277317 ], [ 20.6398885, 39.333354 ], [ 20.6629021, 39.3034729 ], [ 20.680453, 39.288344 ], [ 20.682688, 39.2988311 ], [ 20.6798733, 39.3134117 ], [ 20.681221, 39.3280191 ], [ 20.6770966, 39.3360656 ], [ 20.667966, 39.3409506 ], [ 20.6671847, 39.3535363 ], [ 20.6637858, 39.3574941 ], [ 20.6653353, 39.3630829 ], [ 20.6601093, 39.3724392 ], [ 20.6613965, 39.3812904 ], [ 20.6624112, 39.3882665 ], [ 20.6542542, 39.3970341 ], [ 20.6523489, 39.405906 ], [ 20.6456727, 39.4149688 ], [ 20.6499887, 39.4240154 ], [ 20.633501, 39.4513379 ], [ 20.6405031, 39.4642737 ], [ 20.6244716, 39.4720544 ], [ 20.6220684, 39.4773374 ], [ 20.6147845, 39.4933475 ], [ 20.6171202, 39.5180118 ], [ 20.6218026, 39.5346531 ], [ 20.6200645, 39.5448649 ], [ 20.6136719, 39.5462819 ], [ 20.5948775, 39.5346487 ], [ 20.5887696, 39.5332423 ], [ 20.5720165, 39.5392665 ], [ 20.5596418, 39.5379317 ], [ 20.5447083, 39.5408592 ], [ 20.5385726, 39.5468363 ], [ 20.5381516, 39.5547257 ], [ 20.5338683, 39.5570005 ], [ 20.5271662, 39.561881 ], [ 20.5224317, 39.5618033 ], [ 20.5035784, 39.5614937 ], [ 20.4981453, 39.5637335 ], [ 20.5001876, 39.5696408 ], [ 20.5084975, 39.576644 ], [ 20.5087827, 39.5782033 ], [ 20.5101265, 39.5855523 ], [ 20.5053463, 39.6000326 ], [ 20.5078288, 39.6073166 ], [ 20.5054759, 39.626976 ], [ 20.4982195, 39.6394239 ], [ 20.5076715, 39.6512845 ], [ 20.5093313, 39.6527155 ], [ 20.5136726, 39.6471464 ], [ 20.5273848, 39.6532649 ], [ 20.5209715, 39.6598571 ], [ 20.5280787, 39.6649264 ], [ 20.5289139, 39.6687214 ], [ 20.5175791, 39.6784694 ], [ 20.5081652, 39.6912565 ], [ 20.4995837, 39.707818 ], [ 20.5009777, 39.7214481 ], [ 20.4840588, 39.7232622 ], [ 20.4791011, 39.7271644 ], [ 20.4827353, 39.7324952 ], [ 20.4862021, 39.751600599999989 ], [ 20.491152, 39.7574135 ], [ 20.484739, 39.7630505 ], [ 20.4604671, 39.7671853 ], [ 20.4422597, 39.7655107 ], [ 20.433602, 39.770867 ], [ 20.4233619, 39.7835113 ], [ 20.4092195, 39.7842626 ], [ 20.4021898, 39.788403699999989 ], [ 20.391308, 39.7884835 ], [ 20.3815457, 39.7852477 ], [ 20.3740615, 39.785829 ], [ 20.3476986, 39.8037791 ] ] ], [ [ [ 20.1890403, 39.5206874 ], [ 20.1842641, 39.5210941 ], [ 20.1803176, 39.5250151 ], [ 20.175393, 39.5188714 ], [ 20.1683085, 39.5225789 ], [ 20.1633507, 39.5209944 ], [ 20.1693683, 39.5178945 ], [ 20.1731941, 39.5135294 ], [ 20.1803176, 39.5149694 ], [ 20.1894339, 39.5193528 ], [ 20.1890403, 39.5206874 ] ] ], [ [ [ 20.2079179, 39.4504795 ], [ 20.2064034, 39.4490352 ], [ 20.2079179, 39.447443899999989 ], [ 20.2104491, 39.445865399999988 ], [ 20.2131654, 39.4483713 ], [ 20.2079179, 39.4504795 ] ] ], [ [ [ 20.1567795, 39.5107012 ], [ 20.1518646, 39.5102607 ], [ 20.1553325, 39.5072177 ], [ 20.1601245, 39.5086318 ], [ 20.1567795, 39.5107012 ] ] ], [ [ [ 20.150134, 39.562882 ], [ 20.1458922, 39.562414 ], [ 20.1453635, 39.560447 ], [ 20.1473559, 39.5580597 ], [ 20.1495638, 39.5594552 ], [ 20.150134, 39.562882 ] ] ] ] } },
{ "type": "Feature", "properties": { "LEVL_CODE": 3.0, "MOUNT_TYPE": 3.0, "CNTR_CODE": "EL", "SVRG_UN": "UN Member State", "NAME_ENGL": "Greece", "NAME_LATN": "Ioannina", "NUTS_NAME": "Ιωάννινα", "URBN_TYPE": 2.0, "NUTS_ID": "EL543", "CAPT": "Athens", "COAST_TYPE": 3.0, "ISO3_CODE": "GRC", "NAME_FREN": "Grèce", "EU_STAT": "T", "NAME_GERM": "Griechenland", "EFTA_STAT": "F", "CC_STAT": "F", "geo": "EL543" }, "geometry": { "type": "MultiPolygon", "coordinates": [ [ [ [ 20.8684283, 40.3758618 ], [ 20.8559753, 40.3744175 ], [ 20.8477566, 40.3608316 ], [ 20.8444609, 40.3442361 ], [ 20.8406257, 40.3412671 ], [ 20.8159387, 40.336691 ], [ 20.792499, 40.3412439 ], [ 20.7894524, 40.3418357 ], [ 20.778501, 40.348789 ], [ 20.7737788, 40.3467165 ], [ 20.7657011, 40.3431713 ], [ 20.7595228, 40.3349641 ], [ 20.758184, 40.3307455 ], [ 20.7631102, 40.3214733 ], [ 20.7542353, 40.314806 ], [ 20.7353078, 40.3086455 ], [ 20.7300008, 40.2955509 ], [ 20.7141402, 40.2827603 ], [ 20.7101868, 40.2747115 ], [ 20.709525, 40.2627063 ], [ 20.7211508, 40.2520818 ], [ 20.7208523, 40.2357419 ], [ 20.7241105, 40.2235477 ], [ 20.7069884, 40.1997579 ], [ 20.6786054, 40.1887965 ], [ 20.6803466, 40.1831192 ], [ 20.6778527, 40.1738056 ], [ 20.6755913, 40.1653592 ], [ 20.6933912, 40.151805 ], [ 20.6836499, 40.1404963 ], [ 20.6763844, 40.1262428 ], [ 20.6791239, 40.1104678 ], [ 20.6778005, 40.0970474 ], [ 20.6666275, 40.0964503 ], [ 20.6513524, 40.0909028 ], [ 20.6245915, 40.0895587 ], [ 20.6128765, 40.0796535 ], [ 20.599812, 40.0713143 ], [ 20.550917, 40.063832 ], [ 20.5338683, 40.0722444 ], [ 20.5111854, 40.0821842 ], [ 20.4961021, 40.066675 ], [ 20.4858372, 40.0637768 ], [ 20.4745441, 40.0664246 ], [ 20.4628765, 40.074461 ], [ 20.4490133, 40.0728822 ], [ 20.4203552, 40.0606508 ], [ 20.410573, 40.0492582 ], [ 20.4139326, 40.039324 ], [ 20.4113358, 40.0306885 ], [ 20.398251, 40.0152946 ], [ 20.3984428, 40.006028 ], [ 20.3924588, 39.9959314 ], [ 20.3811662, 39.9936817 ], [ 20.3728788, 39.9891024 ], [ 20.3288451, 39.991823 ], [ 20.3247869, 39.9914128 ], [ 20.3129971, 39.9902211 ], [ 20.3191607, 39.9758151 ], [ 20.3247869, 39.9724607 ], [ 20.3441547, 39.947303 ], [ 20.3395145, 39.9232718 ], [ 20.3528147, 39.9151743 ], [ 20.3636387, 39.9090307 ], [ 20.3731338, 39.8931279 ], [ 20.3839088, 39.8892467 ], [ 20.383664, 39.8811774 ], [ 20.389341, 39.8692636 ], [ 20.4163464, 39.8407116 ], [ 20.4129067, 39.833291 ], [ 20.415164, 39.827471 ], [ 20.4136074, 39.8138181 ], [ 20.391308, 39.7884835 ], [ 20.4021898, 39.788403699999989 ], [ 20.4092195, 39.7842626 ], [ 20.4233619, 39.7835113 ], [ 20.433602, 39.770867 ], [ 20.4422597, 39.7655107 ], [ 20.4604671, 39.7671853 ], [ 20.484739, 39.7630505 ], [ 20.491152, 39.7574135 ], [ 20.4862021, 39.751600599999989 ], [ 20.4827353, 39.7324952 ], [ 20.4791011, 39.7271644 ], [ 20.4840588, 39.7232622 ], [ 20.5009777, 39.7214481 ], [ 20.4995837, 39.707818 ], [ 20.5081652, 39.6912565 ], [ 20.5175791, 39.6784694 ], [ 20.5289139, 39.6687214 ], [ 20.5280787, 39.6649264 ], [ 20.5209715, 39.6598571 ], [ 20.5273848, 39.6532649 ], [ 20.5136726, 39.6471464 ], [ 20.5093313, 39.6527155 ], [ 20.5076715, 39.6512845 ], [ 20.4982195, 39.6394239 ], [ 20.5054759, 39.626976 ], [ 20.5078288, 39.6073166 ], [ 20.5053463, 39.6000326 ], [ 20.5101265, 39.5855523 ], [ 20.5087827, 39.5782033 ], [ 20.5084975, 39.576644 ], [ 20.5001876, 39.5696408 ], [ 20.4981453, 39.5637335 ], [ 20.5035784, 39.5614937 ], [ 20.5224317, 39.5618033 ], [ 20.5271662, 39.561881 ], [ 20.5338683, 39.5570005 ], [ 20.5381516, 39.5547257 ], [ 20.5385726, 39.5468363 ], [ 20.5447083, 39.5408592 ], [ 20.5596418, 39.5379317 ], [ 20.5720165, 39.5392665 ], [ 20.5887696, 39.5332423 ], [ 20.5948775, 39.5346487 ], [ 20.6136719, 39.5462819 ], [ 20.6200645, 39.5448649 ], [ 20.6218026, 39.5346531 ], [ 20.6171202, 39.5180118 ], [ 20.6147845, 39.4933475 ], [ 20.6220684, 39.4773374 ], [ 20.6244716, 39.4720544 ], [ 20.6405031, 39.4642737 ], [ 20.633501, 39.4513379 ], [ 20.6499887, 39.4240154 ], [ 20.6456727, 39.4149688 ], [ 20.6523489, 39.405906 ], [ 20.6542542, 39.3970341 ], [ 20.6624112, 39.3882665 ], [ 20.6613965, 39.3812904 ], [ 20.6601093, 39.3724392 ], [ 20.6653353, 39.3630829 ], [ 20.6637858, 39.3574941 ], [ 20.6671847, 39.3535363 ], [ 20.667966, 39.3409506 ], [ 20.6770966, 39.3360656 ], [ 20.681221, 39.3280191 ], [ 20.6798733, 39.3134117 ], [ 20.682688, 39.2988311 ], [ 20.680453, 39.288344 ], [ 20.6849031, 39.2822087 ], [ 20.6921165, 39.2878315 ], [ 20.697371, 39.2881943 ], [ 20.6958679, 39.2920846 ], [ 20.7032709, 39.3018569 ], [ 20.7003567, 39.3065924 ], [ 20.7054665, 39.3331338 ], [ 20.7137011, 39.3357588 ], [ 20.7152705, 39.3404035 ], [ 20.7209437, 39.3473877 ], [ 20.7222845, 39.3537289 ], [ 20.7293362, 39.3593907 ], [ 20.7358427, 39.3765252 ], [ 20.7431794, 39.3806205 ], [ 20.7523905, 39.37717 ], [ 20.7649966, 39.3724474 ], [ 20.7737788, 39.374863 ], [ 20.7895937, 39.3727448 ], [ 20.7990488, 39.3627748 ], [ 20.8039921, 39.3521002 ], [ 20.8168241, 39.3486331 ], [ 20.8405228, 39.3530466 ], [ 20.8489938, 39.3627497 ], [ 20.8620732, 39.3681998 ], [ 20.8819004, 39.3671339 ], [ 20.9068055, 39.3768103 ], [ 20.9088288, 39.3876694 ], [ 20.9128509, 39.393421 ], [ 20.9350405, 39.3947037 ], [ 20.9395299, 39.3871277 ], [ 20.9425773, 39.3863482 ], [ 20.9570005, 39.3935639 ], [ 20.9592314, 39.3957584 ], [ 20.9653573, 39.4017839 ], [ 20.979008, 39.406409 ], [ 20.993314, 39.3942065 ], [ 20.9992618, 39.3957186 ], [ 21.021183, 39.412176 ], [ 21.0265538, 39.4253343 ], [ 21.0232408, 39.4401623 ], [ 21.0321431, 39.4519974 ], [ 21.0335757, 39.4592094 ], [ 21.0371912, 39.4642737 ], [ 21.0438211, 39.4773374 ], [ 21.0474585, 39.4916062 ], [ 21.0586493, 39.5056326 ], [ 21.0574037, 39.5169464 ], [ 21.0615154, 39.5316387 ], [ 21.0753951, 39.5198354 ], [ 21.0888931, 39.4983683 ], [ 21.0955374, 39.4941179 ], [ 21.1043184, 39.4939863 ], [ 21.1165048, 39.4976226 ], [ 21.135856, 39.5139259 ], [ 21.1393515, 39.5213772 ], [ 21.1339934, 39.5304093 ], [ 21.1452346, 39.5383137 ], [ 21.1489913, 39.5356089 ], [ 21.170091, 39.5204151 ], [ 21.1762748, 39.5065884 ], [ 21.1816095, 39.5010885 ], [ 21.1820212, 39.5018903 ], [ 21.1881846, 39.5138931 ], [ 21.2022678, 39.5220947 ], [ 21.2020912, 39.5332565 ], [ 21.197914, 39.5442485 ], [ 21.1950887, 39.5546289 ], [ 21.1950828, 39.573341 ], [ 21.193499, 39.5782033 ], [ 21.1820212, 39.6134318 ], [ 21.1782263, 39.6158076 ], [ 21.1586066, 39.6166323 ], [ 21.1532098, 39.6189471 ], [ 21.1501172, 39.6304542 ], [ 21.1540098, 39.6467435 ], [ 21.1236771, 39.6691729 ], [ 21.1208254, 39.6779694 ], [ 21.1235095, 39.683888 ], [ 21.1392931, 39.6872758 ], [ 21.1453471, 39.6969066 ], [ 21.1489913, 39.698108399999988 ], [ 21.1579531, 39.7010639 ], [ 21.1623019, 39.7127988 ], [ 21.1678359, 39.7163512 ], [ 21.1820212, 39.7127203 ], [ 21.1841483, 39.7121758 ], [ 21.2007126, 39.7159882 ], [ 21.211442, 39.7097963 ], [ 21.2262, 39.7067931 ], [ 21.2311446, 39.6998035 ], [ 21.2377611, 39.696049 ], [ 21.2439809, 39.6956618 ], [ 21.2501851, 39.698936 ], [ 21.2533741, 39.7069266 ], [ 21.2483577, 39.7128186 ], [ 21.2457027, 39.7244194 ], [ 21.2360991, 39.7317561 ], [ 21.2268806, 39.7332823 ], [ 21.2331334, 39.7540337 ], [ 21.2263081, 39.7709989 ], [ 21.2266901, 39.803535599999989 ], [ 21.2299241, 39.807224 ], [ 21.2390373, 39.8052781 ], [ 21.2499313, 39.807168 ], [ 21.2490877, 39.8146457 ], [ 21.2587875, 39.8243435 ], [ 21.2634354, 39.834238 ], [ 21.2636456, 39.8528417 ], [ 21.2758064, 39.8557887 ], [ 21.2907724, 39.8538269 ], [ 21.2956, 39.857458 ], [ 21.2743132, 39.8764957 ], [ 21.2637793, 39.878015 ], [ 21.2568355, 39.8768829 ], [ 21.2501531, 39.8824136 ], [ 21.2318647, 39.8887623 ], [ 21.2162271, 39.8866011 ], [ 21.1988252, 39.8777964 ], [ 21.1820212, 39.8779336 ], [ 21.1792204, 39.877956499999989 ], [ 21.1633677, 39.8589785 ], [ 21.1489913, 39.8649616 ], [ 21.1470026, 39.8657892 ], [ 21.1376505, 39.8670188 ], [ 21.1290582, 39.865074199999988 ], [ 21.1199135, 39.869983 ], [ 21.0963204, 39.8795619 ], [ 21.0949468, 39.8941029 ], [ 21.0867665, 39.9018387 ], [ 21.0898614, 39.9091357 ], [ 21.0870587, 39.9151743 ], [ 21.082611, 39.9247562 ], [ 21.0836746, 39.9364239 ], [ 21.0753548, 39.9505436 ], [ 21.0464242, 39.9684737 ], [ 21.0500232, 39.9722515 ], [ 21.0436643, 39.9815403 ], [ 21.022882, 39.994201 ], [ 21.0354681, 40.0012921 ], [ 21.0416643, 40.0005928 ], [ 21.0552579, 39.9931319 ], [ 21.0680466, 39.9978277 ], [ 21.0826887, 40.0166712 ], [ 21.0799598, 40.0331752 ], [ 21.0852644, 40.0536787 ], [ 21.0821231, 40.0583738 ], [ 21.0741025, 40.0622502 ], [ 21.0535737, 40.0661581 ], [ 21.0304425, 40.057203 ], [ 21.0116765, 40.0556142 ], [ 20.9990482, 40.067786 ], [ 20.9972647, 40.0742057 ], [ 20.9885174, 40.0852502 ], [ 20.9883556, 40.1008404 ], [ 20.9743901, 40.1115407 ], [ 20.9717305, 40.1205223 ], [ 20.9592314, 40.1310435 ], [ 20.957096, 40.1328408 ], [ 20.9592314, 40.1332569 ], [ 20.9675051, 40.1348692 ], [ 20.9786704, 40.1448197 ], [ 21.004012, 40.1540665 ], [ 20.9982021, 40.1703851 ], [ 20.9981825, 40.1738056 ], [ 20.9980932, 40.1893638 ], [ 20.9821552, 40.1936252 ], [ 20.9909545, 40.2025127 ], [ 20.9911813, 40.2075415 ], [ 20.9827301, 40.217439 ], [ 20.9680931, 40.2254414 ], [ 20.9592314, 40.2469415 ], [ 20.9573109, 40.2516001 ], [ 20.9405602, 40.2612196 ], [ 20.9374934, 40.2758489 ], [ 20.9249153, 40.2878687 ], [ 20.9194016, 40.297391399999988 ], [ 20.8767743, 40.3329293 ], [ 20.8749528, 40.354455 ], [ 20.8684283, 40.3758618 ] ] ] ] } },
{ "type": "Feature", "properties": { "LEVL_CODE": 3.0, "MOUNT_TYPE": 2.0, "CNTR_CODE": "EL", "SVRG_UN": "UN Member State", "NAME_ENGL": "Greece", "NAME_LATN": "Peiraias, Nisoi", "NUTS_NAME": "Πειραιάς, Νήσοι", "URBN_TYPE": 1.0, "NUTS_ID": "EL307", "CAPT": "Athens", "COAST_TYPE": 1.0, "ISO3_CODE": "GRC", "NAME_FREN": "Grèce", "EU_STAT": "T", "NAME_GERM": "Griechenland", "EFTA_STAT": "F", "CC_STAT": "F", "geo": "EL307" }, "geometry": { "type": "MultiPolygon", "coordinates": [ [ [ [ 23.0874327, 36.2541492 ], [ 23.048585, 36.2876286 ], [ 23.0228286, 36.2996108 ], [ 23.0156181, 36.3052168 ], [ 23.00194, 36.3097809 ], [ 22.9825024, 36.3260096 ], [ 22.9766468, 36.3464483 ], [ 22.9673666, 36.3557707 ], [ 22.9507667, 36.3825615 ], [ 22.9234648, 36.3754335 ], [ 22.9214719, 36.3668769 ], [ 22.9077291, 36.3523828 ], [ 22.8944896, 36.3260096 ], [ 22.8921262, 36.3212544 ], [ 22.91452, 36.3040461 ], [ 22.9164928, 36.2948264 ], [ 22.9224959, 36.2886848 ], [ 22.9192683, 36.277487799999989 ], [ 22.9164928, 36.2752866 ], [ 22.9140565, 36.2733545 ], [ 22.9141425, 36.266626699999989 ], [ 22.9164928, 36.2632875 ], [ 22.922333, 36.2549892 ], [ 22.9243759, 36.2473659 ], [ 22.9205455, 36.2435602 ], [ 22.9164928, 36.2437083 ], [ 22.9015869, 36.2319169 ], [ 22.9047611, 36.2243012 ], [ 22.915484, 36.2117809 ], [ 22.9094742, 36.2005211 ], [ 22.9164928, 36.1901713 ], [ 22.9243771, 36.1850771 ], [ 22.9301165, 36.1757721 ], [ 22.9359698, 36.1738211 ], [ 22.938493, 36.1631629 ], [ 22.9433798, 36.1573901 ], [ 22.9475172, 36.1567725 ], [ 22.9526709, 36.1603029 ], [ 22.9592876, 36.151987 ], [ 22.9739323, 36.1511127 ], [ 22.9880896, 36.139301 ], [ 22.99745, 36.1441481 ], [ 23.0068927, 36.1376186 ], [ 23.0221222, 36.1414734 ], [ 23.0465368, 36.1315565 ], [ 23.0510643, 36.1442487 ], [ 23.0554148, 36.1472458 ], [ 23.0483834, 36.156541 ], [ 23.0489765, 36.1669499 ], [ 23.045201, 36.1795129 ], [ 23.0458086, 36.190588 ], [ 23.0549226, 36.217588 ], [ 23.0622914, 36.22366 ], [ 23.0717028, 36.2263611 ], [ 23.091152, 36.2208476 ], [ 23.1034247, 36.2372327 ], [ 23.0987619, 36.2493585 ], [ 23.0874327, 36.2541492 ] ] ], [ [ [ 23.3021257, 37.546321899999988 ], [ 23.2873303, 37.5495513 ], [ 23.2729954, 37.556343 ], [ 23.2626088, 37.5715715 ], [ 23.2450869, 37.5822954 ], [ 23.2329481, 37.5846419 ], [ 23.2003785, 37.596653 ], [ 23.1956159, 37.592015 ], [ 23.1911929, 37.5903267 ], [ 23.186113, 37.588352 ], [ 23.1900953, 37.5793898 ], [ 23.1871715, 37.5699515 ], [ 23.1755353, 37.565473 ], [ 23.170326, 37.5576199 ], [ 23.1654553, 37.5445405 ], [ 23.1678655, 37.5340595 ], [ 23.1808776, 37.5238105 ], [ 23.1918633, 37.5217942 ], [ 23.2168126, 37.5223103 ], [ 23.226789, 37.5134075 ], [ 23.2450869, 37.5048397 ], [ 23.2473823, 37.5037648 ], [ 23.2681685, 37.5022877 ], [ 23.2754793, 37.4946408 ], [ 23.2875256, 37.4938851 ], [ 23.2928079, 37.4960777 ], [ 23.3036291, 37.4963984 ], [ 23.3116101, 37.4886033 ], [ 23.3100307, 37.4750887 ], [ 23.3121134, 37.4711988 ], [ 23.3263288, 37.4685567 ], [ 23.3408831, 37.4721092 ], [ 23.3442968, 37.4618914 ], [ 23.3474658, 37.4598546 ], [ 23.3657325, 37.4641035 ], [ 23.3866713, 37.4587363 ], [ 23.4052351, 37.4570479 ], [ 23.4227946, 37.468213 ], [ 23.436959, 37.466393 ], [ 23.4501475, 37.4636709 ], [ 23.4524915, 37.463658 ], [ 23.454001, 37.462828 ], [ 23.4543466, 37.4596786 ], [ 23.4535369, 37.4568184 ], [ 23.4535115, 37.4518916 ], [ 23.4526732, 37.4491296 ], [ 23.4501475, 37.4453771 ], [ 23.4471056, 37.440562199999988 ], [ 23.433356, 37.428075 ], [ 23.4317995, 37.4261555 ], [ 23.4303026, 37.425028 ], [ 23.4245292, 37.4185249 ], [ 23.4244195, 37.411701 ], [ 23.4312382, 37.4136438 ], [ 23.4501475, 37.4135816 ], [ 23.4669219, 37.4183214 ], [ 23.4798858, 37.4219844 ], [ 23.4972161, 37.4231171 ], [ 23.5011011, 37.425028 ], [ 23.5209345, 37.434783 ], [ 23.5327085, 37.4340337 ], [ 23.5327085, 37.4363831 ], [ 23.5161274, 37.4384583 ], [ 23.5150845, 37.4420809 ], [ 23.5158016, 37.4435933 ], [ 23.5196885, 37.4517898 ], [ 23.5181769, 37.4554912 ], [ 23.4982948, 37.4717188 ], [ 23.4784395, 37.4761951 ], [ 23.4771967, 37.4847603 ], [ 23.4669219, 37.4894767 ], [ 23.4555225, 37.494709 ], [ 23.4349143, 37.5042737 ], [ 23.3934909, 37.5102427 ], [ 23.3919911, 37.5180538 ], [ 23.4099174, 37.5206024 ], [ 23.415288, 37.5248518 ], [ 23.4158414, 37.5296538 ], [ 23.3700501, 37.5548484 ], [ 23.3426027, 37.5367536 ], [ 23.3180828, 37.5336495 ], [ 23.3107245, 37.5374161 ], [ 23.3021257, 37.546321899999988 ] ] ], [ [ [ 23.5192666, 37.9957085 ], [ 23.4966437, 38.0018087 ], [ 23.4831748, 38.0017342 ], [ 23.4713845, 37.994656 ], [ 23.4759902, 37.984863 ], [ 23.4740082, 37.9817709 ], [ 23.4591581, 37.9779823 ], [ 23.4524834, 37.9796861 ], [ 23.4462226, 37.9837902 ], [ 23.435749, 37.9853988 ], [ 23.4198795, 37.9837066 ], [ 23.4169012, 37.9799793 ], [ 23.4336058, 37.9749392 ], [ 23.4475855, 37.973665499999989 ], [ 23.4501067, 37.9703331 ], [ 23.4442394, 37.9645029 ], [ 23.4282415, 37.9622816 ], [ 23.4176868, 37.9562587 ], [ 23.4244414, 37.9521187 ], [ 23.4342313, 37.9569491 ], [ 23.4524834, 37.9508476 ], [ 23.4637216, 37.9528818 ], [ 23.4769534, 37.9613181 ], [ 23.4960403, 37.962294 ], [ 23.4977271, 37.961571 ], [ 23.4805699, 37.9425733 ], [ 23.469404, 37.9254623 ], [ 23.4669223, 37.9248549 ], [ 23.4524834, 37.9244765 ], [ 23.43149, 37.9289357 ], [ 23.4165008, 37.9263435 ], [ 23.4063959, 37.9293062 ], [ 23.4063857, 37.923679 ], [ 23.4110829, 37.9198844 ], [ 23.4039123, 37.9132947 ], [ 23.4026154, 37.9082172 ], [ 23.4077977, 37.9019428 ], [ 23.4021681, 37.8961727 ], [ 23.4026971, 37.8937027 ], [ 23.4268625, 37.8884507 ], [ 23.4379707, 37.8826058 ], [ 23.4391431, 37.8773279 ], [ 23.4478954, 37.8737013 ], [ 23.4524834, 37.8762321 ], [ 23.4656925, 37.8814867 ], [ 23.4669223, 37.8830737 ], [ 23.4825755, 37.8903121 ], [ 23.4846949, 37.8966434 ], [ 23.4899631, 37.900152399999989 ], [ 23.5015552, 37.901410899999988 ], [ 23.508528, 37.8969888 ], [ 23.51365, 37.896855599999988 ], [ 23.5160738, 37.9065302 ], [ 23.5140053, 37.9123144 ], [ 23.5316962, 37.9124785 ], [ 23.533146, 37.9202156 ], [ 23.5435623, 37.9256603 ], [ 23.5367668, 37.9333204 ], [ 23.540847, 37.9402326 ], [ 23.5594327, 37.9439044 ], [ 23.5593172, 37.9452958 ], [ 23.5416866, 37.946897 ], [ 23.5397079, 37.9495462 ], [ 23.5475076, 37.9543542 ], [ 23.5280499, 37.9588661 ], [ 23.5263567, 37.962507 ], [ 23.5309218, 37.9692937 ], [ 23.5303929, 37.9749591 ], [ 23.5370066, 37.9829699 ], [ 23.5192666, 37.9957085 ] ] ], [ [ [ 23.4924079, 37.7725186 ], [ 23.4856695, 37.7744276 ], [ 23.4669219, 37.7724365 ], [ 23.4570009, 37.7713828 ], [ 23.4524885, 37.7686988 ], [ 23.4389388, 37.7652867 ], [ 23.4257967, 37.766791 ], [ 23.4183705, 37.7609497 ], [ 23.4230896, 37.7498369 ], [ 23.4287383, 37.7450725 ], [ 23.4344393, 37.7290885 ], [ 23.4524885, 37.7232872 ], [ 23.4618603, 37.715528 ], [ 23.4669219, 37.7005881 ], [ 23.4669219, 37.697999 ], [ 23.4630252, 37.6948813 ], [ 23.4501475, 37.69384 ], [ 23.4501475, 37.6923431 ], [ 23.4534694, 37.6904765 ], [ 23.4501475, 37.6891517 ], [ 23.4501475, 37.687424 ], [ 23.4616637, 37.6854102 ], [ 23.4647846, 37.6804708 ], [ 23.4669219, 37.679149 ], [ 23.4713431, 37.6764147 ], [ 23.4772198, 37.6772059 ], [ 23.4798106, 37.6739069 ], [ 23.48961, 37.6791856 ], [ 23.5001947, 37.6796314 ], [ 23.5096881, 37.6883248 ], [ 23.5185306, 37.6883204 ], [ 23.5243067, 37.6933379 ], [ 23.5205816, 37.7018105 ], [ 23.5257075, 37.715528 ], [ 23.5297594, 37.7211849 ], [ 23.5365217, 37.7234523 ], [ 23.5413185, 37.72962 ], [ 23.5365217, 37.7395166 ], [ 23.5365217, 37.743456 ], [ 23.5457422, 37.7466664 ], [ 23.5543036, 37.7458703 ], [ 23.5557101, 37.753741 ], [ 23.5647122, 37.7658182 ], [ 23.5624857, 37.7697587 ], [ 23.5432978, 37.772666 ], [ 23.5365217, 37.7710711 ], [ 23.5290829, 37.7731343 ], [ 23.5146154, 37.7724106 ], [ 23.5057168, 37.7745333 ], [ 23.4924079, 37.7725186 ] ] ], [ [ [ 23.6246855, 37.9941725 ], [ 23.6190713, 37.9963508 ], [ 23.611808, 37.994641 ], [ 23.607241, 37.992766 ], [ 23.5928447, 37.989553 ], [ 23.578481, 37.9920116 ], [ 23.5713945, 37.9932245 ], [ 23.5673211, 37.9876352 ], [ 23.5527685, 37.9796324 ], [ 23.5574837, 37.963084099999989 ], [ 23.578481, 37.9594036 ], [ 23.5871199, 37.9578893 ], [ 23.5929461, 37.9517928 ], [ 23.5951639, 37.9524799 ], [ 23.5942726, 37.9576813 ], [ 23.605827, 37.9610915 ], [ 23.6108027, 37.9578036 ], [ 23.6077928, 37.9488643 ], [ 23.6139062, 37.9466403 ], [ 23.6190713, 37.9411595 ], [ 23.6289721, 37.9428373 ], [ 23.630663, 37.9414405 ], [ 23.6373285, 37.9458223 ], [ 23.6410007, 37.9438936 ], [ 23.6387506, 37.9403627 ], [ 23.6290898, 37.938831 ], [ 23.6251559, 37.9360188 ], [ 23.6356474, 37.9270783 ], [ 23.6430723, 37.9283467 ], [ 23.6508003, 37.9339806 ], [ 23.6553733, 37.9356539 ], [ 23.6722255, 37.94182 ], [ 23.67385, 37.9546885 ], [ 23.6844078, 37.9614352 ], [ 23.6901125, 37.9620201 ], [ 23.6856219, 37.9694594 ], [ 23.685493, 37.976383 ], [ 23.6692757, 37.9766305 ], [ 23.666309, 37.9837215 ], [ 23.663707, 37.982002 ], [ 23.6553733, 37.9872601 ], [ 23.6456284, 37.9934082 ], [ 23.643935, 37.998545 ], [ 23.6246855, 37.9941725 ] ] ], [ [ [ 23.3840846, 37.6400625 ], [ 23.3657329, 37.6373954 ], [ 23.3444831, 37.6360951 ], [ 23.3349021, 37.6312135 ], [ 23.3245709, 37.6313087 ], [ 23.3210119, 37.6239627 ], [ 23.3152575, 37.6196153 ], [ 23.3084545, 37.6186147 ], [ 23.3051393, 37.6127391 ], [ 23.3184199, 37.6118694 ], [ 23.320202, 37.6104611 ], [ 23.3338756, 37.5996549 ], [ 23.3384452, 37.5926329 ], [ 23.3470345, 37.5863339 ], [ 23.3469888, 37.5810431 ], [ 23.3588016, 37.5754234 ], [ 23.3576547, 37.5667889 ], [ 23.3640381, 37.5571609 ], [ 23.3657329, 37.5600568 ], [ 23.3725313, 37.556584 ], [ 23.3757144, 37.556584 ], [ 23.3862866, 37.561849 ], [ 23.386436, 37.5671307 ], [ 23.389735, 37.5707248 ], [ 23.388494, 37.5766993 ], [ 23.405656, 37.5923395 ], [ 23.4119802, 37.6104611 ], [ 23.4138536, 37.6158286 ], [ 23.3992534, 37.6364785 ], [ 23.3840846, 37.6400625 ] ] ], [ [ [ 23.5496498, 37.3703888 ], [ 23.5361005, 37.3640273 ], [ 23.5198702, 37.369084 ], [ 23.5057553, 37.3654075 ], [ 23.4827945, 37.3552477 ], [ 23.4669219, 37.3531006 ], [ 23.4201494, 37.3289851 ], [ 23.384882, 37.3159793 ], [ 23.3751196, 37.305378 ], [ 23.3661922, 37.2997667 ], [ 23.3758264, 37.2970937 ], [ 23.3919303, 37.2993951 ], [ 23.399387, 37.2949697 ], [ 23.4187167, 37.303203 ], [ 23.4314327, 37.3051333 ], [ 23.4473493, 37.3159354 ], [ 23.4669219, 37.3172308 ], [ 23.4993933, 37.319061 ], [ 23.504533, 37.3330119 ], [ 23.5028779, 37.3391528 ], [ 23.5048427, 37.3421385 ], [ 23.5225852, 37.344217 ], [ 23.5513874, 37.3547225 ], [ 23.566611, 37.3567467 ], [ 23.5767374, 37.3648205 ], [ 23.5496498, 37.3703888 ] ] ], [ [ [ 23.4794722, 37.5496726 ], [ 23.4819372, 37.5577566 ], [ 23.480606, 37.5585378 ], [ 23.4743409, 37.5556046 ], [ 23.4719292, 37.5479559 ], [ 23.4738464, 37.5365553 ], [ 23.4669211, 37.5334936 ], [ 23.4406189, 37.5254519 ], [ 23.4276641, 37.527025 ], [ 23.4246201, 37.5208799 ], [ 23.433994, 37.5185175 ], [ 23.4451556, 37.5094851 ], [ 23.4547595, 37.5068242 ], [ 23.4533606, 37.4991962 ], [ 23.4592734, 37.4960667 ], [ 23.4614031, 37.4968594 ], [ 23.459914, 37.5055266 ], [ 23.4669211, 37.5080471 ], [ 23.4754143, 37.5046739 ], [ 23.4907626, 37.5020015 ], [ 23.4967815, 37.5027223 ], [ 23.5123579, 37.5092619 ], [ 23.5218764, 37.5182599 ], [ 23.5231742, 37.5220788 ], [ 23.5133706, 37.5267455 ], [ 23.5046101, 37.5251045 ], [ 23.4959723, 37.5349477 ], [ 23.490611, 37.5360291 ], [ 23.4853381, 37.5342749 ], [ 23.4849259, 37.546644 ], [ 23.4794722, 37.5496726 ] ] ], [ [ [ 23.1164143, 37.2812759 ], [ 23.1133622, 37.2832386 ], [ 23.1104831, 37.280057 ], [ 23.1105479, 37.277487 ], [ 23.1076874, 37.2761974 ], [ 23.1026129, 37.2770009 ], [ 23.0956505, 37.2803224 ], [ 23.090911, 37.2771308 ], [ 23.0941232, 37.2753287 ], [ 23.0951624, 37.2710046 ], [ 23.0992874, 37.2713145 ], [ 23.0989012, 37.2669558 ], [ 23.1043388, 37.267051599999988 ], [ 23.1049874, 37.2638636 ], [ 23.1038245, 37.2615576 ], [ 23.1093039, 37.2609018 ], [ 23.1081598, 37.2582003 ], [ 23.1095753, 37.2555599 ], [ 23.1135172, 37.2557626 ], [ 23.1153409, 37.2541019 ], [ 23.1139385, 37.2481973 ], [ 23.1233712, 37.2460886 ], [ 23.1216317, 37.2441751 ], [ 23.1253434, 37.2419516 ], [ 23.1255433, 37.2391887 ], [ 23.1277049, 37.236518 ], [ 23.1313579, 37.2392195 ], [ 23.1337855, 37.2379836 ], [ 23.1332749, 37.2357641 ], [ 23.1365289, 37.2347877 ], [ 23.1431976, 37.2377885 ], [ 23.1476632, 37.2366098 ], [ 23.1520545, 37.2377805 ], [ 23.1538301, 37.236047 ], [ 23.156328, 37.2370716 ], [ 23.1589427, 37.2381441 ], [ 23.162004, 37.2407241 ], [ 23.1632823, 37.2447494 ], [ 23.1653847, 37.2462703 ], [ 23.162073, 37.2511786 ], [ 23.1629608, 37.2532903 ], [ 23.1665696, 37.2552967 ], [ 23.1696539, 37.255418 ], [ 23.1687681, 37.2622299 ], [ 23.1643838, 37.2627194 ], [ 23.1574675, 37.2660103 ], [ 23.156328, 37.267347 ], [ 23.1547986, 37.2691407 ], [ 23.1495255, 37.2701398 ], [ 23.14332, 37.2756768 ], [ 23.1398456, 37.274846599999989 ], [ 23.1342409, 37.2782484 ], [ 23.1164143, 37.2812759 ] ] ], [ [ [ 23.2907756, 35.8860521 ], [ 23.2857637, 35.8914466 ], [ 23.2805949, 35.8943569 ], [ 23.2802218, 35.8971378 ], [ 23.277323, 35.8993214 ], [ 23.2763606, 35.9022152 ], [ 23.273779, 35.902866 ], [ 23.270108, 35.9063696 ], [ 23.2682051, 35.9034498 ], [ 23.2683035, 35.900531 ], [ 23.2704961, 35.8983669 ], [ 23.2716438, 35.8925179 ], [ 23.2750351, 35.8867513 ], [ 23.2760604, 35.8830859 ], [ 23.2779403, 35.8818103 ], [ 23.2778165, 35.8764657 ], [ 23.2788543, 35.8735315 ], [ 23.2825228, 35.871246 ], [ 23.2830896, 35.867663 ], [ 23.2871067, 35.8606153 ], [ 23.2897403, 35.8528689 ], [ 23.2924972, 35.8492724 ], [ 23.2950359, 35.8499541 ], [ 23.3044804, 35.8412463 ], [ 23.3082762, 35.8403123 ], [ 23.3095273, 35.8384609 ], [ 23.3135069, 35.8381797 ], [ 23.314317, 35.8354967 ], [ 23.3180139, 35.8354947 ], [ 23.3180973, 35.8317453 ], [ 23.3223206, 35.8262694 ], [ 23.3249123, 35.824977 ], [ 23.3294223, 35.8265001 ], [ 23.3281701, 35.8303693 ], [ 23.3289972, 35.8324016 ], [ 23.3275448, 35.8362898 ], [ 23.3280483, 35.8440926 ], [ 23.3271882, 35.8454571 ], [ 23.3271857, 35.8535541 ], [ 23.3239059, 35.8597757 ], [ 23.3216369, 35.8698595 ], [ 23.3194693, 35.8728333 ], [ 23.3177522, 35.8777173 ], [ 23.3144454, 35.8839674 ], [ 23.3114991, 35.8870805 ], [ 23.30782, 35.8890317 ], [ 23.3058104, 35.8863208 ], [ 23.303504, 35.8886422 ], [ 23.3006716, 35.8887891 ], [ 23.2974772, 35.8922507 ], [ 23.2939491, 35.8914756 ], [ 23.293986, 35.8873477 ], [ 23.2926445, 35.8831823 ], [ 23.2904085, 35.8817299 ], [ 23.2888927, 35.883539899999988 ], [ 23.2907756, 35.8860521 ] ] ], [ [ [ 23.3624685, 37.3399539 ], [ 23.3583621, 37.3451443 ], [ 23.3536031, 37.3455158 ], [ 23.3545368, 37.3476123 ], [ 23.350553, 37.3484758 ], [ 23.3493514, 37.3506909 ], [ 23.3454754, 37.3508244 ], [ 23.3416996, 37.3467263 ], [ 23.3452372, 37.3442827 ], [ 23.3385647, 37.3370088 ], [ 23.3352416, 37.3351507 ], [ 23.3315644, 37.3349207 ], [ 23.3303369, 37.3396286 ], [ 23.3309805, 37.3437806 ], [ 23.3257822, 37.3444263 ], [ 23.3270885, 37.3460831 ], [ 23.3236604, 37.3476034 ], [ 23.32186, 37.3465887 ], [ 23.3170568, 37.3468568 ], [ 23.3163941, 37.3442747 ], [ 23.3121115, 37.3430838 ], [ 23.3098306, 37.3405825 ], [ 23.3081833, 37.3419386 ], [ 23.3030326, 37.3388589 ], [ 23.2998139, 37.3400498 ], [ 23.2975059, 37.3391767 ], [ 23.2910343, 37.3417277 ], [ 23.2875256, 37.3411437 ], [ 23.2843228, 37.3406106 ], [ 23.2820382, 37.3358456 ], [ 23.2843228, 37.3315326 ], [ 23.2875256, 37.3302308 ], [ 23.289981, 37.3292328 ], [ 23.2936164, 37.3290069 ], [ 23.2963627, 37.3250692 ], [ 23.3005821, 37.3212309 ], [ 23.3035503, 37.3204763 ], [ 23.3103648, 37.3205798 ], [ 23.3142297, 37.3221156 ], [ 23.3186001, 37.3207751 ], [ 23.3335697, 37.3223877 ], [ 23.348857, 37.3287729 ], [ 23.356024, 37.3312823 ], [ 23.3602163, 37.335959 ], [ 23.3624685, 37.3399539 ] ] ], [ [ [ 23.3657325, 37.6908796 ], [ 23.372638, 37.694146 ], [ 23.3730884, 37.701675 ], [ 23.3657325, 37.7109392 ], [ 23.3452371, 37.7128241 ], [ 23.3408112, 37.7111468 ], [ 23.3220203, 37.6853408 ], [ 23.3247286, 37.676665 ], [ 23.3404179, 37.6737048 ], [ 23.3522734, 37.6864718 ], [ 23.3657325, 37.6908796 ] ] ], [ [ [ 23.9293411, 37.4817341 ], [ 23.9258165, 37.4827315 ], [ 23.9121004, 37.4856567 ], [ 23.9038546, 37.4907459 ], [ 23.8985705, 37.4893408 ], [ 23.9039077, 37.4842612 ], [ 23.9159616, 37.4784108 ], [ 23.9209753, 37.468759 ], [ 23.9258165, 37.4652284 ], [ 23.9344289, 37.4611393 ], [ 23.9422778, 37.4610779 ], [ 23.9339085, 37.4777898 ], [ 23.9293411, 37.4817341 ] ] ], [ [ [ 23.1793572, 37.2204844 ], [ 23.1766741, 37.2210911 ], [ 23.1718128, 37.2249328 ], [ 23.1664525, 37.2313207 ], [ 23.1608843, 37.2320891 ], [ 23.1570254, 37.2292312 ], [ 23.1566242, 37.2265501 ], [ 23.1570869, 37.2249021 ], [ 23.1690319, 37.2172499 ], [ 23.1707529, 37.2147913 ], [ 23.1742945, 37.2154715 ], [ 23.1789655, 37.2146493 ], [ 23.1800818, 37.2155758 ], [ 23.1793572, 37.2204844 ] ] ], [ [ [ 23.4669219, 36.9133038 ], [ 23.4646338, 36.9186039 ], [ 23.4553962, 36.925902 ], [ 23.4540783, 36.931409 ], [ 23.4507844, 36.9317941 ], [ 23.4591378, 36.9101451 ], [ 23.4669219, 36.9063956 ], [ 23.4685152, 36.9080753 ], [ 23.4669219, 36.9133038 ] ] ], [ [ [ 23.2373414, 37.8158386 ], [ 23.2364703, 37.8111908 ], [ 23.2407263, 37.810507 ], [ 23.2450869, 37.8059774 ], [ 23.2450869, 37.8050815 ], [ 23.2435631, 37.8042597 ], [ 23.2450869, 37.802444 ], [ 23.2507361, 37.8023693 ], [ 23.2548137, 37.8112792 ], [ 23.2531053, 37.8131062 ], [ 23.2450869, 37.812319 ], [ 23.2431997, 37.8151337 ], [ 23.2373414, 37.8158386 ] ] ], [ [ [ 23.263429, 37.8261556 ], [ 23.2575323, 37.8251186 ], [ 23.2572872, 37.8235065 ], [ 23.2541726, 37.824308 ], [ 23.2520248, 37.822463899999988 ], [ 23.2558934, 37.8196303 ], [ 23.2546123, 37.8181495 ], [ 23.2565176, 37.8161291 ], [ 23.2632844, 37.8173778 ], [ 23.2644892, 37.8202291 ], [ 23.2704531, 37.8207653 ], [ 23.2722593, 37.8220707 ], [ 23.2685504, 37.8252854 ], [ 23.263429, 37.8261556 ] ] ], [ [ [ 23.4436154, 37.6934344 ], [ 23.438176, 37.6961685 ], [ 23.4304072, 37.6931138 ], [ 23.4230075, 37.6861653 ], [ 23.4285932, 37.6844582 ], [ 23.4368016, 37.6883574 ], [ 23.4436154, 37.6934344 ] ] ], [ [ [ 23.2634082, 37.7090306 ], [ 23.2598406, 37.7055175 ], [ 23.2547892, 37.7040111 ], [ 23.2547702, 37.7024214 ], [ 23.257005, 37.6978386 ], [ 23.2637293, 37.6990911 ], [ 23.2661615, 37.7018506 ], [ 23.2684474, 37.7015592 ], [ 23.2703683, 37.7091315 ], [ 23.2634082, 37.7090306 ] ] ], [ [ [ 23.8901532, 36.8412011 ], [ 23.8894456, 36.8460365 ], [ 23.8834997, 36.8475083 ], [ 23.879301, 36.8470303 ], [ 23.8752576, 36.8445182 ], [ 23.8815406, 36.8423012 ], [ 23.8856253, 36.8396593 ], [ 23.8865159, 36.8371781 ], [ 23.8924167, 36.8366768 ], [ 23.895263, 36.8396964 ], [ 23.8901532, 36.8412011 ] ] ], [ [ [ 23.590039, 37.9397424 ], [ 23.5959916, 37.9423232 ], [ 23.5947849, 37.9449274 ], [ 23.5915823, 37.9447841 ], [ 23.5831506, 37.9404551 ], [ 23.5804508, 37.9367341 ], [ 23.5830438, 37.936245 ], [ 23.589489, 37.9384212 ], [ 23.590039, 37.9397424 ] ] ], [ [ [ 23.2843228, 37.2636195 ], [ 23.2864381, 37.2656006 ], [ 23.2843228, 37.2670197 ], [ 23.2816362, 37.268822 ], [ 23.2775883, 37.2651252 ], [ 23.2738338, 37.2601138 ], [ 23.2767368, 37.2597069 ], [ 23.2824559, 37.2618711 ], [ 23.2843228, 37.2636195 ] ] ], [ [ [ 23.3270847, 37.8047683 ], [ 23.3228023, 37.8011377 ], [ 23.3265084, 37.7990908 ], [ 23.3303254, 37.7995765 ], [ 23.3380835, 37.798379 ], [ 23.3360017, 37.8018178 ], [ 23.3270847, 37.8047683 ] ] ], [ [ [ 23.5411784, 37.9912457 ], [ 23.5436046, 37.9946871 ], [ 23.5421242, 37.9962761 ], [ 23.5365217, 37.9953091 ], [ 23.5338559, 37.9905228 ], [ 23.5345295, 37.9889309 ], [ 23.5365217, 37.9890262 ], [ 23.5411784, 37.9912457 ] ] ], [ [ [ 23.249818, 35.9785107 ], [ 23.2477387, 35.9757877 ], [ 23.2445923, 35.9767969 ], [ 23.2418364, 35.9752639 ], [ 23.2431611, 35.9720714 ], [ 23.2463946, 35.9715325 ], [ 23.2489763, 35.9741607 ], [ 23.2511223, 35.9723658 ], [ 23.2524573, 35.9765104 ], [ 23.249818, 35.9785107 ] ] ], [ [ [ 23.1141919, 36.2244516 ], [ 23.1072899, 36.2264319 ], [ 23.1036066, 36.2236877 ], [ 23.1080845, 36.223009 ], [ 23.1116283, 36.2196925 ], [ 23.1155329, 36.2202653 ], [ 23.1141919, 36.2244516 ] ] ], [ [ [ 23.2875256, 37.2715298 ], [ 23.2875256, 37.2735645 ], [ 23.2843228, 37.2741695 ], [ 23.2781845, 37.2753289 ], [ 23.2766106, 37.2721042 ], [ 23.2814017, 37.2697817 ], [ 23.2843228, 37.2706155 ], [ 23.2875256, 37.2715298 ] ] ], [ [ [ 23.545412, 37.4430676 ], [ 23.5409199, 37.4423681 ], [ 23.5397316, 37.439801 ], [ 23.5351409, 37.4412348 ], [ 23.5346186, 37.4391354 ], [ 23.538183, 37.4363513 ], [ 23.5457126, 37.4406487 ], [ 23.545412, 37.4430676 ] ] ], [ [ [ 23.4430575, 37.2555942 ], [ 23.4417584, 37.2530351 ], [ 23.4433148, 37.2515137 ], [ 23.4503381, 37.251235099999988 ], [ 23.4510156, 37.2558576 ], [ 23.4430575, 37.2555942 ] ] ], [ [ [ 23.3871408, 37.7255544 ], [ 23.3809274, 37.7261539 ], [ 23.3769489, 37.722053 ], [ 23.3783176, 37.7200678 ], [ 23.3874818, 37.7242197 ], [ 23.3871408, 37.7255544 ] ] ], [ [ [ 23.0844767, 36.2711952 ], [ 23.0798559, 36.2726846 ], [ 23.0780648, 36.2705512 ], [ 23.0813059, 36.2650012 ], [ 23.0850722, 36.2679135 ], [ 23.0844767, 36.2711952 ] ] ], [ [ [ 23.3685455, 37.2869274 ], [ 23.3636773, 37.2838939 ], [ 23.3633978, 37.2825345 ], [ 23.3701289, 37.2824217 ], [ 23.3746577, 37.2863097 ], [ 23.3685455, 37.2869274 ] ] ], [ [ [ 23.3165431, 37.6856338 ], [ 23.3150356, 37.6811882 ], [ 23.3120233, 37.6818674 ], [ 23.3099174, 37.6798466 ], [ 23.3167559, 37.6775785 ], [ 23.3188225, 37.6843778 ], [ 23.3165431, 37.6856338 ] ] ], [ [ [ 23.3758335, 37.3148823 ], [ 23.3708846, 37.3147473 ], [ 23.3657325, 37.3114418 ], [ 23.3657325, 37.3093388 ], [ 23.3742852, 37.3124744 ], [ 23.3758335, 37.3148823 ] ] ], [ [ [ 22.9986743, 36.0974305 ], [ 22.9950043, 36.098171 ], [ 22.9942734, 36.0960722 ], [ 22.9972121, 36.091155 ], [ 23.0005259, 36.0925935 ], [ 22.9986743, 36.0974305 ] ] ], [ [ [ 23.4020729, 37.9627483 ], [ 23.3963974, 37.9624548 ], [ 23.3966309, 37.9608761 ], [ 23.402929, 37.9589388 ], [ 23.4055991, 37.9606469 ], [ 23.4020729, 37.9627483 ] ] ], [ [ [ 23.5429307, 37.9627673 ], [ 23.5415993, 37.9644258 ], [ 23.5365217, 37.9631519 ], [ 23.5365217, 37.9616591 ], [ 23.5390613, 37.9608456 ], [ 23.5423737, 37.9608947 ], [ 23.5429307, 37.9627673 ] ] ], [ [ [ 23.112188, 36.2378915 ], [ 23.1098696, 36.2354494 ], [ 23.1102451, 36.2341992 ], [ 23.116219, 36.2340572 ], [ 23.116758, 36.2354096 ], [ 23.112188, 36.2378915 ] ] ], [ [ [ 23.5331902, 37.5129585 ], [ 23.5278228, 37.5100086 ], [ 23.5268039, 37.5078175 ], [ 23.52931, 37.5077611 ], [ 23.5331902, 37.5103794 ], [ 23.5331902, 37.5129585 ] ] ], [ [ [ 23.2636548, 37.8017899 ], [ 23.2627783, 37.8032693 ], [ 23.2586061, 37.8029192 ], [ 23.2573469, 37.8015948 ], [ 23.2589744, 37.7997417 ], [ 23.261563, 37.799745 ], [ 23.2636548, 37.8017899 ] ] ], [ [ [ 23.3799108, 37.8137131 ], [ 23.3802942, 37.8106285 ], [ 23.3852543, 37.8100703 ], [ 23.3859397, 37.8127453 ], [ 23.3799108, 37.8137131 ] ] ], [ [ [ 23.4666855, 37.8155388 ], [ 23.4666855, 37.8134916 ], [ 23.4737163, 37.8122603 ], [ 23.4747303, 37.8142739 ], [ 23.4666855, 37.8155388 ] ] ], [ [ [ 23.3603094, 37.8182122 ], [ 23.3568054, 37.8161494 ], [ 23.3615499, 37.8130971 ], [ 23.3630743, 37.8159957 ], [ 23.3603094, 37.8182122 ] ] ], [ [ [ 23.4534882, 37.819303 ], [ 23.4519406, 37.8165791 ], [ 23.4573936, 37.8156522 ], [ 23.4589833, 37.818157299999989 ], [ 23.4534882, 37.819303 ] ] ], [ [ [ 23.3960368, 37.905294 ], [ 23.3936886, 37.9037334 ], [ 23.4003485, 37.9014913 ], [ 23.4012695, 37.9044313 ], [ 23.3960368, 37.905294 ] ] ], [ [ [ 23.0788192, 36.2749795 ], [ 23.0787064, 36.2737235 ], [ 23.0800561, 36.2728922 ], [ 23.0819086, 36.2748944 ], [ 23.0788192, 36.2749795 ] ] ] ] } },
{ "type": "Feature", "properties": { "LEVL_CODE": 3.0, "MOUNT_TYPE": 2.0, "CNTR_CODE": "EL", "SVRG_UN": "UN Member State", "NAME_ENGL": "Greece", "NAME_LATN": "Chania", "NUTS_NAME": "Χανιά", "URBN_TYPE": 2.0, "NUTS_ID": "EL434", "CAPT": "Athens", "COAST_TYPE": 1.0, "ISO3_CODE": "GRC", "NAME_FREN": "Grèce", "EU_STAT": "T", "NAME_GERM": "Griechenland", "EFTA_STAT": "F", "CC_STAT": "F", "geo": "EL434" }, "geometry": { "type": "MultiPolygon", "coordinates": [ [ [ [ 23.8310314, 35.5356147 ], [ 23.8059976, 35.536795 ], [ 23.7798345, 35.5458411 ], [ 23.7770019, 35.5994807 ], [ 23.7720479, 35.6265659 ], [ 23.7683107, 35.6338349 ], [ 23.7709738, 35.6360258 ], [ 23.7625954, 35.6481218 ], [ 23.7638476, 35.6564645 ], [ 23.7727596, 35.6689082 ], [ 23.7601477, 35.6805588 ], [ 23.73725, 35.6934083 ], [ 23.7255411, 35.6767153 ], [ 23.7195425, 35.6741471 ], [ 23.7162992, 35.6664368 ], [ 23.7093925, 35.6602063 ], [ 23.7057008, 35.641162099999988 ], [ 23.7101589, 35.6328575 ], [ 23.7094701, 35.626589 ], [ 23.7156027, 35.6187174 ], [ 23.7086557, 35.6081456 ], [ 23.7106665, 35.6010924 ], [ 23.7089079, 35.5968185 ], [ 23.7141022, 35.5839644 ], [ 23.7233195, 35.5716162 ], [ 23.7243613, 35.5552407 ], [ 23.7284189, 35.5463635 ], [ 23.7230071, 35.5342883 ], [ 23.7224436, 35.5163939 ], [ 23.716612, 35.5076715 ], [ 23.6905027, 35.5026329 ], [ 23.6546589, 35.5016899 ], [ 23.6458771, 35.5045605 ], [ 23.6185238, 35.5215443 ], [ 23.6047207, 35.583435 ], [ 23.6062761, 35.6037223 ], [ 23.5989567, 35.6117647 ], [ 23.5891657, 35.5860221 ], [ 23.580867, 35.5912225 ], [ 23.5776403, 35.5904171 ], [ 23.5794436, 35.5852783 ], [ 23.5878515, 35.5820547 ], [ 23.569877, 35.5293388 ], [ 23.5693087, 35.5128206 ], [ 23.5755544, 35.5008121 ], [ 23.5760657, 35.4906937 ], [ 23.5570646, 35.4623386 ], [ 23.5593371, 35.4523761 ], [ 23.5671039, 35.4409778 ], [ 23.5665554, 35.4284353 ], [ 23.5606848, 35.4189381 ], [ 23.547983, 35.4088762 ], [ 23.5459388, 35.3940749 ], [ 23.5338499, 35.3763208 ], [ 23.5319882, 35.3622623 ], [ 23.5337408, 35.3401913 ], [ 23.5433171, 35.3292901 ], [ 23.5447833, 35.3238053 ], [ 23.5402753, 35.3184113 ], [ 23.525573, 35.3110537 ], [ 23.5188113, 35.3021237 ], [ 23.5211013, 35.2908477 ], [ 23.542118, 35.2712175 ], [ 23.5501552, 35.2681162 ], [ 23.5635679, 35.2683309 ], [ 23.5767028, 35.262844 ], [ 23.5798735, 35.255003 ], [ 23.5744205, 35.2482671 ], [ 23.5745192, 35.243139 ], [ 23.5884425, 35.2320184 ], [ 23.5968843, 35.2363152 ], [ 23.6078293, 35.2322131 ], [ 23.6342872, 35.2334129 ], [ 23.636254, 35.2296586 ], [ 23.6409869, 35.2351123 ], [ 23.663016, 35.2384979 ], [ 23.6753664, 35.2338136 ], [ 23.6780729, 35.2303534 ], [ 23.6760816, 35.2255206 ], [ 23.6801166, 35.2246593 ], [ 23.684293, 35.232284199999988 ], [ 23.6940852, 35.2377744 ], [ 23.7057296, 35.239779 ], [ 23.7194683, 35.2377079 ], [ 23.730691, 35.2403794 ], [ 23.7422248, 35.2380224 ], [ 23.7513637, 35.2400444 ], [ 23.7602036, 35.2375965 ], [ 23.7665183, 35.2297013 ], [ 23.7764905, 35.233394 ], [ 23.7850682, 35.2326489 ], [ 23.7886852, 35.2404282 ], [ 23.7984851, 35.2391378 ], [ 23.8072637, 35.2469907 ], [ 23.8262088, 35.2488902 ], [ 23.845448, 35.2453181 ], [ 23.8692685, 35.2362325 ], [ 23.8837134, 35.2384982 ], [ 23.9180527, 35.224096599999989 ], [ 23.923521, 35.221803 ], [ 23.9258165, 35.2221305 ], [ 23.9449255, 35.2248567 ], [ 23.9542671, 35.2297017 ], [ 23.9789575, 35.2311963 ], [ 23.9814389, 35.230738 ], [ 23.9876201, 35.2295962 ], [ 24.000453, 35.2227421 ], [ 24.0055815, 35.216291399999989 ], [ 24.016432, 35.2026419 ], [ 24.029349, 35.1966111 ], [ 24.0505563, 35.1944037 ], [ 24.0628704, 35.2000135 ], [ 24.0692095, 35.2002043 ], [ 24.0741558, 35.1931127 ], [ 24.0793285, 35.1964476 ], [ 24.0802427, 35.2007005 ], [ 24.0874779, 35.2028933 ], [ 24.1022373, 35.1990999 ], [ 24.1086415, 35.2020979 ], [ 24.1298484, 35.2027243 ], [ 24.1363514, 35.2010772 ], [ 24.1402197, 35.1949679 ], [ 24.1503063, 35.1924706 ], [ 24.1659622, 35.1959754 ], [ 24.1849262, 35.2002206 ], [ 24.1996124, 35.2005275 ], [ 24.231144, 35.1816808 ], [ 24.2395486, 35.1809346 ], [ 24.2484108, 35.1834478 ], [ 24.2875235, 35.1760065 ], [ 24.2851295, 35.1907836 ], [ 24.2928084, 35.2027405 ], [ 24.2949019, 35.2162914 ], [ 24.305938, 35.239651 ], [ 24.285778, 35.2394297 ], [ 24.270872, 35.248881 ], [ 24.274033, 35.2567428 ], [ 24.2807222, 35.2635444 ], [ 24.2923218, 35.2711501 ], [ 24.3086072, 35.2761421 ], [ 24.3142068, 35.2819595 ], [ 24.3253436, 35.2846689 ], [ 24.3309808, 35.2907433 ], [ 24.3305049, 35.3124052 ], [ 24.3234611, 35.3251356 ], [ 24.317411, 35.353775 ], [ 24.2795272, 35.357319 ], [ 24.2622882, 35.3640407 ], [ 24.2580468, 35.3796813 ], [ 24.2628805, 35.3977877 ], [ 24.263083, 35.4245351 ], [ 24.2549595, 35.431609 ], [ 24.259191, 35.439053 ], [ 24.2589814, 35.4424223 ], [ 24.258311, 35.4532016 ], [ 24.2416721, 35.4727794 ], [ 24.2313958, 35.469512 ], [ 24.220168, 35.4606906 ], [ 24.2090023, 35.462620699999988 ], [ 24.2001294, 35.449895 ], [ 24.193283, 35.4518678 ], [ 24.1851611, 35.4502502 ], [ 24.1740292, 35.4533283 ], [ 24.1659622, 35.4591686 ], [ 24.156004, 35.4663775 ], [ 24.1491412, 35.4715857 ], [ 24.1370738, 35.4699117 ], [ 24.1193405, 35.4715028 ], [ 24.0929691, 35.4844441 ], [ 24.0664425, 35.4899107 ], [ 24.0621372, 35.4969775 ], [ 24.0810879, 35.5075319 ], [ 24.1062844, 35.5067524 ], [ 24.1193459, 35.5021829 ], [ 24.1566693, 35.4951764 ], [ 24.1639392, 35.4960588 ], [ 24.1659622, 35.5001806 ], [ 24.1714379, 35.5036128 ], [ 24.1816778, 35.5049628 ], [ 24.1870963, 35.5196226 ], [ 24.1966947, 35.5301194 ], [ 24.2004599, 35.5386579 ], [ 24.1898579, 35.5659604 ], [ 24.1758132, 35.5851206 ], [ 24.1690112, 35.588886099999989 ], [ 24.1659622, 35.5896974 ], [ 24.1229839, 35.6011325 ], [ 24.1026447, 35.5977462 ], [ 24.096936, 35.5925813 ], [ 24.07997, 35.5918241 ], [ 24.071398, 35.5820606 ], [ 24.0772602, 35.5695055 ], [ 24.0842115, 35.5623767 ], [ 24.0855267, 35.5547837 ], [ 24.0677148, 35.5491995 ], [ 24.0613342, 35.5524257 ], [ 24.0535782, 35.550545199999988 ], [ 24.046735, 35.5239992 ], [ 24.0308753, 35.5169812 ], [ 24.0195231, 35.519277 ], [ 23.9942822, 35.512469 ], [ 23.9867371, 35.517046 ], [ 23.9814389, 35.5156721 ], [ 23.9705929, 35.5128595 ], [ 23.9467988, 35.5146663 ], [ 23.9300921, 35.5217587 ], [ 23.9258165, 35.5212115 ], [ 23.9180527, 35.5202179 ], [ 23.913643, 35.5196535 ], [ 23.8429555, 35.527818 ], [ 23.8310314, 35.5356147 ] ] ], [ [ [ 24.1263339, 34.8043923 ], [ 24.1320576, 34.8065231 ], [ 24.1304883, 34.809356 ], [ 24.116845, 34.8213587 ], [ 24.1116836, 34.830053899999989 ], [ 24.1136683, 34.8430483 ], [ 24.1238452, 34.8537218 ], [ 24.1203326, 34.8600195 ], [ 24.1096722, 34.8605748 ], [ 24.1029115, 34.8674504 ], [ 24.0835365, 34.8684948 ], [ 24.0669542, 34.872553 ], [ 24.0641694, 34.8712532 ], [ 24.0648814, 34.867232199999989 ], [ 24.0600523, 34.8584606 ], [ 24.0393498, 34.8571056 ], [ 24.0510992, 34.8389388 ], [ 24.0716978, 34.8256498 ], [ 24.1082938, 34.809356 ], [ 24.1208295, 34.8023859 ], [ 24.122923, 34.8043753 ], [ 24.1263339, 34.8043923 ] ] ], [ [ [ 24.0126909, 34.9245425 ], [ 24.0106247, 34.9293353 ], [ 23.998449, 34.9355814 ], [ 23.9954004, 34.9382195 ], [ 23.9890993, 34.9393518 ], [ 23.9898092, 34.9366756 ], [ 23.9953831, 34.9315207 ], [ 23.9948642, 34.9307169 ], [ 24.000212, 34.9269011 ], [ 24.0054317, 34.9244822 ], [ 24.0059412, 34.9204778 ], [ 24.0080484, 34.9191304 ], [ 24.0132815, 34.9203497 ], [ 24.0126909, 34.9245425 ] ] ], [ [ [ 23.9394753, 35.5400894 ], [ 23.9280829, 35.5411667 ], [ 23.9258165, 35.5347977 ], [ 23.9258165, 35.5305695 ], [ 23.9287232, 35.5308676 ], [ 23.9394753, 35.5400894 ] ] ], [ [ [ 23.5877625, 35.6445207 ], [ 23.5818666, 35.6450632 ], [ 23.578481, 35.6481492 ], [ 23.5759852, 35.6478848 ], [ 23.578481, 35.6442628 ], [ 23.5892932, 35.636471 ], [ 23.5932691, 35.6362177 ], [ 23.5931299, 35.6397593 ], [ 23.5877625, 35.6445207 ] ] ], [ [ [ 23.5827067, 35.6080975 ], [ 23.5855363, 35.6099195 ], [ 23.5812423, 35.6150164 ], [ 23.5772652, 35.6163882 ], [ 23.5741797, 35.6116604 ], [ 23.5748419, 35.6084258 ], [ 23.5772055, 35.6059736 ], [ 23.5784794, 35.6079831 ], [ 23.5827067, 35.6080975 ] ] ], [ [ [ 23.5356764, 35.2723566 ], [ 23.5315703, 35.2717094 ], [ 23.5270351, 35.2691108 ], [ 23.5224863, 35.2702112 ], [ 23.5215505, 35.2688369 ], [ 23.5243891, 35.2662066 ], [ 23.5261993, 35.2674064 ], [ 23.5375167, 35.2697811 ], [ 23.5356764, 35.2723566 ] ] ], [ [ [ 23.4818431, 35.5861756 ], [ 23.476512, 35.5894855 ], [ 23.4738702, 35.5848169 ], [ 23.4742403, 35.5830683 ], [ 23.4782862, 35.5838507 ], [ 23.4818431, 35.5861756 ] ] ], [ [ [ 24.1541345, 35.4912926 ], [ 24.148837, 35.488202 ], [ 24.1519395, 35.4859993 ], [ 24.1549065, 35.487871399999989 ], [ 24.1541345, 35.4912926 ] ] ], [ [ [ 24.1759839, 35.4996848 ], [ 24.177964, 35.4979326 ], [ 24.183128, 35.4977359 ], [ 24.1821502, 35.5013886 ], [ 24.1759839, 35.4996848 ] ] ] ] } },
{ "type": "Feature", "properties": { "LEVL_CODE": 3.0, "MOUNT_TYPE": 4.0, "CNTR_CODE": "EL", "SVRG_UN": "UN Member State", "NAME_ENGL": "Greece", "NAME_LATN": "Evros", "NUTS_NAME": "Έβρος", "URBN_TYPE": 2.0, "NUTS_ID": "EL511", "CAPT": "Athens", "COAST_TYPE": 1.0, "ISO3_CODE": "GRC", "NAME_FREN": "Grèce", "EU_STAT": "T", "NAME_GERM": "Griechenland", "EFTA_STAT": "F", "CC_STAT": "F", "geo": "EL511" }, "geometry": { "type": "MultiPolygon", "coordinates": [ [ [ [ 26.1775765, 41.7420403 ], [ 26.1727155, 41.7488116 ], [ 26.1563707, 41.7441144 ], [ 26.141189, 41.7362412 ], [ 26.129322, 41.733807 ], [ 26.1188996, 41.7272359 ], [ 26.1122419, 41.7138834 ], [ 26.1013099, 41.7135751 ], [ 26.0897315, 41.7164902 ], [ 26.070186, 41.7090745 ], [ 26.0688042, 41.6995444 ], [ 26.0617293, 41.6975132 ], [ 26.0611105, 41.6885893 ], [ 26.065365, 41.6835998 ], [ 26.0682104, 41.6734509 ], [ 26.064528, 41.6631562 ], [ 26.0709153, 41.6504125 ], [ 26.0817925, 41.6414955 ], [ 26.0883705, 41.6430525 ], [ 26.0897315, 41.641197 ], [ 26.0929479, 41.6368119 ], [ 26.0926782, 41.6302525 ], [ 26.097635, 41.6265955 ], [ 26.1191152, 41.6245779 ], [ 26.1239393, 41.630637 ], [ 26.1377976, 41.6315514 ], [ 26.1378511, 41.6150888 ], [ 26.1535336, 41.6048761 ], [ 26.1499965, 41.5955836 ], [ 26.1474795, 41.5554405 ], [ 26.1521155, 41.5535145 ], [ 26.1749412, 41.5544617 ], [ 26.1777935, 41.5529947 ], [ 26.184453, 41.5197799 ], [ 26.18025, 41.5159405 ], [ 26.1727633, 41.5044018 ], [ 26.1711499, 41.4933686 ], [ 26.1575995, 41.487823 ], [ 26.1532308, 41.4844695 ], [ 26.1550735, 41.4752495 ], [ 26.1552555, 41.4738975 ], [ 26.1745262, 41.4636884 ], [ 26.1856345, 41.4526115 ], [ 26.1936677, 41.4436446 ], [ 26.1989791, 41.4377152 ], [ 26.1970614, 41.4363955 ], [ 26.1885675, 41.4380386 ], [ 26.1732201, 41.4322986 ], [ 26.1680202, 41.4248762 ], [ 26.1603569, 41.4198372 ], [ 26.1641506, 41.4082778 ], [ 26.1597765, 41.4000005 ], [ 26.1558545, 41.389224 ], [ 26.1512258, 41.3867316 ], [ 26.1471449, 41.3774205 ], [ 26.1373423, 41.3750437 ], [ 26.1365385, 41.3637025 ], [ 26.1319989, 41.3553047 ], [ 26.1274595, 41.3543645 ], [ 26.1215389, 41.3559059 ], [ 26.1127323, 41.3534891 ], [ 26.1076141, 41.356636 ], [ 26.1021736, 41.3537883 ], [ 26.0977596, 41.354838 ], [ 26.0925093, 41.3501796 ], [ 26.0920115, 41.3464198 ], [ 26.0897315, 41.3467152 ], [ 26.0807749, 41.3458918 ], [ 26.0674015, 41.3493216 ], [ 26.0529245, 41.3473019 ], [ 26.0439495, 41.3496265 ], [ 26.0357503, 41.3500364 ], [ 26.0295067, 41.346779 ], [ 26.0107813, 41.3440929 ], [ 26.0041123, 41.3382243 ], [ 25.9988566, 41.3268972 ], [ 25.988461, 41.3253891 ], [ 25.9766121, 41.3188252 ], [ 25.9607465, 41.3197795 ], [ 25.948626, 41.320342 ], [ 25.9350406, 41.3201835 ], [ 25.9281891, 41.3147851 ], [ 25.9187977, 41.3135062 ], [ 25.9064375, 41.307575 ], [ 25.9256804, 41.2767775 ], [ 25.919678, 41.256765 ], [ 25.9082026, 41.2427636 ], [ 25.9040502, 41.229257 ], [ 25.9122134, 41.2176495 ], [ 25.8982317, 41.2082669 ], [ 25.8951522, 41.193122099999989 ], [ 25.9023913, 41.1760708 ], [ 25.921637, 41.156707 ], [ 25.922612, 41.1492005 ], [ 25.922348, 41.1462425 ], [ 25.9209455, 41.14231 ], [ 25.920302, 41.139581 ], [ 25.920112, 41.137226 ], [ 25.9371466, 41.1212244 ], [ 25.9470069, 41.1155133 ], [ 25.9584928, 41.1133032 ], [ 25.963506, 41.1089955 ], [ 25.9596298, 41.1069003 ], [ 25.9447969, 41.1083551 ], [ 25.9252124, 41.105519 ], [ 25.9170419, 41.1084337 ], [ 25.8973622, 41.1104348 ], [ 25.8828034, 41.10536 ], [ 25.875111, 41.0875095 ], [ 25.8712393, 41.0680714 ], [ 25.859619, 41.0565913 ], [ 25.8627913, 41.0441126 ], [ 25.8599805, 41.0389675 ], [ 25.850757, 41.0330854 ], [ 25.829701, 41.031403 ], [ 25.8192405, 41.0247694 ], [ 25.8240454, 41.004873 ], [ 25.8224013, 40.9976013 ], [ 25.8027013, 40.9981671 ], [ 25.7987902, 40.9973097 ], [ 25.7787442, 40.9929146 ], [ 25.7705973, 40.998854 ], [ 25.7651717, 40.9993464 ], [ 25.7545393, 40.9957798 ], [ 25.7314601, 40.9800023 ], [ 25.7170698, 40.9768998 ], [ 25.6978453, 40.9791026 ], [ 25.681648, 40.9781028 ], [ 25.6777627, 40.9744017 ], [ 25.6784386, 40.9716924 ], [ 25.6994208, 40.9568939 ], [ 25.6898553, 40.9475935 ], [ 25.6776677, 40.9494208 ], [ 25.6621197, 40.957747 ], [ 25.6503566, 40.9684567 ], [ 25.6316698, 40.9687563 ], [ 25.6216833, 40.9642358 ], [ 25.6190683, 40.955247199999988 ], [ 25.6235409, 40.9274982 ], [ 25.6220336, 40.9206582 ], [ 25.6270079, 40.9101895 ], [ 25.6252176, 40.902903 ], [ 25.6294232, 40.8939767 ], [ 25.6279616, 40.8871922 ], [ 25.632429, 40.8628045 ], [ 25.6978232, 40.8496395 ], [ 25.7268658, 40.8465456 ], [ 25.7798128, 40.8507568 ], [ 25.7987902, 40.8506256 ], [ 25.8133389, 40.850525 ], [ 25.8695717, 40.8417457 ], [ 25.8991361, 40.8430897 ], [ 25.9128601, 40.8470101 ], [ 25.9513957, 40.8407869 ], [ 25.9735316, 40.8309143 ], [ 25.9955355, 40.8130136 ], [ 26.0051987, 40.7954144 ], [ 26.0204922, 40.7944682 ], [ 26.0263705, 40.7892292 ], [ 26.0265511, 40.7868385 ], [ 26.021862, 40.7881422 ], [ 26.0239004, 40.7819936 ], [ 26.0318479, 40.7787696 ], [ 26.0359635, 40.7708719 ], [ 26.0374517, 40.7680158 ], [ 26.0335424, 40.7520984 ], [ 26.0373504, 40.7457518 ], [ 26.0273961, 40.737354 ], [ 26.032758, 40.730257 ], [ 26.0744909, 40.7285493 ], [ 26.1233775, 40.7447725 ], [ 26.1281702, 40.754364699999989 ], [ 26.1303973, 40.7723242 ], [ 26.1541939, 40.8078591 ], [ 26.1882438, 40.8211702 ], [ 26.2001377, 40.8237802 ], [ 26.2138464, 40.8349719 ], [ 26.2148119, 40.8432376 ], [ 26.2084952, 40.8510213 ], [ 26.2093501, 40.8604223 ], [ 26.2216237, 40.869464099999988 ], [ 26.2256695, 40.8850051 ], [ 26.233242, 40.8815984 ], [ 26.2470311, 40.885046 ], [ 26.2544178, 40.902446399999988 ], [ 26.2601405, 40.9079821 ], [ 26.2767396, 40.8954109 ], [ 26.2903156, 40.895755 ], [ 26.2973453, 40.9041641 ], [ 26.2892842, 40.9199861 ], [ 26.2905199, 40.9276352 ], [ 26.3071899, 40.9313833 ], [ 26.3273723, 40.941789 ], [ 26.3467816, 40.944091 ], [ 26.3552624, 40.9479005 ], [ 26.3562906, 40.9520264 ], [ 26.3532988, 40.9573579 ], [ 26.3295095, 40.9798368 ], [ 26.3299815, 40.9858806 ], [ 26.3363745, 40.9911025 ], [ 26.3457375, 40.9922847 ], [ 26.3516776, 40.995873 ], [ 26.3637768, 41.0103782 ], [ 26.3667575, 41.019388 ], [ 26.3633729, 41.0244272 ], [ 26.3479569, 41.0311729 ], [ 26.3399011, 41.0388876 ], [ 26.3302633, 41.0438467 ], [ 26.3288402, 41.0537451 ], [ 26.3136555, 41.0756771 ], [ 26.3145682, 41.0844422 ], [ 26.331282, 41.097768 ], [ 26.3335253, 41.1056108 ], [ 26.3288025, 41.1103212 ], [ 26.3113132, 41.1095079 ], [ 26.3054581, 41.1133032 ], [ 26.3078319, 41.119444799999989 ], [ 26.3239927, 41.1263572 ], [ 26.3246988, 41.1366199 ], [ 26.3321871, 41.1469925 ], [ 26.329166, 41.152985799999989 ], [ 26.3118453, 41.1621111 ], [ 26.3082855, 41.1700544 ], [ 26.3110576, 41.1804894 ], [ 26.3232763, 41.1903551 ], [ 26.3203568, 41.2069485 ], [ 26.3307435, 41.2268973 ], [ 26.3189735, 41.2352178 ], [ 26.317724, 41.2448099 ], [ 26.3231588, 41.2516558 ], [ 26.3332796, 41.2583659 ], [ 26.3768139, 41.2492096 ], [ 26.4063279, 41.2551713 ], [ 26.4227051, 41.2679154 ], [ 26.443854, 41.2824826 ], [ 26.4655914, 41.2865341 ], [ 26.4674356, 41.2894436 ], [ 26.4658199, 41.3006412 ], [ 26.469992, 41.304327 ], [ 26.4818047, 41.3054488 ], [ 26.4893559, 41.30896 ], [ 26.4968525, 41.315845 ], [ 26.5020157, 41.3288915 ], [ 26.5173371, 41.3324208 ], [ 26.5257443, 41.3397498 ], [ 26.5320912, 41.3419487 ], [ 26.5572984, 41.3362803 ], [ 26.5759836, 41.3233202 ], [ 26.5991626, 41.3242745 ], [ 26.6062941, 41.3318652 ], [ 26.6177687, 41.3373318 ], [ 26.6284534, 41.3464415 ], [ 26.6350901, 41.3847768 ], [ 26.630854, 41.4082778 ], [ 26.6275431, 41.4198833 ], [ 26.6131871, 41.426033 ], [ 26.6121785, 41.4407715 ], [ 26.6123192, 41.4436446 ], [ 26.6132435, 41.4625092 ], [ 26.6022355, 41.4767333 ], [ 26.6004768, 41.4837027 ], [ 26.6050299, 41.4998992 ], [ 26.5923552, 41.5298539 ], [ 26.5937665, 41.5363552 ], [ 26.6024174, 41.5462014 ], [ 26.5908044, 41.5614597 ], [ 26.5983632, 41.5786938 ], [ 26.5946229, 41.5891817 ], [ 26.5997898, 41.5972816 ], [ 26.5985615, 41.6031852 ], [ 26.5903217, 41.6100809 ], [ 26.5678541, 41.6106526 ], [ 26.5290926, 41.6222702 ], [ 26.4900472, 41.6531146 ], [ 26.489439, 41.6555416 ], [ 26.495677, 41.661891 ], [ 26.4883048, 41.6711455 ], [ 26.4674264, 41.6707071 ], [ 26.4558009, 41.6761268 ], [ 26.4434855, 41.6857539 ], [ 26.4372817, 41.6852152 ], [ 26.4296293, 41.6811231 ], [ 26.4227051, 41.6829855 ], [ 26.4120658, 41.6834144 ], [ 26.3839659, 41.6924996 ], [ 26.3691731, 41.708114 ], [ 26.357879, 41.7111045 ], [ 26.3470336, 41.7116638 ], [ 26.3298726, 41.71531 ], [ 26.3112302, 41.7094596 ], [ 26.2941685, 41.710758 ], [ 26.2901035, 41.711259 ], [ 26.285653, 41.712 ], [ 26.2796675, 41.713427 ], [ 26.275399, 41.714703 ], [ 26.2567235, 41.7207575 ], [ 26.252791, 41.722088 ], [ 26.250851, 41.7229665 ], [ 26.249101, 41.72396 ], [ 26.247476, 41.72528 ], [ 26.2286056, 41.7401573 ], [ 26.2120597, 41.7322975 ], [ 26.1838983, 41.738881 ], [ 26.1775765, 41.7420403 ] ] ], [ [ [ 25.5820409, 40.5083286 ], [ 25.5651539, 40.5103524 ], [ 25.55546, 40.5087131 ], [ 25.5439724, 40.5051565 ], [ 25.5403023, 40.5045625 ], [ 25.5356569, 40.5058774 ], [ 25.5327247, 40.5047235 ], [ 25.5287352, 40.5052525 ], [ 25.5181604, 40.5028972 ], [ 25.5057594, 40.4982828 ], [ 25.4946557, 40.4950142 ], [ 25.4866766, 40.4891504 ], [ 25.4776952, 40.483578 ], [ 25.4707812, 40.4757018 ], [ 25.4697881, 40.4727493 ], [ 25.4652851, 40.4717464 ], [ 25.4552213, 40.4731127 ], [ 25.4496776, 40.4727316 ], [ 25.453778, 40.4680538 ], [ 25.4545202, 40.4661179 ], [ 25.4556553, 40.4631574 ], [ 25.458056, 40.4610472 ], [ 25.4588404, 40.458118 ], [ 25.4784571, 40.4491121 ], [ 25.4825081, 40.445871 ], [ 25.4872101, 40.4434207 ], [ 25.4953626, 40.4373325 ], [ 25.5079721, 40.4258053 ], [ 25.5251251, 40.4212684 ], [ 25.5362908, 40.4166994 ], [ 25.5406403, 40.415448 ], [ 25.5464736, 40.4107816 ], [ 25.5496212, 40.4054972 ], [ 25.5539967, 40.403172 ], [ 25.5539442, 40.4000738 ], [ 25.5573938, 40.399387399999988 ], [ 25.5592276, 40.3960493 ], [ 25.568117, 40.3972722 ], [ 25.5719421, 40.3954884 ], [ 25.572693, 40.3938456 ], [ 25.5765625, 40.3933996 ], [ 25.5779179, 40.394949 ], [ 25.5830048, 40.3944385 ], [ 25.5847241, 40.3921678 ], [ 25.5872928, 40.3923963 ], [ 25.5936583, 40.394963 ], [ 25.5970966, 40.3935691 ], [ 25.6018061, 40.3939316 ], [ 25.6077379, 40.3979071 ], [ 25.6212133, 40.4009597 ], [ 25.6226996, 40.4021381 ], [ 25.6270916, 40.4018751 ], [ 25.6306742, 40.4048358 ], [ 25.6411734, 40.4085359 ], [ 25.6433626, 40.4084212 ], [ 25.6500799, 40.4080694 ], [ 25.6541639, 40.4109796 ], [ 25.661445, 40.4122264 ], [ 25.6684517, 40.4121764 ], [ 25.6795224, 40.4174373 ], [ 25.6874765, 40.4217013 ], [ 25.6948071, 40.4212773 ], [ 25.6968019, 40.4225992 ], [ 25.695711, 40.4294139 ], [ 25.6941467, 40.4320801 ], [ 25.6935023, 40.4367595 ], [ 25.695597, 40.4429103 ], [ 25.6965279, 40.4480302 ], [ 25.699624, 40.4558263 ], [ 25.6995741, 40.4640798 ], [ 25.6968251, 40.4661179 ], [ 25.6779806, 40.4800874 ], [ 25.6732762, 40.4807538 ], [ 25.6685802, 40.4855483 ], [ 25.6667604, 40.4855233 ], [ 25.6606626, 40.4893208 ], [ 25.657385, 40.4934024 ], [ 25.6502039, 40.4941008 ], [ 25.6433467, 40.4935023 ], [ 25.6375369, 40.4942003 ], [ 25.6293833, 40.4969684 ], [ 25.6190605, 40.5027778 ], [ 25.6148965, 40.5036007 ], [ 25.6056706, 40.5034762 ], [ 25.6014316, 40.504723 ], [ 25.6009582, 40.5027033 ], [ 25.5939015, 40.5028028 ], [ 25.5888151, 40.504723 ], [ 25.5820409, 40.5083286 ] ] ], [ [ [ 25.8403128, 40.4740698 ], [ 25.8357201, 40.4736417 ], [ 25.8391124, 40.4700108 ], [ 25.8430521, 40.4705246 ], [ 25.8403128, 40.4740698 ] ] ], [ [ [ 26.0218762, 40.7796999 ], [ 26.0179523, 40.7785204 ], [ 26.0208029, 40.7749479 ], [ 26.0237928, 40.7759114 ], [ 26.0218762, 40.7796999 ] ] ] ] } },
{ "type": "Feature", "properties": { "LEVL_CODE": 3.0, "MOUNT_TYPE": 2.0, "CNTR_CODE": "EL", "SVRG_UN": "UN Member State", "NAME_ENGL": "Greece", "NAME_LATN": "Xanthi", "NUTS_NAME": "Ξάνθη", "URBN_TYPE": 2.0, "NUTS_ID": "EL512", "CAPT": "Athens", "COAST_TYPE": 1.0, "ISO3_CODE": "GRC", "NAME_FREN": "Grèce", "EU_STAT": "T", "NAME_GERM": "Griechenland", "EFTA_STAT": "F", "CC_STAT": "F", "geo": "EL512" }, "geometry": { "type": "MultiPolygon", "coordinates": [ [ [ [ 24.916964, 41.40841 ], [ 24.8982362, 41.4073569 ], [ 24.8854544, 41.3985013 ], [ 24.8814527, 41.3930206 ], [ 24.8754691, 41.393518 ], [ 24.869656, 41.3910899 ], [ 24.8609123, 41.3933137 ], [ 24.8526924, 41.3991917 ], [ 24.8362411, 41.3983271 ], [ 24.819233, 41.401142 ], [ 24.8216473, 41.385097 ], [ 24.8149874, 41.36989 ], [ 24.8156418, 41.3541627 ], [ 24.8133156, 41.3502015 ], [ 24.8027428, 41.3468181 ], [ 24.7887169, 41.3588963 ], [ 24.783956, 41.360189 ], [ 24.778514, 41.3590931 ], [ 24.7707216, 41.350661 ], [ 24.7619602, 41.3460456 ], [ 24.7441525, 41.3431774 ], [ 24.737784, 41.3384045 ], [ 24.723936, 41.347665 ], [ 24.7162023, 41.356548 ], [ 24.7091373, 41.3575129 ], [ 24.7052707, 41.3546604 ], [ 24.7006589, 41.3352414 ], [ 24.692541, 41.3192757 ], [ 24.6688537, 41.3254487 ], [ 24.6599955, 41.3221589 ], [ 24.6539884, 41.3145415 ], [ 24.6440755, 41.3082752 ], [ 24.6378165, 41.3082339 ], [ 24.63024, 41.3122979 ], [ 24.6215419, 41.3134791 ], [ 24.6027027, 41.307518 ], [ 24.6047604, 41.2972727 ], [ 24.5975707, 41.2794305 ], [ 24.6061474, 41.2696374 ], [ 24.5962954, 41.263277 ], [ 24.581232, 41.2427813 ], [ 24.5568478, 41.2535967 ], [ 24.5503083, 41.2606981 ], [ 24.5399212, 41.264037599999988 ], [ 24.5198016, 41.2649861 ], [ 24.5122699, 41.2626517 ], [ 24.5084083, 41.2542128 ], [ 24.5127997, 41.2348085 ], [ 24.5072672, 41.2246214 ], [ 24.4992523, 41.223281 ], [ 24.4809627, 41.2314559 ], [ 24.4668427, 41.2305588 ], [ 24.4744081, 41.2240695 ], [ 24.483202, 41.2083692 ], [ 24.4941615, 41.2014505 ], [ 24.5185901, 41.1948849 ], [ 24.5434128, 41.2029064 ], [ 24.561289, 41.2008631 ], [ 24.5667767, 41.192683599999988 ], [ 24.5735473, 41.189675199999989 ], [ 24.5997737, 41.1957898 ], [ 24.6179897, 41.1958533 ], [ 24.6340481, 41.2031914 ], [ 24.6663788, 41.205625 ], [ 24.6756529, 41.2031903 ], [ 24.6897978, 41.2033675 ], [ 24.6957457, 41.1996464 ], [ 24.7009166, 41.1832237 ], [ 24.6983317, 41.173798 ], [ 24.69134, 41.1691315 ], [ 24.6735948, 41.1650918 ], [ 24.670239, 41.1583581 ], [ 24.6740273, 41.1536903 ], [ 24.685644, 41.15106 ], [ 24.6904187, 41.1461206 ], [ 24.6929191, 41.1379687 ], [ 24.6870867, 41.1302618 ], [ 24.6935108, 41.1193641 ], [ 24.7026643, 41.1186765 ], [ 24.7099507, 41.1133032 ], [ 24.7169885, 41.1081129 ], [ 24.7328977, 41.1045405 ], [ 24.7310958, 41.0998385 ], [ 24.741205, 41.1010696 ], [ 24.7449649, 41.0979598 ], [ 24.7490675, 41.0983213 ], [ 24.7509981, 41.0947415 ], [ 24.7558562, 41.0948227 ], [ 24.7725844, 41.087997 ], [ 24.759204, 41.0728995 ], [ 24.7532908, 41.0596862 ], [ 24.7419806, 41.0448289 ], [ 24.7333459, 41.0182275 ], [ 24.7447787, 40.9923363 ], [ 24.7571083, 40.9786254 ], [ 24.7590984, 40.9567141 ], [ 24.7706865, 40.9430625 ], [ 24.7789195, 40.9256386 ], [ 24.7966333, 40.9052697 ], [ 24.8026767, 40.8698857 ], [ 24.81349, 40.8580855 ], [ 24.8196085, 40.864708 ], [ 24.824005, 40.8686675 ], [ 24.828373, 40.871708 ], [ 24.835661, 40.87587 ], [ 24.8428935, 40.881214 ], [ 24.845949, 40.882984 ], [ 24.8556555, 40.890251 ], [ 24.871586, 40.9050675 ], [ 24.877668, 40.9089965 ], [ 24.894037, 40.916275 ], [ 24.8987065, 40.917713 ], [ 24.9055635, 40.9204095 ], [ 24.9167745, 40.9232635 ], [ 24.9213315, 40.924896 ], [ 24.9387705, 40.928871 ], [ 24.9632121, 40.9331229 ], [ 24.9754965, 40.929607499999989 ], [ 24.9866593, 40.9312177 ], [ 25.0000009, 40.951173 ], [ 24.9969248, 40.9542929 ], [ 24.9994172, 40.9594992 ], [ 25.0282081, 40.9762222 ], [ 25.0439574, 40.990550399999989 ], [ 25.0681612, 41.0039961 ], [ 25.105725, 41.0055381 ], [ 25.1302818, 40.9987759 ], [ 25.139545, 40.9906875 ], [ 25.1552725, 40.999368 ], [ 25.1584204, 41.0047578 ], [ 25.156769, 41.0113008 ], [ 25.1201069, 41.0450316 ], [ 25.1073444, 41.0796264 ], [ 25.097538, 41.0879177 ], [ 25.0766699, 41.0928125 ], [ 25.0592309, 41.1091112 ], [ 25.0593433, 41.1133032 ], [ 25.0594449, 41.1170934 ], [ 25.0536094, 41.1225178 ], [ 25.0509901, 41.1312574 ], [ 25.0464138, 41.1359744 ], [ 25.0486955, 41.1517405 ], [ 25.0533638, 41.1519279 ], [ 25.0583426, 41.1589381 ], [ 25.0703059, 41.162024 ], [ 25.0830707, 41.1737618 ], [ 25.0986407, 41.1808885 ], [ 25.094023, 41.197163 ], [ 25.113275, 41.2017888 ], [ 25.1210075, 41.208297 ], [ 25.1129706, 41.222352 ], [ 25.1181412, 41.2308863 ], [ 25.1155488, 41.2423122 ], [ 25.1215831, 41.2492399 ], [ 25.1400285, 41.2511856 ], [ 25.1437316, 41.246561 ], [ 25.1413511, 41.2405169 ], [ 25.1519019, 41.2302041 ], [ 25.1650448, 41.2293623 ], [ 25.1623354, 41.2199903 ], [ 25.1650066, 41.2105972 ], [ 25.1727043, 41.2159403 ], [ 25.1722257, 41.2249891 ], [ 25.1774011, 41.2363068 ], [ 25.1862922, 41.2440132 ], [ 25.1976801, 41.2475296 ], [ 25.2028156, 41.2532404 ], [ 25.2246985, 41.264631 ], [ 25.224094, 41.266784 ], [ 25.2252892, 41.271275599999989 ], [ 25.2207868, 41.2813273 ], [ 25.2144218, 41.284228399999989 ], [ 25.2079417, 41.2917443 ], [ 25.1836508, 41.2983843 ], [ 25.1795436, 41.3025149 ], [ 25.1793755, 41.310188 ], [ 25.1716594, 41.3126432 ], [ 25.1652587, 41.3112251 ], [ 25.1599742, 41.3178092 ], [ 25.1509853, 41.3157289 ], [ 25.1444437, 41.322738 ], [ 25.1328172, 41.3233551 ], [ 25.1229038, 41.3336225 ], [ 25.1245815, 41.342261 ], [ 25.1143302, 41.343023699999989 ], [ 25.1076565, 41.3389585 ], [ 25.0989795, 41.3345426 ], [ 25.0931246, 41.3390311 ], [ 25.0833206, 41.3388028 ], [ 25.0698618, 41.3484665 ], [ 25.0635422, 41.3596825 ], [ 25.0552263, 41.364925 ], [ 25.0422629, 41.36746 ], [ 25.032668, 41.3662414 ], [ 25.010622, 41.372638 ], [ 24.9890945, 41.3766105 ], [ 24.9776289, 41.3762193 ], [ 24.9563753, 41.3866222 ], [ 24.949052, 41.387263 ], [ 24.9410262, 41.387351 ], [ 24.9193008, 41.4035854 ], [ 24.916964, 41.40841 ] ] ] ] } },
{ "type": "Feature", "properties": { "LEVL_CODE": 3.0, "MOUNT_TYPE": 4.0, "CNTR_CODE": "EL", "SVRG_UN": "UN Member State", "NAME_ENGL": "Greece", "NAME_LATN": "Kerkyra", "NUTS_NAME": "Κέρκυρα", "URBN_TYPE": 3.0, "NUTS_ID": "EL622", "CAPT": "Athens", "COAST_TYPE": 1.0, "ISO3_CODE": "GRC", "NAME_FREN": "Grèce", "EU_STAT": "T", "NAME_GERM": "Griechenland", "EFTA_STAT": "F", "CC_STAT": "F", "geo": "EL622" }, "geometry": { "type": "MultiPolygon", "coordinates": [ [ [ [ 19.8832846, 39.8009492 ], [ 19.8736955, 39.8143483 ], [ 19.8500174, 39.8207023 ], [ 19.8221311, 39.8026578 ], [ 19.7960882, 39.7915386 ], [ 19.7880399, 39.7924265 ], [ 19.7758048, 39.7977167 ], [ 19.7613203, 39.7955486 ], [ 19.7457855, 39.7979181 ], [ 19.7405556, 39.7966664 ], [ 19.7167681, 39.7909727 ], [ 19.6979874, 39.7972003 ], [ 19.6723548, 39.7948097 ], [ 19.6544259, 39.777628 ], [ 19.6424548, 39.7580979 ], [ 19.635057, 39.7520701 ], [ 19.6429037, 39.7474534 ], [ 19.653184, 39.7356409 ], [ 19.6565042, 39.7179523 ], [ 19.6692124, 39.7208915 ], [ 19.6809274, 39.7138662 ], [ 19.6817261, 39.7076467 ], [ 19.6753172, 39.6933247 ], [ 19.6748523, 39.6820431 ], [ 19.7025913, 39.6701453 ], [ 19.7117675, 39.6741837 ], [ 19.7253589, 39.672982 ], [ 19.723116, 39.6551472 ], [ 19.7338649, 39.6456527 ], [ 19.7405556, 39.6308047 ], [ 19.7430179, 39.6253396 ], [ 19.7725959, 39.6126634 ], [ 19.7770517, 39.6015764 ], [ 19.8060874, 39.5922452 ], [ 19.830141, 39.5730501 ], [ 19.8479807, 39.5472726 ], [ 19.8438078, 39.5299012 ], [ 19.8491829, 39.5178171 ], [ 19.8515635, 39.4952773 ], [ 19.8713258, 39.4558852 ], [ 19.8954172, 39.443386 ], [ 19.9107582, 39.4318951 ], [ 19.9331531, 39.4308645 ], [ 19.9676944, 39.4208875 ], [ 19.9852015, 39.4129203 ], [ 20.0022585, 39.3987933 ], [ 20.0327134, 39.3906273 ], [ 20.0853032, 39.3673681 ], [ 20.0948304, 39.3678343 ], [ 20.1105207, 39.3616777 ], [ 20.1140032, 39.3626186 ], [ 20.1215098, 39.3801358 ], [ 20.1201589, 39.3812904 ], [ 20.1072912, 39.3922872 ], [ 20.1000223, 39.4028999 ], [ 20.0948221, 39.423170299999988 ], [ 20.0865664, 39.4363862 ], [ 20.0853032, 39.4375072 ], [ 20.0775947, 39.4447455 ], [ 20.0713706, 39.4577603 ], [ 20.0521827, 39.4430578 ], [ 20.0337553, 39.4364442 ], [ 20.0174173, 39.4347888 ], [ 20.0104664, 39.438795 ], [ 19.9974421, 39.4581954 ], [ 19.9688247, 39.4614593 ], [ 19.9392323, 39.4732219 ], [ 19.9282602, 39.4900554 ], [ 19.9238424, 39.5063218 ], [ 19.92265, 39.5279774 ], [ 19.9123988, 39.5515803 ], [ 19.9101415, 39.5662206 ], [ 19.9134532, 39.5861971 ], [ 19.9023996, 39.6000003 ], [ 19.9033542, 39.6043287 ], [ 19.9066942, 39.6055566 ], [ 19.9159865, 39.592794 ], [ 19.9238194, 39.5948467 ], [ 19.9261099, 39.6077896 ], [ 19.9229643, 39.6157366 ], [ 19.9294468, 39.624079 ], [ 19.9222835, 39.6270639 ], [ 19.9033865, 39.6284936 ], [ 19.868158, 39.6401188 ], [ 19.8588139, 39.6512883 ], [ 19.8508779, 39.6490852 ], [ 19.8459377, 39.6565202 ], [ 19.8462027, 39.6605746 ], [ 19.8529747, 39.6611536 ], [ 19.8575843, 39.6663776 ], [ 19.8426753, 39.6779203 ], [ 19.8450944, 39.689139 ], [ 19.8404679, 39.6977723 ], [ 19.8440561, 39.7038615 ], [ 19.8807462, 39.7219782 ], [ 19.9042113, 39.724987 ], [ 19.9297261, 39.7358687 ], [ 19.9379727, 39.7442987 ], [ 19.9540491, 39.7696596 ], [ 19.9542705, 39.776319 ], [ 19.9459434, 39.7852029 ], [ 19.9426808, 39.786502399999989 ], [ 19.9409355, 39.7822317 ], [ 19.9377787, 39.7814744 ], [ 19.9295575, 39.7849274 ], [ 19.9218958, 39.7926565 ], [ 19.9124231, 39.7898985 ], [ 19.8953064, 39.7950648 ], [ 19.8832846, 39.8009492 ] ] ], [ [ [ 20.1266201, 39.2381527 ], [ 20.1269875, 39.2222856 ], [ 20.1342193, 39.2191511 ], [ 20.1354508, 39.2141979 ], [ 20.1414937, 39.2096036 ], [ 20.1405656, 39.2013177 ], [ 20.148356, 39.2014363 ], [ 20.1542701, 39.1935818 ], [ 20.1624946, 39.1919055 ], [ 20.1634965, 39.1845982 ], [ 20.1831931, 39.1788077 ], [ 20.2106104, 39.1778421 ], [ 20.2146609, 39.1798565 ], [ 20.2095413, 39.1841275 ], [ 20.2031026, 39.1852766 ], [ 20.2018634, 39.1898939 ], [ 20.1894723, 39.1965426 ], [ 20.1905468, 39.2028481 ], [ 20.1944867, 39.2020888 ], [ 20.1973472, 39.2049996 ], [ 20.1925394, 39.2067985 ], [ 20.1903041, 39.2040341 ], [ 20.1821828, 39.2087714 ], [ 20.1710252, 39.2164313 ], [ 20.1699337, 39.2223692 ], [ 20.1618354, 39.2290097 ], [ 20.1384748, 39.2392411 ], [ 20.1328213, 39.2360907 ], [ 20.1316606, 39.2405427 ], [ 20.1266201, 39.2381527 ] ] ], [ [ [ 19.3901129, 39.8659346 ], [ 19.3816477, 39.868718799999989 ], [ 19.3747367, 39.8612217 ], [ 19.3737757, 39.858278 ], [ 19.3747672, 39.8557766 ], [ 19.3736612, 39.8519183 ], [ 19.3767383, 39.8484409 ], [ 19.3758577, 39.8467246 ], [ 19.3773351, 39.8407268 ], [ 19.3791633, 39.842137699999988 ], [ 19.3832584, 39.8423131 ], [ 19.3858703, 39.840174 ], [ 19.3871897, 39.8364677 ], [ 19.3917237, 39.835797 ], [ 19.4000625, 39.8371964 ], [ 19.4013589, 39.8411616 ], [ 19.4034884, 39.8419897 ], [ 19.4102394, 39.8393429 ], [ 19.4138713, 39.8434111 ], [ 19.4155416, 39.8496188 ], [ 19.4203954, 39.8562609 ], [ 19.4246925, 39.8587433 ], [ 19.4267631, 39.8612332 ], [ 19.4329763, 39.8632383 ], [ 19.429087, 39.8667657 ], [ 19.4219127, 39.8669186 ], [ 19.4146779, 39.8646916 ], [ 19.4059133, 39.8608588 ], [ 19.4012899, 39.8598453 ], [ 19.3970698, 39.860532 ], [ 19.3901129, 39.8659346 ] ] ], [ [ [ 19.5740946, 39.8988191 ], [ 19.5714166, 39.8952238 ], [ 19.5709717, 39.889793 ], [ 19.5738317, 39.885837 ], [ 19.5718131, 39.883798 ], [ 19.5740582, 39.8834683 ], [ 19.5756858, 39.880691 ], [ 19.5757297, 39.87597 ], [ 19.5795539, 39.8769725 ], [ 19.579113, 39.8790665 ], [ 19.5837732, 39.8795109 ], [ 19.5896744, 39.8761884 ], [ 19.592516, 39.8773252 ], [ 19.5926472, 39.8803853 ], [ 19.5964499, 39.884712799999988 ], [ 19.5951825, 39.8915322 ], [ 19.5883965, 39.8948806 ], [ 19.5857708, 39.8947998 ], [ 19.5845333, 39.8976789 ], [ 19.5818837, 39.8973217 ], [ 19.5777049, 39.8992515 ], [ 19.5740946, 39.8988191 ] ] ], [ [ [ 20.2270408, 39.1582303 ], [ 20.2252323, 39.1620578 ], [ 20.2220985, 39.1619156 ], [ 20.2173061, 39.157537 ], [ 20.2115798, 39.1562709 ], [ 20.2095001, 39.1548548 ], [ 20.2108263, 39.1536488 ], [ 20.2158593, 39.1536191 ], [ 20.2152568, 39.1507258 ], [ 20.2172157, 39.1466569 ], [ 20.2269554, 39.1463797 ], [ 20.2304466, 39.1455115 ], [ 20.2305668, 39.1438238 ], [ 20.2360044, 39.1415544 ], [ 20.2355068, 39.1385576 ], [ 20.241266, 39.1370424 ], [ 20.2469924, 39.1394539 ], [ 20.2506391, 39.1389413 ], [ 20.2519355, 39.1408402 ], [ 20.2477161, 39.1423774 ], [ 20.2446416, 39.1456625 ], [ 20.240754, 39.1466266 ], [ 20.2399399, 39.1515091 ], [ 20.2384329, 39.1539503 ], [ 20.2323753, 39.1535888 ], [ 20.2314107, 39.1571754 ], [ 20.2270408, 39.1582303 ] ] ], [ [ [ 19.5357476, 39.7603389 ], [ 19.5319014, 39.7665973 ], [ 19.5196052, 39.7778591 ], [ 19.5191083, 39.7811711 ], [ 19.5153406, 39.7817922 ], [ 19.5102667, 39.7856051 ], [ 19.507213, 39.783482 ], [ 19.5069969, 39.7803205 ], [ 19.5130218, 39.7763273 ], [ 19.5128156, 39.7727166 ], [ 19.5146222, 39.7693693 ], [ 19.5181871, 39.7675384 ], [ 19.5176192, 39.763798 ], [ 19.5252152, 39.7570114 ], [ 19.5316574, 39.7581676 ], [ 19.5357476, 39.7603389 ] ] ], [ [ [ 19.9258649, 39.6451019 ], [ 19.9198405, 39.6436463 ], [ 19.9203664, 39.6419827 ], [ 19.9177693, 39.6404966 ], [ 19.9197562, 39.639079 ], [ 19.9274265, 39.6374119 ], [ 19.929785, 39.6422214 ], [ 19.9258649, 39.6451019 ] ] ], [ [ [ 19.5959227, 39.7671989 ], [ 19.5938914, 39.7719845 ], [ 19.5891527, 39.7684717 ], [ 19.5895702, 39.7657019 ], [ 19.5857699, 39.7649691 ], [ 19.5869474, 39.7620234 ], [ 19.5911601, 39.7622591 ], [ 19.5959227, 39.7671989 ] ] ], [ [ [ 19.6578316, 39.7135018 ], [ 19.6522015, 39.7153477 ], [ 19.6521438, 39.7141534 ], [ 19.6532646, 39.7105236 ], [ 19.6568854, 39.7106637 ], [ 19.6578316, 39.7135018 ] ] ], [ [ [ 19.8798729, 39.6510097 ], [ 19.8762096, 39.6489745 ], [ 19.8797777, 39.6471576 ], [ 19.8842672, 39.6486836 ], [ 19.8798729, 39.6510097 ] ] ] ] } },
{ "type": "Feature", "properties": { "LEVL_CODE": 3.0, "MOUNT_TYPE": 4.0, "CNTR_CODE": "EL", "SVRG_UN": "UN Member State", "NAME_ENGL": "Greece", "NAME_LATN": "Kilkis", "NUTS_NAME": "Κιλκίς", "URBN_TYPE": 3.0, "NUTS_ID": "EL523", "CAPT": "Athens", "COAST_TYPE": 2.0, "ISO3_CODE": "GRC", "NAME_FREN": "Grèce", "EU_STAT": "T", "NAME_GERM": "Griechenland", "EFTA_STAT": "F", "CC_STAT": "F", "geo": "EL523" }, "geometry": { "type": "MultiPolygon", "coordinates": [ [ [ [ 22.8119621, 41.3428063 ], [ 22.806024, 41.3393035 ], [ 22.799353, 41.3408995 ], [ 22.7923673, 41.3301102 ], [ 22.7852497, 41.3266813 ], [ 22.7796135, 41.327059 ], [ 22.7686744, 41.325232 ], [ 22.7638767, 41.3214939 ], [ 22.757237, 41.302991 ], [ 22.758967, 41.2984162 ], [ 22.7643605, 41.29461 ], [ 22.7628536, 41.2846478 ], [ 22.7567719, 41.2758386 ], [ 22.7607956, 41.2658621 ], [ 22.7583065, 41.246044 ], [ 22.755759, 41.226659 ], [ 22.7512745, 41.1925575 ], [ 22.748711, 41.173065 ], [ 22.7468648, 41.1629785 ], [ 22.7325059, 41.1470901 ], [ 22.7113544, 41.1403363 ], [ 22.704892, 41.1446625 ], [ 22.6833375, 41.164983 ], [ 22.66647, 41.1863395 ], [ 22.6482045, 41.180395 ], [ 22.644849, 41.176477 ], [ 22.6414785, 41.1695875 ], [ 22.6425722, 41.1627353 ], [ 22.6373054, 41.1542281 ], [ 22.6176681, 41.1339185 ], [ 22.6093985, 41.128614 ], [ 22.605696, 41.126569 ], [ 22.5885478, 41.118945 ], [ 22.5845071, 41.1171484 ], [ 22.5815192, 41.1178751 ], [ 22.5771207, 41.118945 ], [ 22.5734747, 41.1198318 ], [ 22.5709135, 41.1221149 ], [ 22.5694688, 41.1234026 ], [ 22.5611641, 41.1308049 ], [ 22.536926, 41.130114 ], [ 22.5347865, 41.1298165 ], [ 22.5064651, 41.1257654 ], [ 22.4854569, 41.119616 ], [ 22.4731271, 41.1195653 ], [ 22.4692745, 41.1195495 ], [ 22.4681264, 41.118945 ], [ 22.4652466, 41.1174285 ], [ 22.4607438, 41.118945 ], [ 22.4534394, 41.1214048 ], [ 22.4472949, 41.118945 ], [ 22.4425066, 41.118945 ], [ 22.430352, 41.1205215 ], [ 22.4179443, 41.1190643 ], [ 22.4029187, 41.129113 ], [ 22.4033554, 41.136678 ], [ 22.395813, 41.1375085 ], [ 22.3878673, 41.1325905 ], [ 22.3820083, 41.1326615 ], [ 22.371834, 41.1376203 ], [ 22.3635517, 41.1329585 ], [ 22.3486807, 41.1350278 ], [ 22.3341432, 41.1280385 ], [ 22.332052, 41.1202725 ], [ 22.3320746, 41.118945 ], [ 22.3323509, 41.1027514 ], [ 22.3284852, 41.0930393 ], [ 22.3311749, 41.0835844 ], [ 22.3216967, 41.0707048 ], [ 22.3187394, 41.0620599 ], [ 22.3301509, 41.0460879 ], [ 22.3182235, 41.0324936 ], [ 22.3094602, 41.028796 ], [ 22.3060992, 41.0163241 ], [ 22.2652829, 41.0167821 ], [ 22.255377, 41.0120252 ], [ 22.2515787, 41.0076144 ], [ 22.2516568, 40.9895536 ], [ 22.2571443, 40.9839845 ], [ 22.2576035, 40.9640066 ], [ 22.2614193, 40.9585649 ], [ 22.267306, 40.95712 ], [ 22.2905609, 40.9695789 ], [ 22.3485627, 40.9512929 ], [ 22.3568326, 40.9421271 ], [ 22.3597701, 40.9196625 ], [ 22.3655889, 40.9055324 ], [ 22.3876496, 40.8940644 ], [ 22.4226829, 40.8709527 ], [ 22.4354584, 40.8578652 ], [ 22.4460248, 40.8578082 ], [ 22.4510951, 40.8708233 ], [ 22.4608649, 40.8787244 ], [ 22.4694174, 40.8813922 ], [ 22.4773911, 40.8782181 ], [ 22.4857223, 40.8783339 ], [ 22.5056561, 40.868206 ], [ 22.5341622, 40.8664726 ], [ 22.5709135, 40.8543345 ], [ 22.575563, 40.8538542 ], [ 22.5815192, 40.8518946 ], [ 22.6194307, 40.8394203 ], [ 22.6400901, 40.8396465 ], [ 22.6342528, 40.853695 ], [ 22.6361347, 40.8596969 ], [ 22.6863095, 40.8599275 ], [ 22.6884402, 40.851527 ], [ 22.6855692, 40.8396465 ], [ 22.6840519, 40.8320239 ], [ 22.6930351, 40.8159117 ], [ 22.695091, 40.798478 ], [ 22.7027682, 40.7944793 ], [ 22.718619, 40.7952583 ], [ 22.7377948, 40.7917408 ], [ 22.7409011, 40.8020047 ], [ 22.7627251, 40.8029855 ], [ 22.7607857, 40.8159117 ], [ 22.7641589, 40.8211032 ], [ 22.8035855, 40.8232315 ], [ 22.8242639, 40.8220452 ], [ 22.8551556, 40.8091319 ], [ 22.8577834, 40.8115258 ], [ 22.8639521, 40.8171453 ], [ 22.8644556, 40.8218958 ], [ 22.8891623, 40.820725 ], [ 22.8985403, 40.8225732 ], [ 22.9373079, 40.8140297 ], [ 22.9388173, 40.8155899 ], [ 22.9335477, 40.8230549 ], [ 22.9549005, 40.8238573 ], [ 22.961832, 40.827431 ], [ 22.9566431, 40.8396465 ], [ 22.9547875, 40.850611 ], [ 22.9581779, 40.8532184 ], [ 22.9672918, 40.854116 ], [ 22.9794259, 40.8686739 ], [ 22.9866464, 40.871488 ], [ 22.999798, 40.8705925 ], [ 23.0117229, 40.8776537 ], [ 23.0150714, 40.9009627 ], [ 23.0118329, 40.9035414 ], [ 23.015971, 40.9109998 ], [ 23.0113553, 40.9190449 ], [ 23.0124545, 40.9300174 ], [ 23.0090926, 40.9377517 ], [ 23.0197207, 40.9389708 ], [ 23.029624, 40.9444472 ], [ 23.0400267, 40.9444092 ], [ 23.060713, 40.9516711 ], [ 23.0795845, 40.9542687 ], [ 23.0860173, 40.9579085 ], [ 23.0887876, 40.9688277 ], [ 23.091812, 40.9680339 ], [ 23.0989874, 40.9558906 ], [ 23.1112638, 40.9482709 ], [ 23.1237746, 40.9469524 ], [ 23.126048, 40.9534984 ], [ 23.1291726, 40.9550013 ], [ 23.157502, 40.9551166 ], [ 23.1712951, 40.9642211 ], [ 23.1831218, 40.9835431 ], [ 23.2209228, 40.9928478 ], [ 23.2269353, 40.9978118 ], [ 23.2375346, 41.0012921 ], [ 23.240374, 41.006035 ], [ 23.2488639, 41.01045 ], [ 23.2515801, 41.0201569 ], [ 23.2390574, 41.0244546 ], [ 23.2312546, 41.0305533 ], [ 23.2278152, 41.0356199 ], [ 23.23045, 41.0429148 ], [ 23.2280715, 41.0477112 ], [ 23.2221297, 41.04962 ], [ 23.2033251, 41.0433489 ], [ 23.1872465, 41.0455998 ], [ 23.1849953, 41.0481588 ], [ 23.1920363, 41.0579485 ], [ 23.1949869, 41.0746383 ], [ 23.2034196, 41.0814166 ], [ 23.2057973, 41.0937061 ], [ 23.2139023, 41.1011189 ], [ 23.205355, 41.1020369 ], [ 23.1983208, 41.1064744 ], [ 23.1855825, 41.1094428 ], [ 23.1838938, 41.1171454 ], [ 23.181038, 41.118945 ], [ 23.1443908, 41.1193732 ], [ 23.138245, 41.123736 ], [ 23.1288379, 41.1260965 ], [ 23.115217, 41.1371459 ], [ 23.0935818, 41.1410963 ], [ 23.0919181, 41.1467239 ], [ 23.0790899, 41.1507181 ], [ 23.0531845, 41.152267 ], [ 23.0405627, 41.1630465 ], [ 23.0424766, 41.1709755 ], [ 23.0395747, 41.1756064 ], [ 23.0101776, 41.1890275 ], [ 23.0028548, 41.1897026 ], [ 22.9961191, 41.1958556 ], [ 22.9943945, 41.200857 ], [ 22.9984229, 41.2113392 ], [ 22.9929442, 41.2247404 ], [ 22.9750725, 41.2115052 ], [ 22.9560634, 41.2030574 ], [ 22.9428637, 41.200566 ], [ 22.9278084, 41.1922529 ], [ 22.9202922, 41.1924452 ], [ 22.9088152, 41.197575 ], [ 22.8932235, 41.195916 ], [ 22.8812741, 41.2016002 ], [ 22.8769294, 41.2068453 ], [ 22.8728875, 41.2200477 ], [ 22.874085, 41.2248219 ], [ 22.869259, 41.2362257 ], [ 22.8701615, 41.2414344 ], [ 22.8793797, 41.2510545 ], [ 22.8890829, 41.2549823 ], [ 22.8911666, 41.2583144 ], [ 22.8813466, 41.2720524 ], [ 22.8842076, 41.2883399 ], [ 22.88245, 41.3132908 ], [ 22.8767343, 41.3329292 ], [ 22.8791785, 41.340653 ], [ 22.8577834, 41.338342499999989 ], [ 22.830848, 41.3354335 ], [ 22.8201176, 41.3352592 ], [ 22.8156645, 41.3408925 ], [ 22.8119621, 41.3428063 ] ] ] ] } },
{ "type": "Feature", "properties": { "LEVL_CODE": 3.0, "MOUNT_TYPE": 2.0, "CNTR_CODE": "EL", "SVRG_UN": "UN Member State", "NAME_ENGL": "Greece", "NAME_LATN": "Pella", "NUTS_NAME": "Πέλλα", "URBN_TYPE": 3.0, "NUTS_ID": "EL524", "CAPT": "Athens", "COAST_TYPE": 2.0, "ISO3_CODE": "GRC", "NAME_FREN": "Grèce", "EU_STAT": "T", "NAME_GERM": "Griechenland", "EFTA_STAT": "F", "CC_STAT": "F", "geo": "EL524" }, "geometry": { "type": "MultiPolygon", "coordinates": [ [ [ [ 22.216216, 41.1704575 ], [ 22.202311, 41.1618042 ], [ 22.1895207, 41.1612439 ], [ 22.170848, 41.1555555 ], [ 22.15765, 41.140416 ], [ 22.1486793, 41.1280351 ], [ 22.1290569, 41.1233542 ], [ 22.1195106, 41.1271132 ], [ 22.1124025, 41.134299 ], [ 22.0883899, 41.1385287 ], [ 22.0799291, 41.1445924 ], [ 22.0783865, 41.1530066 ], [ 22.06168, 41.1613135 ], [ 22.0591942, 41.1512943 ], [ 22.0470163, 41.1477803 ], [ 22.0403789, 41.1405486 ], [ 22.0315265, 41.1367015 ], [ 22.0274973, 41.1328103 ], [ 22.0161964, 41.1323221 ], [ 21.9925544, 41.1265431 ], [ 21.9841086, 41.1276985 ], [ 21.9797279, 41.1271312 ], [ 21.9749027, 41.1294747 ], [ 21.9710625, 41.1267135 ], [ 21.9636618, 41.118945 ], [ 21.9623572, 41.1175754 ], [ 21.9550684, 41.1163057 ], [ 21.9510077, 41.1108979 ], [ 21.9343481, 41.1047696 ], [ 21.929438, 41.1003505 ], [ 21.92175, 41.0946386 ], [ 21.9088965, 41.0908515 ], [ 21.91015, 41.0819465 ], [ 21.9040842, 41.0695555 ], [ 21.9086762, 41.0631338 ], [ 21.9117778, 41.0494157 ], [ 21.9068767, 41.0440069 ], [ 21.897876, 41.0395171 ], [ 21.8828546, 41.0401508 ], [ 21.8836411, 41.0282528 ], [ 21.8754219, 41.0259398 ], [ 21.8716917, 41.0214945 ], [ 21.8609573, 41.018947 ], [ 21.854616, 41.013943 ], [ 21.8486511, 41.0070091 ], [ 21.8448187, 40.9962687 ], [ 21.8163788, 40.9864447 ], [ 21.7998165, 40.9754265 ], [ 21.8000767, 40.9592283 ], [ 21.8053683, 40.9507559 ], [ 21.8031256, 40.944642 ], [ 21.7909989, 40.9385758 ], [ 21.787378, 40.9311255 ], [ 21.7972552, 40.9248108 ], [ 21.8068686, 40.9096653 ], [ 21.8268515, 40.9055377 ], [ 21.8310115, 40.89907 ], [ 21.8102361, 40.8887364 ], [ 21.8016259, 40.8793792 ], [ 21.7745215, 40.8683042 ], [ 21.7446481, 40.8632214 ], [ 21.7340767, 40.8551986 ], [ 21.7298532, 40.8584709 ], [ 21.7320455, 40.8672126 ], [ 21.7213103, 40.8706068 ], [ 21.71392, 40.8697923 ], [ 21.7047811, 40.8634513 ], [ 21.711861, 40.8509675 ], [ 21.7413584, 40.8186495 ], [ 21.7412895, 40.8120217 ], [ 21.7360438, 40.8055112 ], [ 21.7412988, 40.7955998 ], [ 21.7326118, 40.7872694 ], [ 21.7332499, 40.7849985 ], [ 21.7491752, 40.775331799999989 ], [ 21.7730232, 40.778881 ], [ 21.7902204, 40.7751651 ], [ 21.7944482, 40.7723996 ], [ 21.7936914, 40.7708719 ], [ 21.7800859, 40.7433993 ], [ 21.8110113, 40.7258697 ], [ 21.815064, 40.7113255 ], [ 21.8134796, 40.7056561 ], [ 21.8171144, 40.6990468 ], [ 21.821787, 40.6966915 ], [ 21.8348295, 40.6986383 ], [ 21.8402087, 40.7056561 ], [ 21.8432613, 40.7076692 ], [ 21.8459772, 40.7081477 ], [ 21.8497008, 40.7056561 ], [ 21.8580225, 40.6957138 ], [ 21.8657085, 40.6915021 ], [ 21.9060115, 40.682092 ], [ 21.924387, 40.6852221 ], [ 21.9398483, 40.6823109 ], [ 21.9472747, 40.6783082 ], [ 21.9523721, 40.6860966 ], [ 21.9660484, 40.693961 ], [ 21.9763919, 40.6935653 ], [ 21.9841086, 40.6900964 ], [ 22.0094357, 40.6992612 ], [ 22.0512275, 40.7042648 ], [ 22.0708, 40.70951 ], [ 22.0711995, 40.7179199 ], [ 22.0610848, 40.7217786 ], [ 22.0570066, 40.7260005 ], [ 22.0574913, 40.7298101 ], [ 22.062539, 40.7334006 ], [ 22.0789999, 40.7339729 ], [ 22.091489, 40.728425 ], [ 22.109774, 40.7174776 ], [ 22.1176461, 40.7079958 ], [ 22.1353445, 40.7089816 ], [ 22.1702548, 40.6976592 ], [ 22.1944464, 40.6982445 ], [ 22.2056095, 40.7013475 ], [ 22.2218013, 40.7001378 ], [ 22.2274649, 40.6970562 ], [ 22.2306977, 40.6911484 ], [ 22.2414376, 40.6929656 ], [ 22.2516385, 40.688547 ], [ 22.2679082, 40.6649216 ], [ 22.311782, 40.6398405 ], [ 22.3381186, 40.6660244 ], [ 22.3623273, 40.6814166 ], [ 22.3870714, 40.7113697 ], [ 22.3973153, 40.6885288 ], [ 22.4318021, 40.6817109 ], [ 22.4562569, 40.6941526 ], [ 22.4631879, 40.700315 ], [ 22.4661367, 40.7097356 ], [ 22.4731271, 40.713387499999989 ], [ 22.4793133, 40.716619 ], [ 22.485731, 40.7179777 ], [ 22.491367, 40.7112675 ], [ 22.5119159, 40.7202332 ], [ 22.5133141, 40.7279436 ], [ 22.5199307, 40.7313085 ], [ 22.5376448, 40.7327189 ], [ 22.561491, 40.726084 ], [ 22.5688172, 40.7390139 ], [ 22.5654536, 40.7476547 ], [ 22.5538042, 40.7526775 ], [ 22.5434565, 40.7708719 ], [ 22.5329921, 40.7892664 ], [ 22.5215331, 40.7919475 ], [ 22.5036264, 40.8014466 ], [ 22.4954653, 40.7988466 ], [ 22.4960164, 40.8094051 ], [ 22.5027943, 40.8165437 ], [ 22.5091136, 40.8156081 ], [ 22.5115638, 40.807325 ], [ 22.5192663, 40.8036455 ], [ 22.5424255, 40.801417099999988 ], [ 22.5488727, 40.805316 ], [ 22.5459645, 40.8089057 ], [ 22.5477467, 40.8103644 ], [ 22.5585099, 40.8034573 ], [ 22.5662981, 40.8076693 ], [ 22.5370423, 40.8396465 ], [ 22.5390527, 40.8424343 ], [ 22.5424116, 40.8435133 ], [ 22.5502209, 40.8396465 ], [ 22.5520331, 40.8358644 ], [ 22.5631548, 40.8293652 ], [ 22.5694688, 40.821189 ], [ 22.5709135, 40.8193181 ], [ 22.5769379, 40.8115159 ], [ 22.5815192, 40.8088264 ], [ 22.5858333, 40.8062937 ], [ 22.5969291, 40.8049803 ], [ 22.6059295, 40.8087993 ], [ 22.6148732, 40.8167684 ], [ 22.6436445, 40.8152653 ], [ 22.6428526, 40.8347717 ], [ 22.6400901, 40.8396465 ], [ 22.6194307, 40.8394203 ], [ 22.5815192, 40.8518946 ], [ 22.575563, 40.8538542 ], [ 22.5709135, 40.8543345 ], [ 22.5341622, 40.8664726 ], [ 22.5056561, 40.868206 ], [ 22.4857223, 40.8783339 ], [ 22.4773911, 40.8782181 ], [ 22.4694174, 40.8813922 ], [ 22.4608649, 40.8787244 ], [ 22.4510951, 40.8708233 ], [ 22.4460248, 40.8578082 ], [ 22.4354584, 40.8578652 ], [ 22.4226829, 40.8709527 ], [ 22.3876496, 40.8940644 ], [ 22.3655889, 40.9055324 ], [ 22.3597701, 40.9196625 ], [ 22.3568326, 40.9421271 ], [ 22.3485627, 40.9512929 ], [ 22.2905609, 40.9695789 ], [ 22.267306, 40.95712 ], [ 22.2614193, 40.9585649 ], [ 22.2576035, 40.9640066 ], [ 22.2571443, 40.9839845 ], [ 22.2516568, 40.9895536 ], [ 22.2515787, 41.0076144 ], [ 22.255377, 41.0120252 ], [ 22.2652829, 41.0167821 ], [ 22.3060992, 41.0163241 ], [ 22.3094602, 41.028796 ], [ 22.3182235, 41.0324936 ], [ 22.3301509, 41.0460879 ], [ 22.3187394, 41.0620599 ], [ 22.3216967, 41.0707048 ], [ 22.3311749, 41.0835844 ], [ 22.3284852, 41.0930393 ], [ 22.3323509, 41.1027514 ], [ 22.3320746, 41.118945 ], [ 22.332052, 41.1202725 ], [ 22.3264959, 41.1233734 ], [ 22.3272317, 41.1365298 ], [ 22.3214467, 41.1434693 ], [ 22.3209187, 41.1496932 ], [ 22.3055054, 41.1463834 ], [ 22.2865513, 41.155248 ], [ 22.277028, 41.1559746 ], [ 22.273044, 41.1626105 ], [ 22.2578759, 41.1660209 ], [ 22.237965, 41.1630409 ], [ 22.2246265, 41.16524 ], [ 22.216216, 41.1704575 ] ] ] ] } },
{ "type": "Feature", "properties": { "LEVL_CODE": 3.0, "MOUNT_TYPE": 4.0, "CNTR_CODE": "EL", "SVRG_UN": "UN Member State", "NAME_ENGL": "Greece", "NAME_LATN": "Pieria", "NUTS_NAME": "Πιερία", "URBN_TYPE": 2.0, "NUTS_ID": "EL525", "CAPT": "Athens", "COAST_TYPE": 1.0, "ISO3_CODE": "GRC", "NAME_FREN": "Grèce", "EU_STAT": "T", "NAME_GERM": "Griechenland", "EFTA_STAT": "F", "CC_STAT": "F", "geo": "EL525" }, "geometry": { "type": "MultiPolygon", "coordinates": [ [ [ [ 22.5176261, 40.5487581 ], [ 22.491273, 40.5289741 ], [ 22.4767435, 40.5247922 ], [ 22.4731271, 40.5244447 ], [ 22.4692715, 40.5240742 ], [ 22.4609753, 40.5287575 ], [ 22.4488009, 40.5303229 ], [ 22.4393119, 40.5307387 ], [ 22.4342388, 40.5287071 ], [ 22.432557, 40.5252113 ], [ 22.4365685, 40.5085818 ], [ 22.4210483, 40.4885279 ], [ 22.4241301, 40.4813473 ], [ 22.4305211, 40.4764282 ], [ 22.4288064, 40.4748969 ], [ 22.4234356, 40.4701007 ], [ 22.4164868, 40.4558767 ], [ 22.398413, 40.450616 ], [ 22.3952643, 40.443466 ], [ 22.3736871, 40.4192492 ], [ 22.3546709, 40.4147782 ], [ 22.3490516, 40.4108271 ], [ 22.3459078, 40.4047504 ], [ 22.3324206, 40.3995567 ], [ 22.3143975, 40.3828785 ], [ 22.3105918, 40.3762831 ], [ 22.2909332, 40.3621258 ], [ 22.2952568, 40.3526826 ], [ 22.2937857, 40.3386437 ], [ 22.2897234, 40.3411981 ], [ 22.2826097, 40.3570512 ], [ 22.2771985, 40.3561308 ], [ 22.2690287, 40.3479886 ], [ 22.2523209, 40.3410251 ], [ 22.2310176, 40.3425636 ], [ 22.2130938, 40.3240312 ], [ 22.2039784, 40.304919 ], [ 22.1979909, 40.3022633 ], [ 22.183821, 40.302277 ], [ 22.1944501, 40.29329 ], [ 22.194602, 40.2863395 ], [ 22.1817843, 40.2743818 ], [ 22.1811585, 40.2664233 ], [ 22.1688782, 40.2360751 ], [ 22.1074649, 40.2065102 ], [ 22.1043689, 40.1979525 ], [ 22.1157035, 40.190249 ], [ 22.1461812, 40.1896492 ], [ 22.1823589, 40.1966586 ], [ 22.2045617, 40.1931236 ], [ 22.2107693, 40.1898279 ], [ 22.220959, 40.1767799 ], [ 22.2125094, 40.1738056 ], [ 22.2009286, 40.169729 ], [ 22.1930977, 40.1617065 ], [ 22.1907586, 40.1542685 ], [ 22.1930056, 40.147929 ], [ 22.2042185, 40.1504419 ], [ 22.2093013, 40.147923 ], [ 22.2065969, 40.1282244 ], [ 22.2165471, 40.1108464 ], [ 22.21582, 40.102322 ], [ 22.2418179, 40.1124529 ], [ 22.246337, 40.1226264 ], [ 22.2629832, 40.1402692 ], [ 22.2685505, 40.1593126 ], [ 22.2879138, 40.1738056 ], [ 22.3003955, 40.1744451 ], [ 22.3192453, 40.1807277 ], [ 22.326618, 40.1738056 ], [ 22.3331187, 40.1692999 ], [ 22.3406035, 40.167822199999989 ], [ 22.353412, 40.1563575 ], [ 22.3523815, 40.1501321 ], [ 22.3445532, 40.1418325 ], [ 22.3466398, 40.1307905 ], [ 22.3507226, 40.1308393 ], [ 22.3560635, 40.1391598 ], [ 22.3697291, 40.1397983 ], [ 22.3716091, 40.135863 ], [ 22.3666652, 40.126348 ], [ 22.3647955, 40.099016 ], [ 22.3583977, 40.0923931 ], [ 22.3576331, 40.08492 ], [ 22.3492422, 40.0805847 ], [ 22.3466393, 40.0690595 ], [ 22.3614678, 40.0648664 ], [ 22.3645418, 40.0531235 ], [ 22.3745977, 40.0491384 ], [ 22.3786467, 40.0401297 ], [ 22.3987488, 40.0483515 ], [ 22.4102396, 40.0358195 ], [ 22.4309235, 40.0400262 ], [ 22.4392683, 40.0310424 ], [ 22.4537211, 40.0251428 ], [ 22.4623126, 40.0183424 ], [ 22.4731271, 40.0148476 ], [ 22.4814106, 40.0121706 ], [ 22.4904863, 40.0118899 ], [ 22.4950295, 40.0071216 ], [ 22.4891025, 40.0007615 ], [ 22.4893198, 39.9943607 ], [ 22.4981221, 39.9876098 ], [ 22.4991073, 39.968078 ], [ 22.5072733, 39.9587663 ], [ 22.5148497, 39.9575477 ], [ 22.5311929, 39.9481237 ], [ 22.5473246, 39.9523084 ], [ 22.5627787, 39.9519549 ], [ 22.5709135, 39.9538444 ], [ 22.572847, 39.9542935 ], [ 22.5815192, 39.9527725 ], [ 22.5958484, 39.9549872 ], [ 22.6048221, 39.9584707 ], [ 22.6166873, 39.9696264 ], [ 22.624303, 39.9717467 ], [ 22.6542425, 39.9633131 ], [ 22.6603485, 39.9498619 ], [ 22.6645848, 39.9461077 ], [ 22.6695989, 39.9480248 ], [ 22.6783816, 39.9569515 ], [ 22.6700319, 39.9706003 ], [ 22.6645848, 39.9732582 ], [ 22.6645848, 39.9747564 ], [ 22.6380399, 39.9842377 ], [ 22.615121, 39.9970817 ], [ 22.5957172, 40.0113808 ], [ 22.5864317, 40.0385024 ], [ 22.5815192, 40.0440023 ], [ 22.5709135, 40.0558745 ], [ 22.5681021, 40.0964164 ], [ 22.5586381, 40.1121501 ], [ 22.5480839, 40.1459285 ], [ 22.550259, 40.1590673 ], [ 22.555835, 40.1711351 ], [ 22.5709135, 40.188799 ], [ 22.5815192, 40.2008006 ], [ 22.584843, 40.2045615 ], [ 22.5900678, 40.2102111 ], [ 22.5861396, 40.225730299999988 ], [ 22.5883219, 40.2388483 ], [ 22.6001176, 40.2720543 ], [ 22.6192409, 40.3065245 ], [ 22.6352384, 40.3271819 ], [ 22.642106, 40.336048 ], [ 22.6589711, 40.3546322 ], [ 22.6612597, 40.3650542 ], [ 22.626635, 40.3776999 ], [ 22.6119142, 40.4070217 ], [ 22.6108868, 40.4178339 ], [ 22.6059931, 40.4270107 ], [ 22.6054141, 40.4419006 ], [ 22.5889219, 40.4567431 ], [ 22.586825, 40.4616607 ], [ 22.5945571, 40.4726125 ], [ 22.6015831, 40.4746113 ], [ 22.6121062, 40.4732679 ], [ 22.6189602, 40.4806147 ], [ 22.6297092, 40.4725931 ], [ 22.6387762, 40.4736043 ], [ 22.6435678, 40.4704515 ], [ 22.6578843, 40.4674244 ], [ 22.6609352, 40.4707762 ], [ 22.6524366, 40.4794317 ], [ 22.6569455, 40.4843611 ], [ 22.6706715, 40.4871926 ], [ 22.6639575, 40.4915545 ], [ 22.6293572, 40.4950613 ], [ 22.6092365, 40.5186591 ], [ 22.6013414, 40.5347949 ], [ 22.5911366, 40.5415675 ], [ 22.5815192, 40.5434837 ], [ 22.5723345, 40.5453136 ], [ 22.5709135, 40.5443767 ], [ 22.5694688, 40.5434243 ], [ 22.5650115, 40.5404857 ], [ 22.5466102, 40.5407708 ], [ 22.5176261, 40.5487581 ] ] ] ] } },
{ "type": "Feature", "properties": { "LEVL_CODE": 3.0, "MOUNT_TYPE": 2.0, "CNTR_CODE": "EL", "SVRG_UN": "UN Member State", "NAME_ENGL": "Greece", "NAME_LATN": "Serres", "NUTS_NAME": "Σέρρες", "URBN_TYPE": 3.0, "NUTS_ID": "EL526", "CAPT": "Athens", "COAST_TYPE": 1.0, "ISO3_CODE": "GRC", "NAME_FREN": "Grèce", "EU_STAT": "T", "NAME_GERM": "Griechenland", "EFTA_STAT": "F", "CC_STAT": "F", "geo": "EL526" }, "geometry": { "type": "MultiPolygon", "coordinates": [ [ [ [ 23.4383521, 41.4059531 ], [ 23.4205904, 41.3990705 ], [ 23.415894, 41.399648 ], [ 23.404374, 41.4011347 ], [ 23.3977175, 41.395471 ], [ 23.386343, 41.3901398 ], [ 23.3766065, 41.3819986 ], [ 23.3668381, 41.3803609 ], [ 23.3598065, 41.3767991 ], [ 23.3508338, 41.367414 ], [ 23.341735, 41.3642185 ], [ 23.322365, 41.3987707 ], [ 23.297587, 41.4013485 ], [ 23.2832187, 41.3995543 ], [ 23.280173, 41.397383 ], [ 23.256318, 41.3827802 ], [ 23.2327542, 41.3754399 ], [ 23.2264626, 41.3665652 ], [ 23.230656, 41.3493309 ], [ 23.2204442, 41.3330593 ], [ 23.1987258, 41.3227051 ], [ 23.1894464, 41.3223941 ], [ 23.1812409, 41.3193932 ], [ 23.174805, 41.321235 ], [ 23.134576, 41.320239 ], [ 23.1189519, 41.320484 ], [ 23.1064376, 41.3168233 ], [ 23.0864065, 41.3193415 ], [ 23.080069, 41.3197805 ], [ 23.055959, 41.3257395 ], [ 23.0332885, 41.332724 ], [ 23.0272921, 41.33326 ], [ 23.0167804, 41.3300376 ], [ 23.003488, 41.330591 ], [ 22.9835455, 41.33563 ], [ 22.9745567, 41.3328701 ], [ 22.9514077, 41.335281 ], [ 22.9317649, 41.3403942 ], [ 22.9275915, 41.3385395 ], [ 22.9081535, 41.340839 ], [ 22.8968918, 41.3381177 ], [ 22.879686, 41.340692 ], [ 22.8791785, 41.340653 ], [ 22.8767343, 41.3329292 ], [ 22.88245, 41.3132908 ], [ 22.8842076, 41.2883399 ], [ 22.8813466, 41.2720524 ], [ 22.8911666, 41.2583144 ], [ 22.8890829, 41.2549823 ], [ 22.8793797, 41.2510545 ], [ 22.8701615, 41.2414344 ], [ 22.869259, 41.2362257 ], [ 22.874085, 41.2248219 ], [ 22.8728875, 41.2200477 ], [ 22.8769294, 41.2068453 ], [ 22.8812741, 41.2016002 ], [ 22.8932235, 41.195916 ], [ 22.9088152, 41.197575 ], [ 22.9202922, 41.1924452 ], [ 22.9278084, 41.1922529 ], [ 22.9428637, 41.200566 ], [ 22.9560634, 41.2030574 ], [ 22.9750725, 41.2115052 ], [ 22.9929442, 41.2247404 ], [ 22.9984229, 41.2113392 ], [ 22.9943945, 41.200857 ], [ 22.9961191, 41.1958556 ], [ 23.0028548, 41.1897026 ], [ 23.0101776, 41.1890275 ], [ 23.0395747, 41.1756064 ], [ 23.0424766, 41.1709755 ], [ 23.0405627, 41.1630465 ], [ 23.0531845, 41.152267 ], [ 23.0790899, 41.1507181 ], [ 23.0919181, 41.1467239 ], [ 23.0935818, 41.1410963 ], [ 23.115217, 41.1371459 ], [ 23.1288379, 41.1260965 ], [ 23.138245, 41.123736 ], [ 23.1443908, 41.1193732 ], [ 23.181038, 41.118945 ], [ 23.1838938, 41.1171454 ], [ 23.1855825, 41.1094428 ], [ 23.1983208, 41.1064744 ], [ 23.205355, 41.1020369 ], [ 23.2139023, 41.1011189 ], [ 23.2057973, 41.0937061 ], [ 23.2034196, 41.0814166 ], [ 23.1949869, 41.0746383 ], [ 23.1920363, 41.0579485 ], [ 23.1849953, 41.0481588 ], [ 23.1872465, 41.0455998 ], [ 23.2033251, 41.0433489 ], [ 23.2221297, 41.04962 ], [ 23.2280715, 41.0477112 ], [ 23.23045, 41.0429148 ], [ 23.2278152, 41.0356199 ], [ 23.2312546, 41.0305533 ], [ 23.2390574, 41.0244546 ], [ 23.2515801, 41.0201569 ], [ 23.2488639, 41.01045 ], [ 23.240374, 41.006035 ], [ 23.2564987, 40.9963148 ], [ 23.2608543, 40.9727538 ], [ 23.2612603, 40.9705571 ], [ 23.2695123, 40.9612657 ], [ 23.2770665, 40.9462455 ], [ 23.297968, 40.9526055 ], [ 23.3084945, 40.94717 ], [ 23.3141309, 40.9489096 ], [ 23.3205338, 40.9469147 ], [ 23.3250939, 40.9395051 ], [ 23.332578, 40.9422572 ], [ 23.3311937, 40.9350582 ], [ 23.3349208, 40.9294234 ], [ 23.3346716, 40.9207631 ], [ 23.3469466, 40.917489 ], [ 23.3556701, 40.9122202 ], [ 23.3615554, 40.8861435 ], [ 23.3607993, 40.8741072 ], [ 23.3668381, 40.8606316 ], [ 23.3760844, 40.8530724 ], [ 23.3899762, 40.8526443 ], [ 23.4021926, 40.8574301 ], [ 23.4234053, 40.8570971 ], [ 23.4353819, 40.8620589 ], [ 23.4434484, 40.8608496 ], [ 23.4449271, 40.8580514 ], [ 23.4390894, 40.8487489 ], [ 23.4438644, 40.8396465 ], [ 23.4401469, 40.8312688 ], [ 23.4438815, 40.828674 ], [ 23.4497844, 40.827292 ], [ 23.4669219, 40.830507 ], [ 23.4730338, 40.8316536 ], [ 23.4779669, 40.8346615 ], [ 23.48026, 40.8396465 ], [ 23.4838197, 40.8421163 ], [ 23.4990441, 40.8433426 ], [ 23.5136317, 40.8396465 ], [ 23.5294308, 40.830629 ], [ 23.5343058, 40.8213319 ], [ 23.5326682, 40.815557 ], [ 23.5347427, 40.8110582 ], [ 23.5466718, 40.8075281 ], [ 23.5548705, 40.7972202 ], [ 23.563052, 40.7921314 ], [ 23.5762496, 40.7920945 ], [ 23.585385, 40.7870319 ], [ 23.6253144, 40.7878652 ], [ 23.6369877, 40.7820799 ], [ 23.6649845, 40.7739914 ], [ 23.6731273, 40.78036 ], [ 23.6852644, 40.7804329 ], [ 23.6918595, 40.7838515 ], [ 23.7054369, 40.7801845 ], [ 23.7350989, 40.7811207 ], [ 23.7479619, 40.7769377 ], [ 23.7539296, 40.7731695 ], [ 23.7556064, 40.7708719 ], [ 23.7650775, 40.7578925 ], [ 23.7854032, 40.7708719 ], [ 23.8338061, 40.783658 ], [ 23.8444267, 40.7837959 ], [ 23.8576133, 40.7787836 ], [ 23.8677465, 40.7787285 ], [ 23.8732671, 40.7841533 ], [ 23.8671438, 40.7926156 ], [ 23.8612086, 40.7953577 ], [ 23.8626116, 40.7987763 ], [ 23.8837986, 40.8082234 ], [ 23.8945926, 40.8156859 ], [ 23.9138935, 40.8150867 ], [ 23.9220814, 40.8170077 ], [ 23.9258165, 40.8178839 ], [ 23.9343763, 40.8198921 ], [ 23.9476558, 40.8284212 ], [ 23.958731, 40.8321962 ], [ 23.9604623, 40.8327863 ], [ 23.9663122, 40.8396465 ], [ 23.9882713, 40.8513599 ], [ 23.9897344, 40.8541694 ], [ 23.9947106, 40.8637243 ], [ 24.025436, 40.8823495 ], [ 24.0263148, 40.890622199999989 ], [ 24.0407913, 40.8963768 ], [ 24.0549277, 40.8949825 ], [ 24.0655835, 40.8968442 ], [ 24.056876, 40.9149 ], [ 24.058149, 40.9177471 ], [ 24.0752953, 40.9229159 ], [ 24.0890153, 40.9148818 ], [ 24.0982834, 40.9165572 ], [ 24.099058, 40.9207089 ], [ 24.0914372, 40.9358466 ], [ 24.1128937, 40.9561137 ], [ 24.1021065, 40.975259 ], [ 24.1142652, 40.9927211 ], [ 24.11834, 41.00632 ], [ 24.113208, 41.0072495 ], [ 24.107107, 41.010207 ], [ 24.102694, 41.0119195 ], [ 24.0940075, 41.0158175 ], [ 24.0791939, 41.0287517 ], [ 24.0635145, 41.033775 ], [ 24.0575019, 41.0403227 ], [ 24.0511008, 41.0419674 ], [ 24.0491456, 41.0481394 ], [ 24.0407913, 41.0493415 ], [ 24.0370265, 41.0491105 ], [ 24.0344086, 41.0645851 ], [ 24.0366584, 41.0756464 ], [ 24.0332985, 41.0851132 ], [ 24.0018132, 41.1002991 ], [ 23.9892486, 41.1114473 ], [ 23.981844, 41.1117196 ], [ 23.9744852, 41.1080539 ], [ 23.9527035, 41.0868823 ], [ 23.9405914, 41.0849366 ], [ 23.9258165, 41.0885484 ], [ 23.9220814, 41.0968281 ], [ 23.9112503, 41.1063471 ], [ 23.9054714, 41.1083226 ], [ 23.8944192, 41.107872 ], [ 23.8890274, 41.1120017 ], [ 23.8771678, 41.1156245 ], [ 23.8732264, 41.118945 ], [ 23.8609653, 41.1292733 ], [ 23.8410571, 41.1286299 ], [ 23.8275495, 41.1346265 ], [ 23.8202568, 41.1361541 ], [ 23.8124572, 41.1420245 ], [ 23.7990375, 41.1440968 ], [ 23.7934144, 41.1542879 ], [ 23.7756082, 41.1642324 ], [ 23.7685365, 41.1765055 ], [ 23.7509701, 41.1917032 ], [ 23.7369995, 41.188317 ], [ 23.7213275, 41.1936965 ], [ 23.7211914, 41.2068452 ], [ 23.7279935, 41.213921 ], [ 23.7269787, 41.2179733 ], [ 23.7146401, 41.2182771 ], [ 23.7056644, 41.2246074 ], [ 23.709741, 41.237466 ], [ 23.6975193, 41.2498394 ], [ 23.7000324, 41.2658792 ], [ 23.706418, 41.2778608 ], [ 23.7159419, 41.2823754 ], [ 23.7209898, 41.2876877 ], [ 23.7131585, 41.3079361 ], [ 23.7055225, 41.3125558 ], [ 23.6830314, 41.3149284 ], [ 23.653046, 41.313757 ], [ 23.6312511, 41.3238095 ], [ 23.6321552, 41.3392362 ], [ 23.6234349, 41.3537497 ], [ 23.6261743, 41.3631875 ], [ 23.624223, 41.3757275 ], [ 23.6137545, 41.3760584 ], [ 23.605857, 41.3793403 ], [ 23.5979005, 41.3781848 ], [ 23.5797613, 41.3900503 ], [ 23.5525127, 41.3867136 ], [ 23.543611, 41.39194 ], [ 23.5366814, 41.3950631 ], [ 23.5332423, 41.4021702 ], [ 23.5250945, 41.405203 ], [ 23.5227805, 41.4050445 ], [ 23.5065277, 41.4009651 ], [ 23.4820568, 41.3990988 ], [ 23.4669219, 41.4014725 ], [ 23.4383521, 41.4059531 ] ] ] ] } },
{ "type": "Feature", "properties": { "LEVL_CODE": 3.0, "MOUNT_TYPE": 2.0, "CNTR_CODE": "EL", "SVRG_UN": "UN Member State", "NAME_ENGL": "Greece", "NAME_LATN": "Lasithi", "NUTS_NAME": "Λασίθι", "URBN_TYPE": 3.0, "NUTS_ID": "EL432", "CAPT": "Athens", "COAST_TYPE": 1.0, "ISO3_CODE": "GRC", "NAME_FREN": "Grèce", "EU_STAT": "T", "NAME_GERM": "Griechenland", "EFTA_STAT": "F", "CC_STAT": "F", "geo": "EL432" }, "geometry": { "type": "MultiPolygon", "coordinates": [ [ [ [ 25.659677, 35.348087 ], [ 25.6470871, 35.3421139 ], [ 25.6433626, 35.341595399999989 ], [ 25.6211563, 35.338504 ], [ 25.5983916, 35.3321708 ], [ 25.589439, 35.3325103 ], [ 25.5846342, 35.3272034 ], [ 25.571506, 35.3212288 ], [ 25.5622282, 35.3201057 ], [ 25.5548246, 35.3231549 ], [ 25.5444794, 35.3211474 ], [ 25.5290208, 35.311400299999988 ], [ 25.5136876, 35.3082242 ], [ 25.490698, 35.298332 ], [ 25.491871, 35.2889673 ], [ 25.5020552, 35.2863334 ], [ 25.5052765, 35.2729969 ], [ 25.4964821, 35.2620957 ], [ 25.4943705, 35.2482296 ], [ 25.4987915, 35.2414586 ], [ 25.510135, 35.2324521 ], [ 25.511985, 35.227594499999988 ], [ 25.4942886, 35.2284927 ], [ 25.4794076, 35.2251472 ], [ 25.4712178, 35.2148477 ], [ 25.4680626, 35.2108794 ], [ 25.4511995, 35.2015194 ], [ 25.4394907, 35.2019859 ], [ 25.4239509, 35.2101919 ], [ 25.4146282, 35.2058541 ], [ 25.41267, 35.204943 ], [ 25.41331, 35.1942431 ], [ 25.4146282, 35.1918936 ], [ 25.41792, 35.1860261 ], [ 25.4146282, 35.182729 ], [ 25.3994392, 35.1675139 ], [ 25.4076063, 35.1565145 ], [ 25.4119922, 35.1553087 ], [ 25.4099244, 35.1352149 ], [ 25.4146282, 35.1330757 ], [ 25.42063, 35.130346 ], [ 25.4230635, 35.127542399999989 ], [ 25.4210509, 35.1154883 ], [ 25.4344989, 35.1102842 ], [ 25.4472306, 35.1102744 ], [ 25.46348, 35.0930178 ], [ 25.4721145, 35.088319 ], [ 25.5006442, 35.080045 ], [ 25.5182023, 35.0655968 ], [ 25.508339, 35.0556748 ], [ 25.4987163, 35.0504848 ], [ 25.4978586, 35.042701 ], [ 25.5070242, 35.0382324 ], [ 25.5257725, 35.0366265 ], [ 25.5290208, 35.0290909 ], [ 25.5301641, 35.0264386 ], [ 25.5464054, 35.0188533 ], [ 25.549247, 35.0099537 ], [ 25.5471343, 34.9997339 ], [ 25.550568, 34.990757 ], [ 25.5561682, 34.9949855 ], [ 25.5735602, 34.9974868 ], [ 25.5811571, 35.0024823 ], [ 25.5950014, 35.0064783 ], [ 25.6433626, 35.0051347 ], [ 25.6619733, 35.0046177 ], [ 25.6758199, 35.0118713 ], [ 25.6904569, 35.0139454 ], [ 25.710936, 35.011565 ], [ 25.7365488, 35.0028581 ], [ 25.7413161, 35.0082997 ], [ 25.7467998, 35.0095327 ], [ 25.7732431, 35.0000472 ], [ 25.7931912, 34.9982396 ], [ 25.7987902, 34.9987297 ], [ 25.8131195, 34.999984 ], [ 25.8439839, 35.0146069 ], [ 25.8530939, 35.0149568 ], [ 25.8636149, 35.0192695 ], [ 25.8715672, 35.018943 ], [ 25.9000838, 35.0286347 ], [ 25.9330005, 35.0342598 ], [ 25.9585343, 35.031465 ], [ 25.9718794, 35.0352289 ], [ 25.976346, 35.038945 ], [ 25.9924799, 35.0326475 ], [ 26.003157, 35.0212026 ], [ 26.0159213, 35.0197965 ], [ 26.0249697, 35.0155003 ], [ 26.0631315, 35.0211076 ], [ 26.084205, 35.0177754 ], [ 26.0897315, 35.0136057 ], [ 26.0949105, 35.0080691 ], [ 26.0968428, 34.9985003 ], [ 26.1092415, 34.9962984 ], [ 26.1360348, 35.0010915 ], [ 26.1443626, 35.0077549 ], [ 26.1582419, 35.0133867 ], [ 26.1902079, 35.0152475 ], [ 26.1982523, 35.0214464 ], [ 26.2064503, 35.0233879 ], [ 26.2082164, 35.0238062 ], [ 26.2168767, 35.0335931 ], [ 26.2314239, 35.036108 ], [ 26.2467958, 35.0623065 ], [ 26.2688993, 35.0860431 ], [ 26.2668777, 35.0992416 ], [ 26.280081, 35.1121538 ], [ 26.2841953, 35.1318659 ], [ 26.2781562, 35.1489413 ], [ 26.2819105, 35.1662434 ], [ 26.2907207, 35.1715654 ], [ 26.3051074, 35.1733996 ], [ 26.3157718, 35.1811257 ], [ 26.3169063, 35.184557 ], [ 26.3153654, 35.1965147 ], [ 26.3042929, 35.1890247 ], [ 26.2987103, 35.188654 ], [ 26.2825375, 35.1946729 ], [ 26.2710462, 35.2077185 ], [ 26.2698573, 35.2131753 ], [ 26.2707401, 35.2148477 ], [ 26.2759328, 35.2246842 ], [ 26.2651596, 35.2645861 ], [ 26.2726698, 35.2723751 ], [ 26.2872743, 35.2774125 ], [ 26.2961109, 35.2905175 ], [ 26.3052697, 35.2951701 ], [ 26.3053125, 35.3020721 ], [ 26.3120539, 35.3073237 ], [ 26.3112267, 35.3141546 ], [ 26.3027348, 35.3148025 ], [ 26.286427, 35.3081107 ], [ 26.2867617, 35.3054518 ], [ 26.2954566, 35.3019187 ], [ 26.2773965, 35.2951387 ], [ 26.2858269, 35.2894118 ], [ 26.2839851, 35.2855738 ], [ 26.2623047, 35.2803531 ], [ 26.2536536, 35.2743289 ], [ 26.2488946, 35.2752474 ], [ 26.2439153, 35.2804995 ], [ 26.2346309, 35.2776503 ], [ 26.2339749, 35.2700669 ], [ 26.2235627, 35.2636453 ], [ 26.224881, 35.2538883 ], [ 26.2203022, 35.2460689 ], [ 26.2147863, 35.2411075 ], [ 26.2076047, 35.2404135 ], [ 26.2064503, 35.2389125 ], [ 26.1989538, 35.229163799999988 ], [ 26.1848467, 35.2246169 ], [ 26.1833904, 35.2148477 ], [ 26.1830334, 35.2124521 ], [ 26.1620444, 35.1997442 ], [ 26.1367343, 35.1970341 ], [ 26.115363, 35.203004299999989 ], [ 26.1092754, 35.2091461 ], [ 26.1116577, 35.2148477 ], [ 26.114342, 35.222325 ], [ 26.1108096, 35.226686 ], [ 26.0897315, 35.2213909 ], [ 26.0702729, 35.2224749 ], [ 26.0634096, 35.2269813 ], [ 26.0599725, 35.2331445 ], [ 26.047514, 35.2269722 ], [ 26.0278698, 35.2283065 ], [ 26.0086848, 35.2153298 ], [ 26.0044562, 35.2058895 ], [ 25.9990807, 35.2014922 ], [ 25.9785079, 35.1966965 ], [ 25.9637072, 35.198482 ], [ 25.947117, 35.1826716 ], [ 25.9205056, 35.1802847 ], [ 25.9057651, 35.1860628 ], [ 25.8966331, 35.1847869 ], [ 25.8931039, 35.1807081 ], [ 25.8922697, 35.173274 ], [ 25.8776455, 35.158916499999989 ], [ 25.8689928, 35.1576033 ], [ 25.8629353, 35.1527276 ], [ 25.8574614, 35.1590638 ], [ 25.84815, 35.1555973 ], [ 25.8427361, 35.1399332 ], [ 25.8364273, 35.1375133 ], [ 25.8253609, 35.1199134 ], [ 25.8136942, 35.1103186 ], [ 25.7987902, 35.1129012 ], [ 25.7885996, 35.114667 ], [ 25.7822714, 35.1197885 ], [ 25.7729835, 35.1209375 ], [ 25.7596785, 35.1293928 ], [ 25.7540134, 35.1266782 ], [ 25.7487307, 35.1302999 ], [ 25.7446543, 35.1268159 ], [ 25.7405541, 35.1319596 ], [ 25.7349238, 35.1282215 ], [ 25.7276452, 35.1305777 ], [ 25.7294144, 35.1479097 ], [ 25.7245192, 35.1486767 ], [ 25.7124226, 35.165820499999988 ], [ 25.710176, 35.1754345 ], [ 25.7155105, 35.1865663 ], [ 25.721862, 35.1895885 ], [ 25.7141797, 35.1975739 ], [ 25.7194566, 35.2035006 ], [ 25.7132202, 35.2116567 ], [ 25.7136489, 35.2148477 ], [ 25.7142842, 35.2195758 ], [ 25.731874, 35.225995 ], [ 25.7382734, 35.2317698 ], [ 25.7316632, 35.2441408 ], [ 25.7320795, 35.2530501 ], [ 25.7353899, 35.2558923 ], [ 25.7441877, 35.2570672 ], [ 25.7571622, 35.2508053 ], [ 25.759297, 35.2546736 ], [ 25.7522287, 35.2607841 ], [ 25.7569389, 35.2758851 ], [ 25.7490022, 35.2760323 ], [ 25.7584087, 35.2856484 ], [ 25.7505612, 35.2926021 ], [ 25.7431964, 35.2945711 ], [ 25.7394173, 35.2936183 ], [ 25.7379872, 35.2896298 ], [ 25.7367117, 35.2816862 ], [ 25.7420989, 35.2793522 ], [ 25.7373307, 35.272688 ], [ 25.7408852, 35.2676186 ], [ 25.7363269, 35.2597542 ], [ 25.7313026, 35.2585712 ], [ 25.7221299, 35.263419 ], [ 25.7247172, 35.2814699 ], [ 25.7300164, 35.2901641 ], [ 25.7276028, 35.3028432 ], [ 25.7484421, 35.3116031 ], [ 25.7635003, 35.3214608 ], [ 25.7708366, 35.3409095 ], [ 25.7616663, 35.340393 ], [ 25.7530084, 35.3363329 ], [ 25.7454771, 35.3389669 ], [ 25.7324061, 35.3370407 ], [ 25.7274884, 35.3401311 ], [ 25.7127663, 35.3396358 ], [ 25.6993992, 35.3363261 ], [ 25.6878637, 35.3372411 ], [ 25.659677, 35.348087 ] ] ], [ [ [ 25.7322991, 34.8789847 ], [ 25.7303543, 34.881059 ], [ 25.7272368, 34.8799758 ], [ 25.723759, 34.8769978 ], [ 25.7206416, 34.8760407 ], [ 25.717814, 34.8769903 ], [ 25.7090615, 34.8753199 ], [ 25.7036148, 34.8755218 ], [ 25.7008673, 34.8768149 ], [ 25.7008788, 34.8788432 ], [ 25.6953701, 34.8791906 ], [ 25.6943745, 34.8806816 ], [ 25.6879756, 34.8798959 ], [ 25.6863952, 34.8778445 ], [ 25.6834457, 34.8784014 ], [ 25.6835731, 34.8747821 ], [ 25.680902, 34.8720365 ], [ 25.6832207, 34.8688026 ], [ 25.6908227, 34.8685012 ], [ 25.6929749, 34.8667048 ], [ 25.6978333, 34.8655802 ], [ 25.7079889, 34.8653858 ], [ 25.7122689, 34.8668923 ], [ 25.7142197, 34.8693709 ], [ 25.7207505, 34.869161 ], [ 25.7230288, 34.8727153 ], [ 25.7282075, 34.8729137 ], [ 25.7305867, 34.8742483 ], [ 25.7320322, 34.8722659 ], [ 25.7332238, 34.8745112 ], [ 25.731193, 34.8767574 ], [ 25.7322991, 34.8789847 ] ] ], [ [ [ 26.1576123, 34.9407776 ], [ 26.1477193, 34.9449337 ], [ 26.1437268, 34.9449477 ], [ 26.1375291, 34.9467347 ], [ 26.133342, 34.950308 ], [ 26.124541, 34.9451053 ], [ 26.1266072, 34.9431578 ], [ 26.1249782, 34.9402013 ], [ 26.1259524, 34.9378428 ], [ 26.1238566, 34.933743 ], [ 26.1253944, 34.9323253 ], [ 26.1311869, 34.934709 ], [ 26.1318287, 34.9318491 ], [ 26.134324, 34.9325934 ], [ 26.1369816, 34.927028199999988 ], [ 26.1396737, 34.927713 ], [ 26.1433551, 34.9319686 ], [ 26.151065, 34.93377 ], [ 26.1542791, 34.9359967 ], [ 26.1576123, 34.9407776 ] ] ], [ [ [ 26.1871821, 35.3404371 ], [ 26.187698, 35.3430286 ], [ 26.1852145, 35.3439962 ], [ 26.1887535, 35.347362 ], [ 26.1888912, 35.3492702 ], [ 26.1856375, 35.3531253 ], [ 26.1858961, 35.3544581 ], [ 26.179438, 35.3549323 ], [ 26.1758441, 35.3537667 ], [ 26.1682255, 35.3495678 ], [ 26.1709061, 35.3480152 ], [ 26.1696491, 35.3409626 ], [ 26.1650642, 35.3355185 ], [ 26.1667174, 35.3347286 ], [ 26.1800718, 35.3394251 ], [ 26.1871821, 35.3404371 ] ] ], [ [ [ 26.1892032, 35.3304626 ], [ 26.186748, 35.3334149 ], [ 26.1822624, 35.3324028 ], [ 26.1741148, 35.3319443 ], [ 26.1672175, 35.3301993 ], [ 26.1646682, 35.3281445 ], [ 26.1594017, 35.3294199 ], [ 26.1566184, 35.3288052 ], [ 26.1544046, 35.3253759 ], [ 26.1549147, 35.3246311 ], [ 26.1638873, 35.3244323 ], [ 26.1664271, 35.325532599999988 ], [ 26.1670974, 35.3236685 ], [ 26.1738089, 35.3227294 ], [ 26.1788902, 35.3248373 ], [ 26.1829117, 35.3237526 ], [ 26.1862514, 35.3287822 ], [ 26.1892032, 35.3304626 ] ] ], [ [ [ 26.3510724, 35.2734418 ], [ 26.3385327, 35.2777074 ], [ 26.3353974, 35.2815142 ], [ 26.3321102, 35.2823801 ], [ 26.3304547, 35.2801207 ], [ 26.3323428, 35.2740231 ], [ 26.3321198, 35.2714095 ], [ 26.3351683, 35.2691037 ], [ 26.33896, 35.2691117 ], [ 26.3404344, 35.2672903 ], [ 26.3526588, 35.2698005 ], [ 26.3510724, 35.2734418 ] ] ], [ [ [ 25.8701987, 35.1978407 ], [ 25.8667259, 35.1976692 ], [ 25.8634081, 35.1950321 ], [ 25.864438, 35.1929868 ], [ 25.8596662, 35.1932499 ], [ 25.8545027, 35.1890258 ], [ 25.8518827, 35.1839153 ], [ 25.852759, 35.1820651 ], [ 25.8568666, 35.1807486 ], [ 25.8625738, 35.1825458 ], [ 25.8642084, 35.1892929 ], [ 25.8690368, 35.1913117 ], [ 25.8714712, 35.1948456 ], [ 25.8701987, 35.1978407 ] ] ], [ [ [ 25.7342592, 35.19694 ], [ 25.7338127, 35.2023689 ], [ 25.7311886, 35.2034694 ], [ 25.7292405, 35.1985171 ], [ 25.7261237, 35.1960584 ], [ 25.7324337, 35.193699 ], [ 25.7320073, 35.1963726 ], [ 25.7342592, 35.19694 ] ] ], [ [ [ 26.1753828, 35.3783481 ], [ 26.1761876, 35.3832412 ], [ 26.1723118, 35.3843322 ], [ 26.1734399, 35.379078 ], [ 26.1692219, 35.3747883 ], [ 26.1754141, 35.3735345 ], [ 26.1768275, 35.3762042 ], [ 26.1753828, 35.3783481 ] ] ], [ [ [ 26.3032606, 35.2076802 ], [ 26.3025786, 35.2096686 ], [ 26.2966993, 35.2077539 ], [ 26.295347, 35.2041176 ], [ 26.2927468, 35.2027847 ], [ 26.2953036, 35.2012953 ], [ 26.2982651, 35.2050361 ], [ 26.3032606, 35.2076802 ] ] ], [ [ [ 25.7422888, 34.8784142 ], [ 25.7401242, 34.8751795 ], [ 25.7464348, 34.8749191 ], [ 25.7468045, 34.877532 ], [ 25.7422888, 34.8784142 ] ] ], [ [ [ 26.1321186, 34.9242446 ], [ 26.1280767, 34.9197528 ], [ 26.132614, 34.9192611 ], [ 26.1342966, 34.923965 ], [ 26.1321186, 34.9242446 ] ] ], [ [ [ 26.1274657, 34.9564504 ], [ 26.1269093, 34.9548297 ], [ 26.1277284, 34.9534471 ], [ 26.1323811, 34.9527821 ], [ 26.1332336, 34.9556399 ], [ 26.1274657, 34.9564504 ] ] ], [ [ [ 26.133134, 34.9627776 ], [ 26.1316199, 34.9603899 ], [ 26.1320492, 34.9573443 ], [ 26.1373301, 34.9585071 ], [ 26.133134, 34.9627776 ] ] ], [ [ [ 25.7604371, 35.2680732 ], [ 25.7584571, 35.2636821 ], [ 25.7610717, 35.2620429 ], [ 25.7636426, 35.2663205 ], [ 25.7604371, 35.2680732 ] ] ], [ [ [ 25.7362287, 35.2999802 ], [ 25.735673, 35.2961669 ], [ 25.7400836, 35.2954684 ], [ 25.7395726, 35.3001453 ], [ 25.7362287, 35.2999802 ] ] ] ] } },
{ "type": "Feature", "properties": { "LEVL_CODE": 3.0, "MOUNT_TYPE": 2.0, "CNTR_CODE": "EL", "SVRG_UN": "UN Member State", "NAME_ENGL": "Greece", "NAME_LATN": "Korinthia", "NUTS_NAME": "Κορινθία", "URBN_TYPE": 2.0, "NUTS_ID": "EL652", "CAPT": "Athens", "COAST_TYPE": 1.0, "ISO3_CODE": "GRC", "NAME_FREN": "Grèce", "EU_STAT": "T", "NAME_GERM": "Griechenland", "EFTA_STAT": "F", "CC_STAT": "F", "geo": "EL652" }, "geometry": { "type": "MultiPolygon", "coordinates": [ [ [ [ 22.3812205, 38.1415152 ], [ 22.3729725, 38.1422235 ], [ 22.3773714, 38.1345086 ], [ 22.3766515, 38.1325714 ], [ 22.3732268, 38.1233544 ], [ 22.3764678, 38.1115595 ], [ 22.3773652, 38.1082934 ], [ 22.3766813, 38.0804137 ], [ 22.3719835, 38.0720034 ], [ 22.370743, 38.0481432 ], [ 22.3595595, 38.039633699999989 ], [ 22.3620626, 38.0228254 ], [ 22.355582, 38.0132315 ], [ 22.3411641, 38.0064355 ], [ 22.3242668, 37.9861446 ], [ 22.3114643, 37.9904255 ], [ 22.3015259, 37.9871346 ], [ 22.3032987, 37.9734679 ], [ 22.2933964, 37.9637272 ], [ 22.280403, 37.9615193 ], [ 22.2670289, 37.9535339 ], [ 22.2430535, 37.9550755 ], [ 22.2406195, 37.9459427 ], [ 22.247008, 37.9213507 ], [ 22.2459214, 37.9096557 ], [ 22.2430497, 37.9045951 ], [ 22.2335272, 37.8992276 ], [ 22.2270759, 37.8919591 ], [ 22.2224368, 37.8867319 ], [ 22.2264066, 37.8839179 ], [ 22.229091, 37.8766734 ], [ 22.2381209, 37.8726528 ], [ 22.2465565, 37.8642167 ], [ 22.264305, 37.839156 ], [ 22.2764797, 37.8399964 ], [ 22.294001, 37.8353145 ], [ 22.3056913, 37.8227422 ], [ 22.3171252, 37.8167028 ], [ 22.3218207, 37.8058229 ], [ 22.3325541, 37.7978765 ], [ 22.3544188, 37.7977179 ], [ 22.3641194, 37.8033083 ], [ 22.3834774, 37.8062217 ], [ 22.391522, 37.803738 ], [ 22.4094147, 37.8003753 ], [ 22.4273112, 37.8051609 ], [ 22.4348067, 37.8144509 ], [ 22.4463748, 37.820353 ], [ 22.4617964, 37.8370656 ], [ 22.4731271, 37.8429067 ], [ 22.4791453, 37.846009 ], [ 22.4944585, 37.8594727 ], [ 22.5006032, 37.8599108 ], [ 22.5095985, 37.844856 ], [ 22.5215873, 37.835797 ], [ 22.5465423, 37.840668 ], [ 22.55821, 37.8508237 ], [ 22.558343, 37.8509395 ], [ 22.5616977, 37.8341606 ], [ 22.55821, 37.8319741 ], [ 22.5463193, 37.8245191 ], [ 22.5357898, 37.8081302 ], [ 22.5312649, 37.7925282 ], [ 22.5337409, 37.7861175 ], [ 22.5354442, 37.7817069 ], [ 22.5429052, 37.7818066 ], [ 22.5504093, 37.7861175 ], [ 22.55821, 37.7905986 ], [ 22.5596677, 37.7914359 ], [ 22.5744231, 37.7924213 ], [ 22.5815192, 37.7898509 ], [ 22.5849549, 37.7886064 ], [ 22.5918257, 37.786117499999989 ], [ 22.6021185, 37.7823889 ], [ 22.6097741, 37.7861175 ], [ 22.612447, 37.7861175 ], [ 22.6168767, 37.7776149 ], [ 22.6446471, 37.778288 ], [ 22.6526498, 37.7742984 ], [ 22.6580774, 37.7679147 ], [ 22.6664187, 37.7644813 ], [ 22.6770373, 37.7637695 ], [ 22.6856389, 37.7668433 ], [ 22.6899701, 37.7730858 ], [ 22.7032043, 37.7734544 ], [ 22.7188338, 37.7802062 ], [ 22.7224606, 37.778929 ], [ 22.7262898, 37.7704966 ], [ 22.744386, 37.7776175 ], [ 22.7434547, 37.7663569 ], [ 22.7482468, 37.7526744 ], [ 22.7577109, 37.7449429 ], [ 22.768144, 37.7403437 ], [ 22.7878713, 37.7340382 ], [ 22.8082137, 37.7372207 ], [ 22.8275735, 37.7335523 ], [ 22.8577834, 37.7379594 ], [ 22.8742812, 37.7407352 ], [ 22.8900633, 37.7505717 ], [ 22.9083496, 37.7503652 ], [ 22.9164928, 37.7537013 ], [ 22.9351665, 37.7441931 ], [ 22.9538581, 37.7404606 ], [ 22.9469135, 37.724278 ], [ 22.957145, 37.7092898 ], [ 22.9670533, 37.7100306 ], [ 22.9757849, 37.715308199999988 ], [ 22.983348, 37.7161885 ], [ 22.9996202, 37.7075677 ], [ 23.0193313, 37.7115445 ], [ 23.0310283, 37.7101554 ], [ 23.0461365, 37.7025445 ], [ 23.0559812, 37.711857 ], [ 23.0677331, 37.7293288 ], [ 23.0926481, 37.7216098 ], [ 23.1044724, 37.7223616 ], [ 23.1200315, 37.729985 ], [ 23.1269463, 37.7342366 ], [ 23.1194896, 37.7449097 ], [ 23.1180484, 37.7527964 ], [ 23.1244646, 37.7635213 ], [ 23.1305526, 37.7639517 ], [ 23.1321188, 37.7589058 ], [ 23.1498627, 37.7586508 ], [ 23.156328, 37.7650378 ], [ 23.1620706, 37.7668188 ], [ 23.178506, 37.7779765 ], [ 23.1762313, 37.786117499999989 ], [ 23.1748892, 37.7909205 ], [ 23.1783875, 37.8009393 ], [ 23.1769977, 37.8047064 ], [ 23.1723329, 37.8071168 ], [ 23.166282, 37.8059817 ], [ 23.1653325, 37.8118978 ], [ 23.156328, 37.8171257 ], [ 23.1469694, 37.8225587 ], [ 23.1405106, 37.8324902 ], [ 23.1325256, 37.8328196 ], [ 23.1339218, 37.837052799999988 ], [ 23.1297445, 37.8368957 ], [ 23.1257385, 37.8420537 ], [ 23.1148137, 37.8409904 ], [ 23.1117386, 37.8477101 ], [ 23.0954215, 37.8473235 ], [ 23.0750499, 37.8415437 ], [ 23.0664731, 37.8429401 ], [ 23.0641147, 37.8397207 ], [ 23.0465822, 37.8466784 ], [ 23.0398553, 37.8447638 ], [ 23.0325963, 37.8476926 ], [ 23.0193313, 37.8447258 ], [ 23.0135347, 37.844128 ], [ 23.0046491, 37.8493569 ], [ 22.9978665, 37.8621994 ], [ 23.001568, 37.8681889 ], [ 22.994485, 37.8725627 ], [ 22.9921484, 37.8796946 ], [ 22.9983087, 37.885662 ], [ 23.0060536, 37.8882236 ], [ 23.015745, 37.899983 ], [ 23.0091069, 37.9143195 ], [ 23.0134408, 37.9218696 ], [ 23.0193313, 37.9228327 ], [ 23.0236599, 37.9195026 ], [ 23.0316716, 37.917964 ], [ 23.0521098, 37.9212888 ], [ 23.0599691, 37.9122235 ], [ 23.0741982, 37.9129598 ], [ 23.0884791, 37.9183504 ], [ 23.0973571, 37.9151967 ], [ 23.1346429, 37.9207836 ], [ 23.1416605, 37.9238629 ], [ 23.1522215, 37.9374655 ], [ 23.156328, 37.9408217 ], [ 23.1650916, 37.9479835 ], [ 23.1796995, 37.95159 ], [ 23.1694721, 37.9697775 ], [ 23.1626777, 37.9725808 ], [ 23.156328, 37.9733205 ], [ 23.139269, 37.9753078 ], [ 23.1143536, 37.985034 ], [ 23.1072789, 37.9936124 ], [ 23.106571, 37.9999021 ], [ 23.1146287, 38.0135383 ], [ 23.1298886, 38.0206904 ], [ 23.1153419, 38.0299224 ], [ 23.1190648, 38.0485742 ], [ 23.117532, 38.060646 ], [ 23.0775888, 38.0586824 ], [ 23.0555028, 38.0525866 ], [ 23.0433827, 38.0557829 ], [ 23.0387446, 38.0627883 ], [ 23.0278633, 38.0608922 ], [ 23.0250715, 38.05475 ], [ 23.0193313, 38.0568388 ], [ 23.0155408, 38.0595774 ], [ 23.0004297, 38.0621018 ], [ 22.9927362, 38.0671136 ], [ 22.9882558, 38.0735378 ], [ 22.9799188, 38.0734865 ], [ 22.9680392, 38.0785572 ], [ 22.9549393, 38.0789204 ], [ 22.9402467, 38.0744654 ], [ 22.9374247, 38.0671136 ], [ 22.9211203, 38.0664136 ], [ 22.9164928, 38.0628282 ], [ 22.9064184, 38.0550218 ], [ 22.8875015, 38.052105499999989 ], [ 22.8828647, 38.0472259 ], [ 22.8577834, 38.0328248 ], [ 22.8556747, 38.031565199999989 ], [ 22.8510509, 38.0288544 ], [ 22.8556747, 38.0269112 ], [ 22.8577834, 38.02653 ], [ 22.9108853, 38.0169295 ], [ 22.9164928, 38.0130798 ], [ 22.9552215, 37.9864858 ], [ 22.9728281, 37.980125099999988 ], [ 22.9758341, 37.9765289 ], [ 22.9739878, 37.9707217 ], [ 22.95821, 37.9502985 ], [ 22.9502137, 37.9433484 ], [ 22.9414473, 37.9402926 ], [ 22.925943, 37.942872 ], [ 22.9164928, 37.9379065 ], [ 22.9113051, 37.9351806 ], [ 22.8993251, 37.9323519 ], [ 22.8864585, 37.935087 ], [ 22.8738995, 37.933415 ], [ 22.8577834, 37.9377548 ], [ 22.8556747, 37.9383226 ], [ 22.8333183, 37.9527501 ], [ 22.8254415, 37.9547155 ], [ 22.8013327, 37.9642893 ], [ 22.7921963, 37.9710143 ], [ 22.772339, 38.0008085 ], [ 22.769107, 38.0021665 ], [ 22.764811, 38.0031175 ], [ 22.7586845, 38.006568 ], [ 22.753438, 38.0107935 ], [ 22.7499875, 38.013892 ], [ 22.749401, 38.0153925 ], [ 22.7467995, 38.016247 ], [ 22.740406, 38.0195845 ], [ 22.736744, 38.0225875 ], [ 22.7329195, 38.026642 ], [ 22.7266025, 38.0350265 ], [ 22.724544, 38.0365905 ], [ 22.7221325, 38.0369835 ], [ 22.719816, 38.037361 ], [ 22.7138345, 38.0387995 ], [ 22.71126, 38.0401685 ], [ 22.708071, 38.0410955 ], [ 22.7050535, 38.042843 ], [ 22.7016519, 38.0445592 ], [ 22.700094, 38.0457495 ], [ 22.695694, 38.047802 ], [ 22.6915265, 38.049259 ], [ 22.689354, 38.050335 ], [ 22.6856389, 38.0512736 ], [ 22.661248, 38.0619684 ], [ 22.6553796, 38.0702211 ], [ 22.6380298, 38.0784878 ], [ 22.6096377, 38.0841437 ], [ 22.5940677, 38.0919969 ], [ 22.5849549, 38.0944153 ], [ 22.5815192, 38.0953271 ], [ 22.5701363, 38.1016923 ], [ 22.55821, 38.1037672 ], [ 22.5451879, 38.1060327 ], [ 22.5239932, 38.1166587 ], [ 22.5066211, 38.1295781 ], [ 22.4916211, 38.1352924 ], [ 22.4779629, 38.1352595 ], [ 22.4510939, 38.1307627 ], [ 22.4302872, 38.1359261 ], [ 22.4131471, 38.1311949 ], [ 22.3924289, 38.1355483 ], [ 22.3812205, 38.1415152 ] ] ], [ [ [ 22.9960197, 38.112822 ], [ 22.9968407, 38.1178901 ], [ 22.9908648, 38.1200353 ], [ 22.9885252, 38.1190857 ], [ 22.9886227, 38.1157296 ], [ 22.9922156, 38.1133507 ], [ 22.9928503, 38.1094108 ], [ 22.9975943, 38.1060445 ], [ 22.9989237, 38.109419 ], [ 22.9960197, 38.112822 ] ] ], [ [ [ 23.1767336, 37.7635424 ], [ 23.1739953, 37.7643647 ], [ 23.1718389, 37.7617807 ], [ 23.17294, 37.7591546 ], [ 23.1764241, 37.7610082 ], [ 23.1767336, 37.7635424 ] ] ], [ [ [ 23.1451781, 37.8611863 ], [ 23.1408031, 37.8610064 ], [ 23.1387251, 37.8590637 ], [ 23.141966, 37.8575138 ], [ 23.1447317, 37.8585436 ], [ 23.1451781, 37.8611863 ] ] ], [ [ [ 23.0814115, 37.869449 ], [ 23.0819523, 37.8676221 ], [ 23.0877625, 37.8649524 ], [ 23.0871484, 37.8689586 ], [ 23.0814115, 37.869449 ] ] ], [ [ [ 22.9857421, 38.1228463 ], [ 22.9800429, 38.1223202 ], [ 22.9842982, 38.118469 ], [ 22.9864281, 38.1196937 ], [ 22.9857421, 38.1228463 ] ] ] ] } },
{ "type": "Feature", "properties": { "LEVL_CODE": 3.0, "MOUNT_TYPE": 3.0, "CNTR_CODE": "EL", "SVRG_UN": "UN Member State", "NAME_ENGL": "Greece", "NAME_LATN": "Rethymni", "NUTS_NAME": "Ρέθυμνο", "URBN_TYPE": 3.0, "NUTS_ID": "EL433", "CAPT": "Athens", "COAST_TYPE": 1.0, "ISO3_CODE": "GRC", "NAME_FREN": "Grèce", "EU_STAT": "T", "NAME_GERM": "Griechenland", "EFTA_STAT": "F", "CC_STAT": "F", "geo": "EL433" }, "geometry": { "type": "MultiPolygon", "coordinates": [ [ [ [ 24.6910341, 35.4187747 ], [ 24.683519, 35.4204892 ], [ 24.6551953, 35.4197411 ], [ 24.6505032, 35.419617099999989 ], [ 24.6436385, 35.413345 ], [ 24.6225512, 35.4003432 ], [ 24.6071973, 35.3908751 ], [ 24.5831981, 35.382846 ], [ 24.5516917, 35.3758846 ], [ 24.4832005, 35.3671327 ], [ 24.4706726, 35.3736466 ], [ 24.4666462, 35.3673445 ], [ 24.4579026, 35.3648324 ], [ 24.4458083, 35.370282 ], [ 24.4405251, 35.3683832 ], [ 24.420343, 35.3691161 ], [ 24.4097241, 35.3611618 ], [ 24.4012445, 35.3640062 ], [ 24.3897596, 35.3609065 ], [ 24.3747611, 35.3619688 ], [ 24.3629197, 35.3536074 ], [ 24.3567123, 35.3521969 ], [ 24.317411, 35.353775 ], [ 24.3234611, 35.3251356 ], [ 24.3305049, 35.3124052 ], [ 24.3309808, 35.2907433 ], [ 24.3253436, 35.2846689 ], [ 24.3142068, 35.2819595 ], [ 24.3086072, 35.2761421 ], [ 24.2923218, 35.2711501 ], [ 24.2807222, 35.2635444 ], [ 24.274033, 35.2567428 ], [ 24.270872, 35.248881 ], [ 24.285778, 35.2394297 ], [ 24.305938, 35.239651 ], [ 24.2949019, 35.2162914 ], [ 24.2928084, 35.2027405 ], [ 24.2851295, 35.1907836 ], [ 24.2875235, 35.1760065 ], [ 24.3062166, 35.1858491 ], [ 24.3223346, 35.1892394 ], [ 24.3522322, 35.1827758 ], [ 24.3651096, 35.1920216 ], [ 24.3859633, 35.1939942 ], [ 24.3939083, 35.1908022 ], [ 24.3984906, 35.1858861 ], [ 24.3993489, 35.1814137 ], [ 24.3933455, 35.1781551 ], [ 24.3940558, 35.1737705 ], [ 24.4050657, 35.1718299 ], [ 24.4158158, 35.1740055 ], [ 24.4215203, 35.1644735 ], [ 24.4549201, 35.1506144 ], [ 24.4640907, 35.1492053 ], [ 24.4788688, 35.1534069 ], [ 24.5201205, 35.1434914 ], [ 24.5295798, 35.1373554 ], [ 24.5472985, 35.1170103 ], [ 24.5521248, 35.1148043 ], [ 24.5603143, 35.1018651 ], [ 24.5734985, 35.105102 ], [ 24.5874026, 35.0977208 ], [ 24.6070053, 35.100346699999989 ], [ 24.6225512, 35.0980954 ], [ 24.6400193, 35.0955656 ], [ 24.6706393, 35.0982388 ], [ 24.6870604, 35.0947708 ], [ 24.6928551, 35.0976531 ], [ 24.7162418, 35.0928803 ], [ 24.722517, 35.0925445 ], [ 24.7232545, 35.111173 ], [ 24.7340576, 35.1131044 ], [ 24.7381718, 35.1161093 ], [ 24.7615754, 35.1190097 ], [ 24.7698213, 35.1249518 ], [ 24.7835926, 35.1202617 ], [ 24.790025, 35.1233914 ], [ 24.7882734, 35.140618 ], [ 24.7925474, 35.1561148 ], [ 24.7918862, 35.1692153 ], [ 24.8010679, 35.1841103 ], [ 24.7947006, 35.2162914 ], [ 24.7936485, 35.2216075 ], [ 24.7966345, 35.223969 ], [ 24.8005165, 35.223197 ], [ 24.809115, 35.2210205 ], [ 24.8151285, 35.219182 ], [ 24.8135818, 35.216291399999989 ], [ 24.8239164, 35.199336699999989 ], [ 24.8245558, 35.1868152 ], [ 24.8294535, 35.1807749 ], [ 24.8565295, 35.1844773 ], [ 24.8782318, 35.1748224 ], [ 24.8878819, 35.1801926 ], [ 24.9035325, 35.195004499999989 ], [ 24.9030145, 35.199846 ], [ 24.9031895, 35.2022165 ], [ 24.9022265, 35.208775 ], [ 24.9029655, 35.2162914 ], [ 24.9038401, 35.2251856 ], [ 24.9233094, 35.2492124 ], [ 24.9213979, 35.2561299 ], [ 24.9113909, 35.2698175 ], [ 24.9186887, 35.2803283 ], [ 24.9232454, 35.2947675 ], [ 24.9165891, 35.3010272 ], [ 24.9060673, 35.3006676 ], [ 24.8945626, 35.3092246 ], [ 24.8806886, 35.3125978 ], [ 24.873824, 35.317352 ], [ 24.8780112, 35.3229018 ], [ 24.8898229, 35.3226844 ], [ 24.9030496, 35.3307148 ], [ 24.8898994, 35.3485884 ], [ 24.8890269, 35.3638341 ], [ 24.8848845, 35.3742014 ], [ 24.8955827, 35.3818889 ], [ 24.9082034, 35.376339099999988 ], [ 24.9239299, 35.373755 ], [ 24.9297716, 35.3849017 ], [ 24.9262604, 35.4008464 ], [ 24.9280035, 35.40691 ], [ 24.9251973, 35.4080408 ], [ 24.918612, 35.4042458 ], [ 24.9089905, 35.4118078 ], [ 24.8942458, 35.4164652 ], [ 24.8856721, 35.4220561 ], [ 24.8762921, 35.4205782 ], [ 24.8767782, 35.4153245 ], [ 24.8718662, 35.410478 ], [ 24.8585489, 35.4104926 ], [ 24.8522184, 35.4104996 ], [ 24.8349805, 35.4068389 ], [ 24.8274226, 35.4135852 ], [ 24.8189215, 35.4087499 ], [ 24.7953159, 35.4104597 ], [ 24.787978, 35.4073902 ], [ 24.7840388, 35.4097828 ], [ 24.7857611, 35.4174917 ], [ 24.7832312, 35.4198554 ], [ 24.7675923, 35.4179648 ], [ 24.758484, 35.4213959 ], [ 24.7415612, 35.4204289 ], [ 24.7331701, 35.4254434 ], [ 24.7162418, 35.4249321 ], [ 24.7004431, 35.4262289 ], [ 24.6910341, 35.4187747 ] ] ], [ [ [ 24.5942554, 35.0058492 ], [ 24.5966659, 35.0078158 ], [ 24.5903678, 35.0090115 ], [ 24.5768471, 35.0047678 ], [ 24.5788848, 35.0030843 ], [ 24.5866996, 35.0019516 ], [ 24.5909617, 35.0057952 ], [ 24.5942554, 35.0058492 ] ] ], [ [ [ 24.6031481, 35.0117055 ], [ 24.5998636, 35.012256 ], [ 24.5970494, 35.0078589 ], [ 24.6035659, 35.0061724 ], [ 24.6064253, 35.0041817 ], [ 24.6080306, 35.0062936 ], [ 24.6076257, 35.0132999 ], [ 24.6031481, 35.0117055 ] ] ], [ [ [ 24.825712, 35.4163646 ], [ 24.824645, 35.4150638 ], [ 24.8273713, 35.4140314 ], [ 24.8278464, 35.4160016 ], [ 24.825712, 35.4163646 ] ] ] ] } },
{ "type": "Feature", "properties": { "LEVL_CODE": 3.0, "MOUNT_TYPE": 3.0, "CNTR_CODE": "EL", "SVRG_UN": "UN Member State", "NAME_ENGL": "Greece", "NAME_LATN": "Argolida, Arkadia", "NUTS_NAME": "Αργολίδα, Αρκαδία", "URBN_TYPE": 3.0, "NUTS_ID": "EL651", "CAPT": "Athens", "COAST_TYPE": 1.0, "ISO3_CODE": "GRC", "NAME_FREN": "Grèce", "EU_STAT": "T", "NAME_GERM": "Griechenland", "EFTA_STAT": "F", "CC_STAT": "F", "geo": "EL651" }, "geometry": { "type": "MultiPolygon", "coordinates": [ [ [ [ 21.9265261, 37.8249813 ], [ 21.9110595, 37.8323778 ], [ 21.9010163, 37.8341527 ], [ 21.8910343, 37.844281099999989 ], [ 21.8955352, 37.8543507 ], [ 21.8897415, 37.8658945 ], [ 21.8796272, 37.8630851 ], [ 21.8648782, 37.8540427 ], [ 21.8545629, 37.8516105 ], [ 21.8385961, 37.8367112 ], [ 21.819493, 37.8256327 ], [ 21.8105484, 37.8184703 ], [ 21.7949988, 37.7933106 ], [ 21.7963462, 37.7401273 ], [ 21.8086359, 37.7120524 ], [ 21.8122575, 37.68805 ], [ 21.7937419, 37.6350188 ], [ 21.7965146, 37.6234003 ], [ 21.7929032, 37.6104611 ], [ 21.7919218, 37.6069447 ], [ 21.7964667, 37.596992899999989 ], [ 21.7971305, 37.585927 ], [ 21.8061821, 37.5869026 ], [ 21.8344225, 37.6021429 ], [ 21.8432889, 37.6009265 ], [ 21.8543953, 37.6049565 ], [ 21.8644626, 37.6028788 ], [ 21.8765198, 37.6041417 ], [ 21.8879124, 37.5950939 ], [ 21.8931273, 37.5813742 ], [ 21.9017811, 37.5754841 ], [ 21.9016362, 37.5677677 ], [ 21.9114371, 37.5620875 ], [ 21.9127632, 37.5545472 ], [ 21.9184902, 37.5550646 ], [ 21.9298319, 37.5491134 ], [ 21.9483365, 37.5445705 ], [ 21.9633231, 37.5250699 ], [ 21.9841086, 37.5134233 ], [ 21.994914, 37.50668 ], [ 21.9981399, 37.5004019 ], [ 21.9841086, 37.4946086 ], [ 21.976565, 37.4882628 ], [ 21.9655925, 37.4834485 ], [ 21.9496556, 37.4749403 ], [ 21.9490091, 37.4713158 ], [ 21.9556196, 37.4649711 ], [ 21.9572163, 37.4567953 ], [ 21.9737887, 37.4552183 ], [ 21.9801682, 37.443029 ], [ 21.9841086, 37.441843299999988 ], [ 21.9894102, 37.440617 ], [ 21.9875502, 37.4309257 ], [ 21.9927021, 37.4171123 ], [ 21.974159, 37.3841155 ], [ 21.9612187, 37.3803754 ], [ 21.9571606, 37.3746033 ], [ 21.9757076, 37.3517637 ], [ 21.9911167, 37.3424533 ], [ 22.0017208, 37.3402552 ], [ 22.0085201, 37.3310542 ], [ 22.0184263, 37.3254132 ], [ 22.0248517, 37.3143742 ], [ 22.0191532, 37.2887716 ], [ 22.025264, 37.2750496 ], [ 22.0427152, 37.2630768 ], [ 22.0566437, 37.2613371 ], [ 22.0662511, 37.2567675 ], [ 22.0716569, 37.2505899 ], [ 22.0727709, 37.2374539 ], [ 22.0789365, 37.2294065 ], [ 22.0988115, 37.2293734 ], [ 22.1068967, 37.2272571 ], [ 22.1097801, 37.2240831 ], [ 22.1120751, 37.2215568 ], [ 22.1163066, 37.2069682 ], [ 22.1259714, 37.1975357 ], [ 22.1368234, 37.1926357 ], [ 22.1359472, 37.1839521 ], [ 22.1384308, 37.1783534 ], [ 22.1475483, 37.1733322 ], [ 22.1633276, 37.1725434 ], [ 22.1738465, 37.1665133 ], [ 22.179542, 37.1526045 ], [ 22.1782391, 37.1450512 ], [ 22.1850656, 37.1380108 ], [ 22.1943764, 37.136847 ], [ 22.1998978, 37.1388743 ], [ 22.2061268, 37.1508907 ], [ 22.2144268, 37.1572666 ], [ 22.214921, 37.1653861 ], [ 22.2196779, 37.165634 ], [ 22.2293086, 37.1604586 ], [ 22.2363626, 37.1664123 ], [ 22.2513995, 37.1691625 ], [ 22.24923, 37.188042 ], [ 22.2360383, 37.2069668 ], [ 22.2368516, 37.2214026 ], [ 22.2259826, 37.2436265 ], [ 22.221857, 37.2709913 ], [ 22.2255013, 37.2749803 ], [ 22.2304165, 37.2756142 ], [ 22.2524714, 37.2686596 ], [ 22.2709761, 37.2795549 ], [ 22.285567, 37.283387 ], [ 22.2948193, 37.2721715 ], [ 22.2989794, 37.2502729 ], [ 22.3241324, 37.2425361 ], [ 22.337283, 37.2343613 ], [ 22.3405554, 37.2284542 ], [ 22.3384256, 37.2203067 ], [ 22.3402427, 37.2172905 ], [ 22.3620568, 37.212827 ], [ 22.3725476, 37.2140079 ], [ 22.3825942, 37.2205023 ], [ 22.3888586, 37.2327517 ], [ 22.40094, 37.2167677 ], [ 22.4068861, 37.2138052 ], [ 22.4149168, 37.2136764 ], [ 22.4225502, 37.2205098 ], [ 22.4212624, 37.2397607 ], [ 22.4301741, 37.2514371 ], [ 22.4318936, 37.2587954 ], [ 22.4288802, 37.2664432 ], [ 22.4101262, 37.2913189 ], [ 22.403177, 37.3230382 ], [ 22.4078097, 37.3289303 ], [ 22.4169455, 37.3337435 ], [ 22.4326968, 37.3241975 ], [ 22.44517, 37.329704 ], [ 22.4549454, 37.3258882 ], [ 22.4631071, 37.31875 ], [ 22.4731271, 37.3161467 ], [ 22.4831997, 37.3135297 ], [ 22.4954871, 37.3197488 ], [ 22.5194655, 37.320239 ], [ 22.5428714, 37.3048056 ], [ 22.5418896, 37.2984249 ], [ 22.5531083, 37.2846278 ], [ 22.55821, 37.2859335 ], [ 22.5815192, 37.2918987 ], [ 22.5849549, 37.2927779 ], [ 22.5923472, 37.2946696 ], [ 22.5994266, 37.2961489 ], [ 22.6055756, 37.2946696 ], [ 22.6114331, 37.2811813 ], [ 22.6070433, 37.2502933 ], [ 22.6088695, 37.2314603 ], [ 22.620847, 37.2136545 ], [ 22.6302386, 37.2047252 ], [ 22.6381611, 37.1776474 ], [ 22.635722, 37.1694433 ], [ 22.653138, 37.142463 ], [ 22.6845536, 37.1146121 ], [ 22.6886437, 37.1057342 ], [ 22.7046387, 37.0926144 ], [ 22.6934393, 37.0815772 ], [ 22.6863177, 37.0700474 ], [ 22.6846635, 37.0673689 ], [ 22.7030238, 37.0424713 ], [ 22.7106696, 37.0358444 ], [ 22.7154077, 37.0342838 ], [ 22.7297582, 37.0399253 ], [ 22.7361724, 37.0503305 ], [ 22.7435838, 37.0557194 ], [ 22.7584588, 37.0564962 ], [ 22.7774951, 37.040385 ], [ 22.7933241, 37.0329786 ], [ 22.805041, 37.0150813 ], [ 22.8158106, 37.0130823 ], [ 22.8275708, 37.0075968 ], [ 22.8433321, 37.0065307 ], [ 22.8505704, 36.9956965 ], [ 22.8577834, 36.9987888 ], [ 22.8701666, 36.9991225 ], [ 22.8696538, 37.008257 ], [ 22.8778909, 37.0216085 ], [ 22.8947737, 37.0281221 ], [ 22.9039515, 37.0278222 ], [ 22.9164928, 37.0178276 ], [ 22.924951, 37.016084 ], [ 22.93784, 37.0210794 ], [ 22.954642, 37.0235191 ], [ 22.9622123, 37.0349094 ], [ 22.9714608, 37.0382952 ], [ 22.9808025, 37.0479035 ], [ 22.9778665, 37.0555559 ], [ 22.9708719, 37.0599675 ], [ 22.9660704, 37.0694736 ], [ 22.9684175, 37.0717122 ], [ 22.980833, 37.0709311 ], [ 22.9833188, 37.0743772 ], [ 22.9822495, 37.0798899 ], [ 22.9639199, 37.090285 ], [ 22.9571209, 37.0986977 ], [ 22.9591987, 37.1095454 ], [ 22.9566193, 37.1150716 ], [ 22.9313573, 37.1172615 ], [ 22.9249878, 37.1105841 ], [ 22.9164928, 37.1089617 ], [ 22.9073211, 37.1120371 ], [ 22.8962513, 37.1225682 ], [ 22.8928487, 37.1455845 ], [ 22.8997371, 37.1756109 ], [ 22.9092868, 37.1912134 ], [ 22.8946675, 37.2019476 ], [ 22.8920768, 37.2187453 ], [ 22.8741241, 37.244027 ], [ 22.8620364, 37.2481538 ], [ 22.8560785, 37.2551106 ], [ 22.8551677, 37.2604751 ], [ 22.8615757, 37.2654263 ], [ 22.8620635, 37.2691583 ], [ 22.8393392, 37.2798675 ], [ 22.8380162, 37.2842283 ], [ 22.8409525, 37.292198 ], [ 22.8361326, 37.2946696 ], [ 22.8336453, 37.2959451 ], [ 22.8273379, 37.3096476 ], [ 22.8208485, 37.315239 ], [ 22.8255001, 37.32195 ], [ 22.8100286, 37.3297737 ], [ 22.809328, 37.3330896 ], [ 22.8143259, 37.33755 ], [ 22.8053477, 37.3421153 ], [ 22.798474, 37.351423 ], [ 22.7969165, 37.3599919 ], [ 22.7825564, 37.3726827 ], [ 22.7737657, 37.3859981 ], [ 22.759662, 37.388378 ], [ 22.754591, 37.3926103 ], [ 22.7576311, 37.4058168 ], [ 22.7692386, 37.4171123 ], [ 22.7712934, 37.4235171 ], [ 22.7646929, 37.4260877 ], [ 22.7493511, 37.4406732 ], [ 22.7461554, 37.4559889 ], [ 22.7485196, 37.4636662 ], [ 22.7338732, 37.4766657 ], [ 22.7278942, 37.4867144 ], [ 22.7303143, 37.4985482 ], [ 22.7387898, 37.511381199999988 ], [ 22.735592, 37.523258 ], [ 22.7237236, 37.541946 ], [ 22.717626, 37.5594927 ], [ 22.7186166, 37.5648897 ], [ 22.7271272, 37.5739557 ], [ 22.7469635, 37.5844681 ], [ 22.7698424, 37.589787099999988 ], [ 22.7811415, 37.588848 ], [ 22.7902352, 37.5843696 ], [ 22.8002952, 37.5738718 ], [ 22.8005419, 37.5694881 ], [ 22.7937601, 37.5633191 ], [ 22.7999067, 37.561026 ], [ 22.8108386, 37.5486661 ], [ 22.8212362, 37.5430281 ], [ 22.8194233, 37.529964899999989 ], [ 22.8298442, 37.5283301 ], [ 22.8509906, 37.5144065 ], [ 22.8551519, 37.5142381 ], [ 22.869999, 37.5267155 ], [ 22.894818, 37.5318004 ], [ 22.9164928, 37.5277709 ], [ 22.9217137, 37.5268003 ], [ 22.9193871, 37.5341992 ], [ 22.9270342, 37.5346324 ], [ 22.9353528, 37.5288406 ], [ 22.9390502, 37.5211418 ], [ 22.9708158, 37.5175824 ], [ 22.9795078, 37.5137813 ], [ 23.0047304, 37.4629633 ], [ 23.0209003, 37.4717782 ], [ 23.041599, 37.4786303 ], [ 23.0539895, 37.463791 ], [ 23.0458945, 37.4575681 ], [ 23.0576256, 37.4511618 ], [ 23.0906931, 37.4541739 ], [ 23.1197224, 37.4494622 ], [ 23.1229242, 37.4410033 ], [ 23.1310219, 37.4355686 ], [ 23.1321421, 37.4213913 ], [ 23.1388881, 37.4171123 ], [ 23.1410396, 37.4154595 ], [ 23.1404851, 37.413878 ], [ 23.1379691, 37.411224 ], [ 23.1336491, 37.4102518 ], [ 23.1230679, 37.4171123 ], [ 23.1124608, 37.4207403 ], [ 23.1120692, 37.4171123 ], [ 23.1100579, 37.4010882 ], [ 23.1007396, 37.3920546 ], [ 23.0854731, 37.3884481 ], [ 23.0731252, 37.3914269 ], [ 23.0660127, 37.3906437 ], [ 23.0731833, 37.3721612 ], [ 23.0688619, 37.3541428 ], [ 23.0755224, 37.3514407 ], [ 23.1059587, 37.3507276 ], [ 23.1181237, 37.344899 ], [ 23.1220052, 37.335717 ], [ 23.1156662, 37.3331403 ], [ 23.1139579, 37.329677 ], [ 23.127084, 37.3173312 ], [ 23.1383144, 37.3184385 ], [ 23.1453826, 37.3259199 ], [ 23.1504559, 37.3249034 ], [ 23.1529967, 37.3184417 ], [ 23.1446092, 37.3152774 ], [ 23.1388619, 37.3081841 ], [ 23.1467962, 37.2978684 ], [ 23.1553508, 37.2946696 ], [ 23.1616812, 37.2942049 ], [ 23.1731374, 37.287443 ], [ 23.1778331, 37.2888334 ], [ 23.1831334, 37.293836 ], [ 23.1947021, 37.2929813 ], [ 23.1978085, 37.2946696 ], [ 23.1992842, 37.2962937 ], [ 23.1974421, 37.3067927 ], [ 23.1795036, 37.3235929 ], [ 23.1826071, 37.3320642 ], [ 23.1905236, 37.3390675 ], [ 23.2062531, 37.3410955 ], [ 23.2360659, 37.3449391 ], [ 23.2450869, 37.3444459 ], [ 23.2646572, 37.3433761 ], [ 23.2739104, 37.3468659 ], [ 23.273309, 37.3503164 ], [ 23.2664581, 37.3546577 ], [ 23.2485519, 37.3555951 ], [ 23.2467441, 37.3590732 ], [ 23.2492262, 37.365855 ], [ 23.2450869, 37.3671104 ], [ 23.2403106, 37.3685589 ], [ 23.2309095, 37.366507 ], [ 23.2272556, 37.3733358 ], [ 23.2254516, 37.3767069 ], [ 23.2319965, 37.3824991 ], [ 23.2450869, 37.383481 ], [ 23.2511231, 37.3839338 ], [ 23.2498461, 37.388159 ], [ 23.2588193, 37.3909104 ], [ 23.262027, 37.3997777 ], [ 23.2679333, 37.4048066 ], [ 23.2782616, 37.4044101 ], [ 23.2843228, 37.4004513 ], [ 23.2875256, 37.397865 ], [ 23.2907461, 37.3952644 ], [ 23.3067151, 37.3942541 ], [ 23.3122321, 37.4023196 ], [ 23.3238495, 37.4051975 ], [ 23.3362689, 37.4129003 ], [ 23.3869739, 37.411079 ], [ 23.4092632, 37.4046971 ], [ 23.4244195, 37.411701 ], [ 23.4245292, 37.4185249 ], [ 23.4303026, 37.425028 ], [ 23.4317995, 37.4261555 ], [ 23.433356, 37.428075 ], [ 23.4471056, 37.440562199999988 ], [ 23.4501475, 37.4453771 ], [ 23.4526732, 37.4491296 ], [ 23.4535115, 37.4518916 ], [ 23.4535369, 37.4568184 ], [ 23.4543466, 37.4596786 ], [ 23.454001, 37.462828 ], [ 23.4524915, 37.463658 ], [ 23.4501475, 37.4636709 ], [ 23.436959, 37.466393 ], [ 23.4227946, 37.468213 ], [ 23.4052351, 37.4570479 ], [ 23.3866713, 37.4587363 ], [ 23.3657325, 37.4641035 ], [ 23.3474658, 37.4598546 ], [ 23.3442968, 37.4618914 ], [ 23.3408831, 37.4721092 ], [ 23.3263288, 37.4685567 ], [ 23.3121134, 37.4711988 ], [ 23.3100307, 37.4750887 ], [ 23.3116101, 37.4886033 ], [ 23.3036291, 37.4963984 ], [ 23.2928079, 37.4960777 ], [ 23.2875256, 37.4938851 ], [ 23.2754793, 37.4946408 ], [ 23.2681685, 37.5022877 ], [ 23.2473823, 37.5037648 ], [ 23.2450869, 37.5048397 ], [ 23.226789, 37.5134075 ], [ 23.2168126, 37.5223103 ], [ 23.1918633, 37.5217942 ], [ 23.1808776, 37.5238105 ], [ 23.1678655, 37.5340595 ], [ 23.1654553, 37.5445405 ], [ 23.170326, 37.5576199 ], [ 23.1755353, 37.565473 ], [ 23.1871715, 37.5699515 ], [ 23.1900953, 37.5793898 ], [ 23.186113, 37.588352 ], [ 23.1911929, 37.5903267 ], [ 23.1956159, 37.592015 ], [ 23.2003785, 37.596653 ], [ 23.1911929, 37.6018566 ], [ 23.1771308, 37.6104611 ], [ 23.1750187, 37.6117534 ], [ 23.1646757, 37.6138263 ], [ 23.1565656, 37.6227446 ], [ 23.1602064, 37.6309394 ], [ 23.1678264, 37.6327176 ], [ 23.1663021, 37.6357006 ], [ 23.1588036, 37.6356264 ], [ 23.1576562, 37.6374575 ], [ 23.1599173, 37.6406371 ], [ 23.1685545, 37.6406206 ], [ 23.1668611, 37.6465491 ], [ 23.1694202, 37.649564 ], [ 23.1597441, 37.6636879 ], [ 23.156328, 37.6686738 ], [ 23.151539, 37.6756626 ], [ 23.156328, 37.6816653 ], [ 23.1714948, 37.7006728 ], [ 23.1698026, 37.70635 ], [ 23.1747711, 37.714876 ], [ 23.1577887, 37.7143226 ], [ 23.156328, 37.7152025 ], [ 23.1403982, 37.7247972 ], [ 23.1200315, 37.729985 ], [ 23.1044724, 37.7223616 ], [ 23.0926481, 37.7216098 ], [ 23.0677331, 37.7293288 ], [ 23.0559812, 37.711857 ], [ 23.0461365, 37.7025445 ], [ 23.0310283, 37.7101554 ], [ 23.0193313, 37.7115445 ], [ 22.9996202, 37.7075677 ], [ 22.983348, 37.7161885 ], [ 22.9757849, 37.715308199999988 ], [ 22.9670533, 37.7100306 ], [ 22.957145, 37.7092898 ], [ 22.9469135, 37.724278 ], [ 22.9538581, 37.7404606 ], [ 22.9351665, 37.7441931 ], [ 22.9164928, 37.7537013 ], [ 22.9083496, 37.7503652 ], [ 22.8900633, 37.7505717 ], [ 22.8742812, 37.7407352 ], [ 22.8577834, 37.7379594 ], [ 22.8275735, 37.7335523 ], [ 22.8082137, 37.7372207 ], [ 22.7878713, 37.7340382 ], [ 22.768144, 37.7403437 ], [ 22.7577109, 37.7449429 ], [ 22.7482468, 37.7526744 ], [ 22.7434547, 37.7663569 ], [ 22.744386, 37.7776175 ], [ 22.7262898, 37.7704966 ], [ 22.7224606, 37.778929 ], [ 22.7188338, 37.7802062 ], [ 22.7032043, 37.7734544 ], [ 22.6899701, 37.7730858 ], [ 22.6856389, 37.7668433 ], [ 22.6770373, 37.7637695 ], [ 22.6664187, 37.7644813 ], [ 22.6580774, 37.7679147 ], [ 22.6526498, 37.7742984 ], [ 22.6446471, 37.778288 ], [ 22.6168767, 37.7776149 ], [ 22.612447, 37.7861175 ], [ 22.6097741, 37.7861175 ], [ 22.6021185, 37.7823889 ], [ 22.5918257, 37.786117499999989 ], [ 22.5849549, 37.7886064 ], [ 22.5815192, 37.7898509 ], [ 22.5744231, 37.7924213 ], [ 22.5596677, 37.7914359 ], [ 22.55821, 37.7905986 ], [ 22.5504093, 37.7861175 ], [ 22.5429052, 37.7818066 ], [ 22.5354442, 37.7817069 ], [ 22.5337409, 37.7861175 ], [ 22.5312649, 37.7925282 ], [ 22.5357898, 37.8081302 ], [ 22.5463193, 37.8245191 ], [ 22.55821, 37.8319741 ], [ 22.5616977, 37.8341606 ], [ 22.558343, 37.8509395 ], [ 22.55821, 37.8508237 ], [ 22.5465423, 37.840668 ], [ 22.5215873, 37.835797 ], [ 22.5095985, 37.844856 ], [ 22.5006032, 37.8599108 ], [ 22.4944585, 37.8594727 ], [ 22.4791453, 37.846009 ], [ 22.4731271, 37.8429067 ], [ 22.4617964, 37.8370656 ], [ 22.4463748, 37.820353 ], [ 22.4348067, 37.8144509 ], [ 22.4273112, 37.8051609 ], [ 22.4094147, 37.8003753 ], [ 22.391522, 37.803738 ], [ 22.3834774, 37.8062217 ], [ 22.3641194, 37.8033083 ], [ 22.3544188, 37.7977179 ], [ 22.3325541, 37.7978765 ], [ 22.3218207, 37.8058229 ], [ 22.3171252, 37.8167028 ], [ 22.3056913, 37.8227422 ], [ 22.294001, 37.8353145 ], [ 22.2764797, 37.8399964 ], [ 22.264305, 37.839156 ], [ 22.2370851, 37.8387973 ], [ 22.229416, 37.831959 ], [ 22.2194312, 37.8327253 ], [ 22.2000853, 37.8269206 ], [ 22.1747355, 37.795525 ], [ 22.1524539, 37.8044074 ], [ 22.140838, 37.8025877 ], [ 22.136069, 37.8093113 ], [ 22.1269771, 37.8148306 ], [ 22.1297132, 37.8218878 ], [ 22.1229049, 37.8246135 ], [ 22.1097801, 37.8230642 ], [ 22.1040492, 37.8223878 ], [ 22.0972607, 37.8155689 ], [ 22.0770653, 37.8079373 ], [ 22.0703928, 37.7976005 ], [ 22.0603784, 37.7905481 ], [ 22.0552149, 37.781621 ], [ 22.0405421, 37.78833 ], [ 22.0233405, 37.7888248 ], [ 22.012065, 37.791846 ], [ 22.0045445, 37.7987426 ], [ 21.9908349, 37.7990522 ], [ 21.9841086, 37.7964768 ], [ 21.9823493, 37.8010016 ], [ 21.9684787, 37.8129756 ], [ 21.9601919, 37.814795 ], [ 21.9474578, 37.8221031 ], [ 21.9352677, 37.8156879 ], [ 21.9290827, 37.8190454 ], [ 21.9265261, 37.8249813 ] ] ], [ [ [ 22.9735237, 37.4427253 ], [ 22.96903, 37.4380605 ], [ 22.9691112, 37.4354399 ], [ 22.966436, 37.4331612 ], [ 22.9666903, 37.4307171 ], [ 22.9708158, 37.4294625 ], [ 22.9738274, 37.4315257 ], [ 22.9810075, 37.4332152 ], [ 22.9830223, 37.4321598 ], [ 22.9857974, 37.4337499 ], [ 22.9926959, 37.4335693 ], [ 22.9974419, 37.4349394 ], [ 22.9937951, 37.4389807 ], [ 22.9848621, 37.4418788 ], [ 22.9805706, 37.4402237 ], [ 22.9768931, 37.4403659 ], [ 22.9735237, 37.4427253 ] ] ], [ [ [ 22.9164928, 37.5017544 ], [ 22.914705, 37.5021805 ], [ 22.911519, 37.5012061 ], [ 22.9102769, 37.4978198 ], [ 22.9119372, 37.4937122 ], [ 22.9164928, 37.4917439 ], [ 22.9207332, 37.4891061 ], [ 22.9276723, 37.489231 ], [ 22.9328112, 37.4885398 ], [ 22.936282, 37.4913133 ], [ 22.9360808, 37.4941923 ], [ 22.9337855, 37.492536 ], [ 22.9248696, 37.4948753 ], [ 22.9256412, 37.4983798 ], [ 22.9217158, 37.4981218 ], [ 22.9193207, 37.5008871 ], [ 22.9164928, 37.5017544 ] ] ], [ [ [ 22.8537418, 37.5087441 ], [ 22.8568434, 37.5051317 ], [ 22.8639777, 37.5076281 ], [ 22.8720546, 37.5022671 ], [ 22.8756346, 37.5050508 ], [ 22.8644738, 37.514544799999989 ], [ 22.8537418, 37.5087441 ] ] ], [ [ [ 23.1244709, 37.4271328 ], [ 23.1152352, 37.4269483 ], [ 23.1184637, 37.4237025 ], [ 23.1251606, 37.4256138 ], [ 23.1244709, 37.4271328 ] ] ], [ [ [ 23.0662392, 37.362809 ], [ 23.0612435, 37.360141299999988 ], [ 23.0629944, 37.3576026 ], [ 23.0660347, 37.3579453 ], [ 23.0662392, 37.362809 ] ] ], [ [ [ 23.2578553, 37.3693661 ], [ 23.2539106, 37.3667418 ], [ 23.2579427, 37.3648561 ], [ 23.2609869, 37.3684986 ], [ 23.2578553, 37.3693661 ] ] ] ] } },
{ "type": "Feature", "properties": { "LEVL_CODE": 3.0, "MOUNT_TYPE": 2.0, "CNTR_CODE": "EL", "SVRG_UN": "UN Member State", "NAME_ENGL": "Greece", "NAME_LATN": "Evvoia", "NUTS_NAME": "Εύβοια", "URBN_TYPE": 3.0, "NUTS_ID": "EL642", "CAPT": "Athens", "COAST_TYPE": 1.0, "ISO3_CODE": "GRC", "NAME_FREN": "Grèce", "EU_STAT": "T", "NAME_GERM": "Griechenland", "EFTA_STAT": "F", "CC_STAT": "F", "geo": "EL642" }, "geometry": { "type": "MultiPolygon", "coordinates": [ [ [ [ 23.3668381, 39.0076607 ], [ 23.3516327, 39.010497 ], [ 23.3461953, 39.0161247 ], [ 23.3375765, 39.0161982 ], [ 23.3191046, 39.0376813 ], [ 23.3001668, 39.0390348 ], [ 23.2843228, 39.0381115 ], [ 23.2793422, 39.0378212 ], [ 23.2754513, 39.0337477 ], [ 23.2608543, 39.02662 ], [ 23.2542354, 39.0233878 ], [ 23.2310263, 39.0221895 ], [ 23.2135416, 39.014227 ], [ 23.2069914, 39.0068046 ], [ 23.2053833, 39.0049822 ], [ 23.1937612, 39.0039757 ], [ 23.1818935, 39.0036168 ], [ 23.1629275, 39.0085156 ], [ 23.156328, 39.0083785 ], [ 23.1312102, 39.0078566 ], [ 23.1205907, 38.998384 ], [ 23.1038662, 38.9886071 ], [ 23.0962569, 38.9841763 ], [ 23.0918375, 38.9816029 ], [ 23.0931891, 38.9719131 ], [ 23.0880273, 38.958675299999989 ], [ 23.0873553, 38.9485378 ], [ 23.081409, 38.9413758 ], [ 23.0716108, 38.9387848 ], [ 23.048963, 38.9429966 ], [ 23.0354494, 38.9358543 ], [ 23.033515, 38.925847 ], [ 23.023191, 38.919909 ], [ 23.0170195, 38.9191817 ], [ 23.0108391, 38.9171218 ], [ 23.0068738, 38.9096116 ], [ 22.9912747, 38.9113314 ], [ 22.9834481, 38.905599 ], [ 22.9398343, 38.8967632 ], [ 22.9367232, 38.8913938 ], [ 22.9220057, 38.8907584 ], [ 22.9164928, 38.8867631 ], [ 22.9073081, 38.8838517 ], [ 22.9008961, 38.8777809 ], [ 22.8784316, 38.8776276 ], [ 22.864046, 38.8698269 ], [ 22.8505653, 38.8698799 ], [ 22.8457724, 38.8607032 ], [ 22.8345505, 38.848734 ], [ 22.8311518, 38.8286051 ], [ 22.838639, 38.8270248 ], [ 22.8866747, 38.8382811 ], [ 22.8991804, 38.8389303 ], [ 22.9164928, 38.8363851 ], [ 22.92811, 38.8367981 ], [ 22.941545, 38.8345057 ], [ 22.9608851, 38.8373943 ], [ 22.9893147, 38.8502621 ], [ 22.9927895, 38.8608134 ], [ 22.9831789, 38.8710523 ], [ 22.9498833, 38.8765874 ], [ 22.951812, 38.8826645 ], [ 22.9647597, 38.8895655 ], [ 22.9906493, 38.8817475 ], [ 23.031566, 38.8811897 ], [ 23.0451482, 38.8544759 ], [ 23.0817402, 38.8396787 ], [ 23.1150666, 38.8441491 ], [ 23.1340149, 38.8520247 ], [ 23.156328, 38.846432199999988 ], [ 23.1652622, 38.8441928 ], [ 23.1819587, 38.8369869 ], [ 23.196602, 38.834671 ], [ 23.2069914, 38.827107 ], [ 23.2210923, 38.8168397 ], [ 23.2337399, 38.8016944 ], [ 23.2488065, 38.7960304 ], [ 23.2608543, 38.7857631 ], [ 23.2637007, 38.7833371 ], [ 23.2774137, 38.7768307 ], [ 23.2843228, 38.767479 ], [ 23.2875256, 38.7671977 ], [ 23.3004697, 38.7696343 ], [ 23.3097957, 38.764343 ], [ 23.322234, 38.7618756 ], [ 23.3474715, 38.7288397 ], [ 23.3569679, 38.7234663 ], [ 23.3865595, 38.6983836 ], [ 23.4144526, 38.6908242 ], [ 23.4290328, 38.682688 ], [ 23.435919, 38.6753805 ], [ 23.440193, 38.6716601 ], [ 23.4493796, 38.649539 ], [ 23.4631506, 38.6481978 ], [ 23.4669219, 38.6462477 ], [ 23.4859088, 38.636429 ], [ 23.490119, 38.6342515 ], [ 23.4950476, 38.6261311 ], [ 23.4989492, 38.6083011 ], [ 23.5114839, 38.5874796 ], [ 23.528813, 38.577861399999989 ], [ 23.544253, 38.5819248 ], [ 23.5567064, 38.5825825 ], [ 23.5584499, 38.5814106 ], [ 23.5706518, 38.5732085 ], [ 23.5956726, 38.5729618 ], [ 23.6000901, 38.5701438 ], [ 23.603346, 38.5624399 ], [ 23.612014, 38.552809599999989 ], [ 23.6264765, 38.542408 ], [ 23.6250225, 38.5350673 ], [ 23.6289332, 38.526414 ], [ 23.6287894, 38.518073099999988 ], [ 23.6287571, 38.5161973 ], [ 23.6340152, 38.5079226 ], [ 23.6272095, 38.4956204 ], [ 23.6250852, 38.4799137 ], [ 23.6148657, 38.4709819 ], [ 23.6038533, 38.4730071 ], [ 23.5925293, 38.4681144 ], [ 23.5900323, 38.4735813 ], [ 23.5764028, 38.4833126 ], [ 23.5722852, 38.4897726 ], [ 23.5594844, 38.4972074 ], [ 23.5571667, 38.5033017 ], [ 23.5407207, 38.5090751 ], [ 23.5246102, 38.4928276 ], [ 23.520666, 38.485687 ], [ 23.5120445, 38.4813811 ], [ 23.4788061, 38.486878 ], [ 23.4669219, 38.4948041 ], [ 23.4609366, 38.4987956 ], [ 23.4417241, 38.5003821 ], [ 23.4165187, 38.4979231 ], [ 23.4001674, 38.5090355 ], [ 23.3685425, 38.5098645 ], [ 23.3543979, 38.5068945 ], [ 23.3420329, 38.4987253 ], [ 23.3338708, 38.4985455 ], [ 23.328289, 38.5012205 ], [ 23.3230599, 38.4970525 ], [ 23.2995669, 38.4874459 ], [ 23.2947517, 38.4666791 ], [ 23.2875256, 38.4609454 ], [ 23.2843228, 38.458404 ], [ 23.2791191, 38.4542747 ], [ 23.2763123, 38.4473997 ], [ 23.2706316, 38.4424166 ], [ 23.2698396, 38.4319621 ], [ 23.2730665, 38.4290901 ], [ 23.2843228, 38.427587 ], [ 23.2860334, 38.4261016 ], [ 23.2875256, 38.4158589 ], [ 23.288109, 38.411854 ], [ 23.3205614, 38.4275985 ], [ 23.3225369, 38.4436711 ], [ 23.3662779, 38.4610139 ], [ 23.3945295, 38.4693983 ], [ 23.4125932, 38.4569119 ], [ 23.4273729, 38.4592368 ], [ 23.4425103, 38.4541138 ], [ 23.46379, 38.4550739 ], [ 23.4574489, 38.4457983 ], [ 23.4425582, 38.4356668 ], [ 23.435087, 38.4332451 ], [ 23.4335759, 38.4293283 ], [ 23.4427817, 38.4148645 ], [ 23.4669219, 38.4036393 ], [ 23.4828085, 38.396251 ], [ 23.495457, 38.3822677 ], [ 23.5102223, 38.3748853 ], [ 23.545245, 38.364846 ], [ 23.5505303, 38.3691571 ], [ 23.5584499, 38.3687189 ], [ 23.5905982, 38.3666523 ], [ 23.6077037, 38.3599871 ], [ 23.609445, 38.3586565 ], [ 23.6152417, 38.354227 ], [ 23.6316691, 38.3502242 ], [ 23.6372119, 38.3498168 ], [ 23.6429252, 38.349397 ], [ 23.6555732, 38.3520523 ], [ 23.6485269, 38.3586565 ], [ 23.640639, 38.3660486 ], [ 23.639056, 38.3739574 ], [ 23.6372119, 38.3748962 ], [ 23.6311831, 38.3790013 ], [ 23.6277754, 38.3927615 ], [ 23.6306804, 38.4093309 ], [ 23.6139355, 38.4168783 ], [ 23.593933, 38.4181848 ], [ 23.5936301, 38.4206909 ], [ 23.6010714, 38.4257606 ], [ 23.5947944, 38.4356875 ], [ 23.5971053, 38.4401353 ], [ 23.5828694, 38.4458046 ], [ 23.5716825, 38.4470144 ], [ 23.5696406, 38.4514616 ], [ 23.5725484, 38.4588705 ], [ 23.5778487, 38.462152 ], [ 23.5885075, 38.460619699999988 ], [ 23.5916971, 38.4564669 ], [ 23.589035, 38.4488079 ], [ 23.5916594, 38.4470077 ], [ 23.5972068, 38.4518268 ], [ 23.6036173, 38.4510567 ], [ 23.6067015, 38.4552215 ], [ 23.6111161, 38.4547085 ], [ 23.6203255, 38.4463021 ], [ 23.6224881, 38.4298959 ], [ 23.6296468, 38.4265497 ], [ 23.6372119, 38.4182638 ], [ 23.6403219, 38.4130377 ], [ 23.6395326, 38.4070742 ], [ 23.6478854, 38.3996342 ], [ 23.6533251, 38.4014329 ], [ 23.663301, 38.3993611 ], [ 23.67568, 38.410647 ], [ 23.6861723, 38.4085774 ], [ 23.692334, 38.4126231 ], [ 23.7020739, 38.4116075 ], [ 23.7234175, 38.409481 ], [ 23.7364383, 38.3999969 ], [ 23.7497704, 38.4002492 ], [ 23.7727595, 38.3914008 ], [ 23.7831849, 38.3915331 ], [ 23.7912825, 38.3889369 ], [ 23.8022445, 38.3896099 ], [ 23.8172115, 38.4022294 ], [ 23.8253485, 38.4045576 ], [ 23.8568047, 38.3990921 ], [ 23.8683194, 38.3919159 ], [ 23.8828779, 38.3906441 ], [ 23.8944599, 38.3844121 ], [ 23.9258165, 38.3843555 ], [ 23.9370159, 38.3854556 ], [ 23.9423885, 38.3883135 ], [ 23.9630334, 38.3872706 ], [ 23.9814389, 38.3963942 ], [ 23.9897344, 38.4005059 ], [ 23.9947164, 38.4029751 ], [ 24.0087146, 38.397522 ], [ 24.0190956, 38.3902545 ], [ 24.0320686, 38.3896134 ], [ 24.0441241, 38.395036399999988 ], [ 24.0498824, 38.3933864 ], [ 24.0577654, 38.3786247 ], [ 24.0503715, 38.3677299 ], [ 24.058774, 38.3427763 ], [ 24.0474704, 38.3368041 ], [ 24.0348121, 38.3341449 ], [ 24.0271517, 38.3357287 ], [ 24.0251112, 38.3298302 ], [ 24.0246334, 38.3284492 ], [ 24.0295908, 38.3255157 ], [ 24.0501992, 38.3227217 ], [ 24.0704004, 38.326034 ], [ 24.0777651, 38.3214158 ], [ 24.0921293, 38.3233559 ], [ 24.1095162, 38.3156403 ], [ 24.1104707, 38.3019463 ], [ 24.118142, 38.301313 ], [ 24.113829, 38.2941084 ], [ 24.1139668, 38.2883188 ], [ 24.105608, 38.2870213 ], [ 24.0970165, 38.2800535 ], [ 24.0997684, 38.2758578 ], [ 24.1053942, 38.2740857 ], [ 24.103692, 38.2700305 ], [ 24.1072632, 38.2653955 ], [ 24.1054409, 38.2606066 ], [ 24.1125742, 38.2525273 ], [ 24.1169419, 38.2529186 ], [ 24.1244164, 38.2588168 ], [ 24.1301582, 38.2719896 ], [ 24.1403726, 38.2809607 ], [ 24.1502406, 38.27969 ], [ 24.1520122, 38.2785099 ], [ 24.1542185, 38.2717055 ], [ 24.1579743, 38.267769 ], [ 24.1502406, 38.2628889 ], [ 24.1396681, 38.2498885 ], [ 24.1367723, 38.2390023 ], [ 24.1179243, 38.218736 ], [ 24.1277165, 38.2096161 ], [ 24.1333338, 38.2169357 ], [ 24.1404099, 38.218097 ], [ 24.1403412, 38.2246327 ], [ 24.1502406, 38.2251005 ], [ 24.1525478, 38.2251154 ], [ 24.1589576, 38.2281657 ], [ 24.1850864, 38.2154467 ], [ 24.1924115, 38.1896107 ], [ 24.2064602, 38.1803075 ], [ 24.2107124, 38.1628539 ], [ 24.2053534, 38.1514895 ], [ 24.1993753, 38.1481578 ], [ 24.1933822, 38.1491722 ], [ 24.1920092, 38.1450598 ], [ 24.1853499, 38.1407773 ], [ 24.1807492, 38.1305806 ], [ 24.1795924, 38.1280167 ], [ 24.1834167, 38.124337 ], [ 24.2060368, 38.1270248 ], [ 24.2120099, 38.1235177 ], [ 24.2132986, 38.119844799999989 ], [ 24.2075797, 38.1145085 ], [ 24.2059258, 38.1071699 ], [ 24.2079336, 38.0970938 ], [ 24.2017041, 38.0884244 ], [ 24.2035619, 38.0859421 ], [ 24.2100498, 38.0905877 ], [ 24.2206387, 38.0886204 ], [ 24.2386917, 38.0886241 ], [ 24.2392391, 38.0925718 ], [ 24.244509, 38.0956735 ], [ 24.2527153, 38.092328 ], [ 24.2604304, 38.0938549 ], [ 24.2674869, 38.0884936 ], [ 24.274321, 38.0878996 ], [ 24.2763998, 38.0875727 ], [ 24.2838217, 38.0836618 ], [ 24.2876923, 38.068941599999988 ], [ 24.2987885, 38.0714242 ], [ 24.3074129, 38.0686686 ], [ 24.3085969, 38.0671136 ], [ 24.320548, 38.0450379 ], [ 24.3181595, 38.039966 ], [ 24.3059341, 38.0312583 ], [ 24.3066607, 38.0251363 ], [ 24.3126938, 38.0178268 ], [ 24.3240784, 38.0157373 ], [ 24.3312977, 38.0117736 ], [ 24.3336783, 37.9976739 ], [ 24.3394122, 37.9878907 ], [ 24.3498166, 37.979541 ], [ 24.3565197, 37.978009 ], [ 24.3610235, 37.9728273 ], [ 24.3726964, 37.9684692 ], [ 24.3735929, 37.9667538 ], [ 24.3755276, 37.9630517 ], [ 24.3867524, 37.9620189 ], [ 24.3876195, 37.9709519 ], [ 24.4001467, 37.9758673 ], [ 24.3917783, 37.9788806 ], [ 24.3865387, 37.9864791 ], [ 24.38773, 37.9945254 ], [ 24.3936083, 37.9986794 ], [ 24.3944388, 38.0055835 ], [ 24.4147067, 38.0130342 ], [ 24.4252769, 38.0126433 ], [ 24.4495806, 38.0048925 ], [ 24.4598419, 37.9977693 ], [ 24.4722163, 37.9795665 ], [ 24.4763239, 37.9677254 ], [ 24.4736137, 37.9608234 ], [ 24.4752377, 37.9570846 ], [ 24.5002391, 37.949084 ], [ 24.5101252, 37.9503678 ], [ 24.5245926, 37.957876 ], [ 24.5284923, 37.9652283 ], [ 24.5376903, 37.9698242 ], [ 24.5396457, 37.9747701 ], [ 24.5562394, 37.9797136 ], [ 24.5575288, 37.9867198 ], [ 24.5707642, 38.003344 ], [ 24.5686946, 38.0112067 ], [ 24.5811504, 38.0241525 ], [ 24.5869289, 38.0671136 ], [ 24.5815949, 38.070177 ], [ 24.5774241, 38.0784663 ], [ 24.5775694, 38.0864321 ], [ 24.5810666, 38.0918119 ], [ 24.5743804, 38.1073143 ], [ 24.5806846, 38.1170816 ], [ 24.5845151, 38.1305806 ], [ 24.5900431, 38.1381359 ], [ 24.5920518, 38.1488003 ], [ 24.5908091, 38.1552064 ], [ 24.5870675, 38.1582401 ], [ 24.554846, 38.1417212 ], [ 24.5306746, 38.1443318 ], [ 24.5152892, 38.1434641 ], [ 24.5063359, 38.1467908 ], [ 24.4932523, 38.1474917 ], [ 24.4800695, 38.1428598 ], [ 24.4577552, 38.1417665 ], [ 24.4450485, 38.1462576 ], [ 24.4254489, 38.146202699999989 ], [ 24.4027176, 38.1557847 ], [ 24.3956428, 38.1659399 ], [ 24.3735929, 38.1638493 ], [ 24.3599031, 38.1569475 ], [ 24.3490768, 38.1558944 ], [ 24.346548, 38.1601554 ], [ 24.3377359, 38.1611728 ], [ 24.3291586, 38.1683769 ], [ 24.3338443, 38.1776965 ], [ 24.3297475, 38.180581 ], [ 24.3280801, 38.1867374 ], [ 24.3156947, 38.1814852 ], [ 24.299216, 38.1873102 ], [ 24.2954705, 38.1946721 ], [ 24.2856759, 38.1963069 ], [ 24.2800138, 38.1999843 ], [ 24.274321, 38.199333 ], [ 24.2724777, 38.1991221 ], [ 24.2662043, 38.209257 ], [ 24.2611437, 38.2122409 ], [ 24.2596831, 38.2201598 ], [ 24.2478505, 38.2293863 ], [ 24.2469009, 38.241317 ], [ 24.2580013, 38.2475073 ], [ 24.2519978, 38.2558785 ], [ 24.2539906, 38.276150799999989 ], [ 24.2567651, 38.280482 ], [ 24.2510561, 38.2939691 ], [ 24.2414051, 38.2948227 ], [ 24.2401315, 38.30196 ], [ 24.2352497, 38.3052233 ], [ 24.2376746, 38.3158896 ], [ 24.2280417, 38.3176785 ], [ 24.218267, 38.3264703 ], [ 24.2188592, 38.3298302 ], [ 24.2193255, 38.3324755 ], [ 24.2063945, 38.338589 ], [ 24.2072869, 38.3423533 ], [ 24.2145945, 38.3487423 ], [ 24.2139054, 38.3578766 ], [ 24.2172588, 38.3638834 ], [ 24.2119143, 38.3698054 ], [ 24.2108967, 38.3793135 ], [ 24.1931185, 38.3873157 ], [ 24.1839721, 38.3946156 ], [ 24.1896535, 38.4084617 ], [ 24.194829, 38.4099479 ], [ 24.2027665, 38.4071523 ], [ 24.205853, 38.4098689 ], [ 24.2019986, 38.4205701 ], [ 24.1854508, 38.4290538 ], [ 24.1829786, 38.4334639 ], [ 24.1858263, 38.4411845 ], [ 24.1841087, 38.4474653 ], [ 24.1907892, 38.4544506 ], [ 24.1881355, 38.485974 ], [ 24.2013753, 38.5003155 ], [ 24.2253809, 38.5174551 ], [ 24.2293545, 38.5154934 ], [ 24.232614, 38.5168742 ], [ 24.2281532, 38.5203019 ], [ 24.229258, 38.5255401 ], [ 24.2200944, 38.5295322 ], [ 24.1946278, 38.5479806 ], [ 24.1547864, 38.569598 ], [ 24.1502406, 38.5727872 ], [ 24.1329569, 38.5849113 ], [ 24.1237287, 38.595782799999988 ], [ 24.1205135, 38.610452 ], [ 24.1225072, 38.628064 ], [ 24.1308081, 38.636429 ], [ 24.1381506, 38.6438273 ], [ 24.1414514, 38.6444799 ], [ 24.1502406, 38.6462176 ], [ 24.1535557, 38.646873 ], [ 24.1532477, 38.6511504 ], [ 24.1502406, 38.6528157 ], [ 24.1360409, 38.6606784 ], [ 24.1314958, 38.6698544 ], [ 24.1295361, 38.6694779 ], [ 24.1307938, 38.6637111 ], [ 24.1228287, 38.6667099 ], [ 24.1056053, 38.6675284 ], [ 24.0786261, 38.6785016 ], [ 24.064693, 38.6785131 ], [ 24.0438786, 38.6858597 ], [ 24.031244, 38.6782671 ], [ 24.0249228, 38.6802865 ], [ 24.0121509, 38.6796785 ], [ 24.0087669, 38.6739112 ], [ 23.9897344, 38.678239 ], [ 23.9826031, 38.6798605 ], [ 23.9814389, 38.6778135 ], [ 23.9780545, 38.6718623 ], [ 23.9551655, 38.6611088 ], [ 23.928955, 38.666172 ], [ 23.9258165, 38.6673873 ], [ 23.9163411, 38.6710565 ], [ 23.898902, 38.67387 ], [ 23.8932814, 38.6781049 ], [ 23.8783195, 38.6729605 ], [ 23.8600157, 38.6713406 ], [ 23.8496536, 38.6785341 ], [ 23.8379887, 38.6814889 ], [ 23.8351925, 38.6845618 ], [ 23.8259121, 38.6845597 ], [ 23.8108575, 38.6938052 ], [ 23.7980294, 38.6947813 ], [ 23.7866097, 38.6996231 ], [ 23.7734759, 38.6984239 ], [ 23.769829, 38.7022085 ], [ 23.7562291, 38.706051 ], [ 23.7508438, 38.7142368 ], [ 23.7522108, 38.7206184 ], [ 23.7494516, 38.7252129 ], [ 23.7402027, 38.7281192 ], [ 23.7379783, 38.7341622 ], [ 23.725397, 38.7458375 ], [ 23.71593, 38.7598356 ], [ 23.7030472, 38.7676104 ], [ 23.6836732, 38.7542371 ], [ 23.6681966, 38.7524203 ], [ 23.6521103, 38.7569851 ], [ 23.6474487, 38.7609165 ], [ 23.6408267, 38.7536538 ], [ 23.6372119, 38.7541323 ], [ 23.6307363, 38.7549895 ], [ 23.6095779, 38.7656673 ], [ 23.6055711, 38.7703585 ], [ 23.5921034, 38.7657523 ], [ 23.5863073, 38.7747887 ], [ 23.5880278, 38.7842007 ], [ 23.5814814, 38.7856652 ], [ 23.574565, 38.7813773 ], [ 23.5695451, 38.7892299 ], [ 23.5584499, 38.7956232 ], [ 23.5545181, 38.7977838 ], [ 23.5400708, 38.798753 ], [ 23.5290191, 38.8091192 ], [ 23.5190372, 38.8098397 ], [ 23.515262, 38.8216567 ], [ 23.4704278, 38.8358191 ], [ 23.4669219, 38.8390407 ], [ 23.4573394, 38.847845 ], [ 23.4418382, 38.8677314 ], [ 23.4377962, 38.8786801 ], [ 23.4459632, 38.8830388 ], [ 23.4337549, 38.8917876 ], [ 23.4266043, 38.9050309 ], [ 23.424598, 38.9220874 ], [ 23.4286397, 38.9318116 ], [ 23.4273962, 38.9353824 ], [ 23.4329438, 38.9393692 ], [ 23.4295696, 38.9536268 ], [ 23.4262169, 38.9559479 ], [ 23.4220573, 38.953816 ], [ 23.4132491, 38.954107 ], [ 23.4011919, 38.9592004 ], [ 23.391239, 38.9592475 ], [ 23.3809286, 38.9661383 ], [ 23.3726503, 38.9841763 ], [ 23.3767411, 38.9880371 ], [ 23.3792203, 38.9993519 ], [ 23.3760697, 39.0068845 ], [ 23.3668381, 39.0076607 ] ] ], [ [ [ 24.5711809, 38.9057215 ], [ 24.5780362, 38.9184523 ], [ 24.5768799, 38.926704 ], [ 24.5609657, 38.9372366 ], [ 24.5136751, 38.9600842 ], [ 24.5053177, 38.968929 ], [ 24.4903073, 38.9763268 ], [ 24.4746722, 38.9742575 ], [ 24.4608647, 38.9631036 ], [ 24.4503972, 38.9476021 ], [ 24.4560154, 38.9369252 ], [ 24.4547759, 38.9306627 ], [ 24.4652233, 38.9280242 ], [ 24.4665479, 38.9158506 ], [ 24.454874, 38.9077034 ], [ 24.45133, 38.8957293 ], [ 24.4346223, 38.8832593 ], [ 24.4340727, 38.878119 ], [ 24.4463555, 38.8760024 ], [ 24.4579579, 38.8786491 ], [ 24.4672331, 38.869491 ], [ 24.4775266, 38.8718021 ], [ 24.4821631, 38.8646598 ], [ 24.483374, 38.8553645 ], [ 24.4906158, 38.8530531 ], [ 24.5075974, 38.8551956 ], [ 24.5075484, 38.8445567 ], [ 24.5154976, 38.8471827 ], [ 24.5316178, 38.8480273 ], [ 24.5412829, 38.8369978 ], [ 24.5558024, 38.8419625 ], [ 24.5637052, 38.8398338 ], [ 24.5671663, 38.8336507 ], [ 24.566343, 38.8082042 ], [ 24.5608008, 38.8043521 ], [ 24.5491832, 38.8031247 ], [ 24.5404653, 38.797773 ], [ 24.5335423, 38.796413 ], [ 24.5320801, 38.7891261 ], [ 24.5352142, 38.7853198 ], [ 24.5434959, 38.785594 ], [ 24.5456759, 38.7814875 ], [ 24.5520049, 38.778209 ], [ 24.5538441, 38.770421399999989 ], [ 24.5651888, 38.7630617 ], [ 24.5698522, 38.7653962 ], [ 24.568267, 38.7815614 ], [ 24.5868613, 38.7892507 ], [ 24.5982149, 38.7861554 ], [ 24.6087604, 38.7707563 ], [ 24.6174788, 38.7655449 ], [ 24.6259714, 38.7660818 ], [ 24.6353116, 38.7745348 ], [ 24.6404088, 38.7680843 ], [ 24.6515726, 38.7666927 ], [ 24.65923, 38.7710168 ], [ 24.6741979, 38.7744317 ], [ 24.6785268, 38.7744417 ], [ 24.681257, 38.7733956 ], [ 24.6824855, 38.7773024 ], [ 24.6809119, 38.7822122 ], [ 24.6755516, 38.7851379 ], [ 24.6772627, 38.7895597 ], [ 24.6811939, 38.7912763 ], [ 24.6832656, 38.7906238 ], [ 24.6851677, 38.7925164 ], [ 24.6837101, 38.7985363 ], [ 24.6807909, 38.8028701 ], [ 24.681421, 38.8066313 ], [ 24.6782663, 38.8110301 ], [ 24.6741979, 38.8098483 ], [ 24.6658064, 38.8228372 ], [ 24.6603661, 38.8248695 ], [ 24.6566815, 38.830182 ], [ 24.6236122, 38.8494572 ], [ 24.605716, 38.8541513 ], [ 24.5926137, 38.8678907 ], [ 24.5731461, 38.871141 ], [ 24.5710137, 38.8765455 ], [ 24.5762278, 38.8843021 ], [ 24.5711809, 38.9057215 ] ] ], [ [ [ 24.2831711, 37.989846 ], [ 24.2841501, 37.9968221 ], [ 24.2788216, 38.0102466 ], [ 24.274321, 38.0137299 ], [ 24.2608101, 38.019089 ], [ 24.2567472, 38.0231346 ], [ 24.2519278, 38.0181638 ], [ 24.2435295, 38.0176742 ], [ 24.229039, 37.9858669 ], [ 24.2339507, 37.9790288 ], [ 24.2424897, 37.9759941 ], [ 24.2496366, 37.9765098 ], [ 24.2520269, 37.9825739 ], [ 24.2656836, 37.977433499999989 ], [ 24.274321, 37.9777947 ], [ 24.2781624, 37.9798523 ], [ 24.2781781, 37.9858375 ], [ 24.2831711, 37.989846 ] ] ], [ [ [ 24.5063211, 38.8310285 ], [ 24.5081047, 38.8369721 ], [ 24.5065856, 38.8385636 ], [ 24.5000366, 38.8380536 ], [ 24.4978763, 38.831577 ], [ 24.4922945, 38.8286341 ], [ 24.4919252, 38.823650199999989 ], [ 24.4882397, 38.8219864 ], [ 24.4875181, 38.8186433 ], [ 24.482376, 38.8156774 ], [ 24.4822941, 38.8129626 ], [ 24.4799377, 38.8111202 ], [ 24.4785039, 38.8060863 ], [ 24.4809582, 38.8047539 ], [ 24.4838422, 38.8060294 ], [ 24.4848263, 38.8025002 ], [ 24.4875296, 38.7996636 ], [ 24.4907694, 38.7981291 ], [ 24.4931114, 38.8006762 ], [ 24.4928085, 38.8059037 ], [ 24.495678, 38.8085157 ], [ 24.4958452, 38.8118433 ], [ 24.4936194, 38.8155327 ], [ 24.4997228, 38.8193888 ], [ 24.5007089, 38.8226261 ], [ 24.5030144, 38.821895 ], [ 24.5050665, 38.8239201 ], [ 24.5063211, 38.8310285 ] ] ], [ [ [ 24.349648, 38.8464523 ], [ 24.3502591, 38.8424568 ], [ 24.3479456, 38.8432269 ], [ 24.3473871, 38.8388233 ], [ 24.3441847, 38.8395477 ], [ 24.3419939, 38.8365848 ], [ 24.3445468, 38.8355295 ], [ 24.3426535, 38.8331166 ], [ 24.344263, 38.8305868 ], [ 24.3479, 38.8294525 ], [ 24.3509166, 38.830422 ], [ 24.3512442, 38.82795 ], [ 24.3563279, 38.8263942 ], [ 24.3601869, 38.8303083 ], [ 24.3645604, 38.8308244 ], [ 24.3656817, 38.8340595 ], [ 24.36897, 38.8320124 ], [ 24.3734158, 38.8347874 ], [ 24.371852, 38.8374092 ], [ 24.372592, 38.8400882 ], [ 24.3635753, 38.8427135 ], [ 24.3629755, 38.8441467 ], [ 24.3578249, 38.8460893 ], [ 24.3578345, 38.8484809 ], [ 24.355376, 38.8474657 ], [ 24.3531928, 38.8500262 ], [ 24.349648, 38.8464523 ] ] ], [ [ [ 24.2957436, 38.0313163 ], [ 24.2947164, 38.0349315 ], [ 24.2874063, 38.0375845 ], [ 24.2803617, 38.0351778 ], [ 24.2802818, 38.0313163 ], [ 24.282769, 38.0284998 ], [ 24.2782831, 38.0253268 ], [ 24.2789032, 38.0177041 ], [ 24.2818642, 38.0133184 ], [ 24.2874464, 38.0112219 ], [ 24.2939775, 38.0125616 ], [ 24.2957436, 38.0313163 ] ] ], [ [ [ 24.5954342, 38.7533744 ], [ 24.5991659, 38.7495824 ], [ 24.6225512, 38.7474448 ], [ 24.6260869, 38.7488032 ], [ 24.6263438, 38.7531473 ], [ 24.6244464, 38.7553132 ], [ 24.6264799, 38.757142 ], [ 24.6225512, 38.7591966 ], [ 24.6165878, 38.7581055 ], [ 24.6026361, 38.7645245 ], [ 24.5954342, 38.7533744 ] ] ], [ [ [ 24.161102, 38.1789295 ], [ 24.1502406, 38.180791 ], [ 24.1502406, 38.1767922 ], [ 24.1600113, 38.1620221 ], [ 24.1582219, 38.1568095 ], [ 24.1630946, 38.158093699999988 ], [ 24.1675812, 38.1564197 ], [ 24.1658218, 38.1708606 ], [ 24.17349, 38.1720895 ], [ 24.1769465, 38.1808112 ], [ 24.161102, 38.1789295 ] ] ], [ [ [ 24.107781, 38.2176388 ], [ 24.1106536, 38.218085 ], [ 24.1089355, 38.2198569 ], [ 24.1078338, 38.2261566 ], [ 24.108531, 38.2283356 ], [ 24.10535, 38.237400199999989 ], [ 24.1016012, 38.2347288 ], [ 24.0986392, 38.2342984 ], [ 24.0996357, 38.2295918 ], [ 24.0952995, 38.2262613 ], [ 24.1010601, 38.2204306 ], [ 24.097943, 38.2184452 ], [ 24.0977999, 38.2131726 ], [ 24.102489, 38.2140258 ], [ 24.107781, 38.2176388 ] ] ], [ [ [ 24.5912701, 38.7633659 ], [ 24.5923428, 38.7667172 ], [ 24.5835902, 38.7690463 ], [ 24.5784405, 38.7666195 ], [ 24.5803386, 38.7642909 ], [ 24.5890831, 38.7633035 ], [ 24.5897478, 38.7598161 ], [ 24.5937357, 38.7599798 ], [ 24.5912701, 38.7633659 ] ] ], [ [ [ 24.4347187, 38.8323607 ], [ 24.433542, 38.8367913 ], [ 24.4318432, 38.835778 ], [ 24.4271184, 38.8280705 ], [ 24.4302283, 38.8265311 ], [ 24.4318507, 38.8239666 ], [ 24.433661, 38.8263911 ], [ 24.4347187, 38.8323607 ] ] ], [ [ [ 22.8221249, 38.821687 ], [ 22.8174113, 38.8279721 ], [ 22.8116916, 38.8266084 ], [ 22.8129077, 38.8244433 ], [ 22.8192701, 38.8189206 ], [ 22.821718, 38.8195682 ], [ 22.8221249, 38.821687 ] ] ], [ [ [ 24.523288, 37.9356544 ], [ 24.5229197, 37.9393796 ], [ 24.5210787, 37.941604 ], [ 24.517859, 37.9424757 ], [ 24.515658, 37.9404339 ], [ 24.5175846, 37.9363269 ], [ 24.5226588, 37.9343769 ], [ 24.5246669, 37.9324125 ], [ 24.5266908, 37.9348662 ], [ 24.523288, 37.9356544 ] ] ], [ [ [ 23.3397357, 39.0462407 ], [ 23.3413321, 39.0488137 ], [ 23.3376013, 39.0506124 ], [ 23.3342518, 39.0503044 ], [ 23.3322869, 39.0464839 ], [ 23.3296713, 39.0457261 ], [ 23.3308179, 39.0435949 ], [ 23.3333341, 39.045572 ], [ 23.3397357, 39.0462407 ] ] ], [ [ [ 24.2773124, 38.0472955 ], [ 24.274321, 38.048733 ], [ 24.2722182, 38.0495817 ], [ 24.2699526, 38.0472273 ], [ 24.2700597, 38.0452927 ], [ 24.274321, 38.0445063 ], [ 24.2773876, 38.0426072 ], [ 24.2785634, 38.0445602 ], [ 24.2773124, 38.0472955 ] ] ], [ [ [ 24.4416912, 38.8725975 ], [ 24.4381044, 38.873732 ], [ 24.4329339, 38.872489699999988 ], [ 24.4327721, 38.8699693 ], [ 24.4388981, 38.8695416 ], [ 24.4421106, 38.8707279 ], [ 24.4416912, 38.8725975 ] ] ], [ [ [ 24.2716851, 38.0294739 ], [ 24.2654195, 38.0272173 ], [ 24.2655578, 38.0256212 ], [ 24.2722883, 38.0243949 ], [ 24.2738824, 38.0290302 ], [ 24.2716851, 38.0294739 ] ] ], [ [ [ 23.5035825, 38.4959535 ], [ 23.5015532, 38.4962676 ], [ 23.4997597, 38.4938661 ], [ 23.5040975, 38.4885203 ], [ 23.5054816, 38.4905781 ], [ 23.5035825, 38.4959535 ] ] ], [ [ [ 24.1597533, 38.0896514 ], [ 24.1567648, 38.0895471 ], [ 24.1539145, 38.0860589 ], [ 24.1556308, 38.0836336 ], [ 24.1594168, 38.0862255 ], [ 24.1597533, 38.0896514 ] ] ], [ [ [ 24.2488777, 38.0337344 ], [ 24.2464447, 38.0312609 ], [ 24.2486223, 38.0283048 ], [ 24.2523842, 38.0330896 ], [ 24.2488777, 38.0337344 ] ] ], [ [ [ 24.2138267, 38.081799 ], [ 24.2114712, 38.0827496 ], [ 24.2093184, 38.0806001 ], [ 24.2109124, 38.0779083 ], [ 24.2140271, 38.078428 ], [ 24.2138267, 38.081799 ] ] ], [ [ [ 24.1624329, 38.1537087 ], [ 24.1586641, 38.15583 ], [ 24.1573029, 38.1542709 ], [ 24.1605001, 38.1505233 ], [ 24.1626382, 38.1511821 ], [ 24.1624329, 38.1537087 ] ] ], [ [ [ 24.1444055, 38.1914527 ], [ 24.1413119, 38.1883049 ], [ 24.1451271, 38.1868787 ], [ 24.148013, 38.1897767 ], [ 24.1444055, 38.1914527 ] ] ], [ [ [ 23.6057832, 38.4465211 ], [ 23.6020999, 38.4469036 ], [ 23.6003781, 38.4449474 ], [ 23.6012578, 38.4433412 ], [ 23.6059531, 38.4436195 ], [ 23.6057832, 38.4465211 ] ] ], [ [ [ 23.3893856, 38.5217386 ], [ 23.3843661, 38.5214762 ], [ 23.3827323, 38.5199322 ], [ 23.385358, 38.5184827 ], [ 23.3902327, 38.5199751 ], [ 23.3893856, 38.5217386 ] ] ], [ [ [ 24.2529753, 38.665528699999989 ], [ 24.2487478, 38.6665837 ], [ 24.2470198, 38.665373 ], [ 24.2496507, 38.6628188 ], [ 24.2533726, 38.6631627 ], [ 24.2529753, 38.665528699999989 ] ] ], [ [ [ 22.8208633, 38.8112696 ], [ 22.8180521, 38.8083268 ], [ 22.8207165, 38.805794 ], [ 22.8238061, 38.8087672 ], [ 22.8208633, 38.8112696 ] ] ], [ [ [ 24.4864429, 39.006259 ], [ 24.482104, 39.0036586 ], [ 24.4828028, 39.0008095 ], [ 24.4884825, 39.0045938 ], [ 24.4864429, 39.006259 ] ] ], [ [ [ 24.4690816, 39.0205863 ], [ 24.46599, 39.0216256 ], [ 24.4657749, 39.0199515 ], [ 24.4677292, 39.0154753 ], [ 24.4698413, 39.0161319 ], [ 24.4690816, 39.0205863 ] ] ] ] } },
{ "type": "Feature", "properties": { "LEVL_CODE": 3.0, "MOUNT_TYPE": 2.0, "CNTR_CODE": "EL", "SVRG_UN": "UN Member State", "NAME_ENGL": "Greece", "NAME_LATN": "Lakonia, Messinia", "NUTS_NAME": "Λακωνία, Μεσσηνία", "URBN_TYPE": 3.0, "NUTS_ID": "EL653", "CAPT": "Athens", "COAST_TYPE": 1.0, "ISO3_CODE": "GRC", "NAME_FREN": "Grèce", "EU_STAT": "T", "NAME_GERM": "Griechenland", "EFTA_STAT": "F", "CC_STAT": "F", "geo": "EL653" }, "geometry": { "type": "MultiPolygon", "coordinates": [ [ [ [ 21.9496556, 37.4749403 ], [ 21.9655925, 37.4834485 ], [ 21.956314, 37.4850156 ], [ 21.9454806, 37.482703 ], [ 21.9244804, 37.4729059 ], [ 21.9246409, 37.4662247 ], [ 21.9124283, 37.4695152 ], [ 21.8986151, 37.4477548 ], [ 21.89437, 37.4474149 ], [ 21.8862001, 37.4523456 ], [ 21.8844273, 37.4427994 ], [ 21.8881622, 37.4406702 ], [ 21.8866512, 37.4373383 ], [ 21.8919598, 37.4258804 ], [ 21.8928191, 37.4171123 ], [ 21.8989452, 37.4098293 ], [ 21.898507, 37.403899 ], [ 21.8800542, 37.4017685 ], [ 21.8672485, 37.396661 ], [ 21.8641065, 37.395614 ], [ 21.8607365, 37.395375 ], [ 21.858862, 37.3947345 ], [ 21.8561615, 37.3944335 ], [ 21.85432, 37.3926535 ], [ 21.8512865, 37.392332 ], [ 21.849654, 37.3914155 ], [ 21.8237421, 37.3938877 ], [ 21.8196515, 37.3962205 ], [ 21.8083463, 37.3917507 ], [ 21.7933855, 37.3944578 ], [ 21.7871089, 37.3978556 ], [ 21.7487828, 37.3938034 ], [ 21.7423337, 37.3936689 ], [ 21.7212009, 37.3932283 ], [ 21.7102755, 37.3950106 ], [ 21.7030246, 37.393465 ], [ 21.6875117, 37.3834785 ], [ 21.6842604, 37.3779039 ], [ 21.680233, 37.377434 ], [ 21.6904471, 37.3545793 ], [ 21.6970334, 37.3284642 ], [ 21.6981519, 37.312822 ], [ 21.691808, 37.2943545 ], [ 21.685867, 37.289432399999988 ], [ 21.6697337, 37.2584337 ], [ 21.6505677, 37.2519859 ], [ 21.6426503, 37.2410847 ], [ 21.6318666, 37.232943 ], [ 21.617092, 37.2273103 ], [ 21.5883902, 37.2061367 ], [ 21.577263, 37.1921304 ], [ 21.566194, 37.1639724 ], [ 21.5668681, 37.1464945 ], [ 21.5740265, 37.1214855 ], [ 21.5760068, 37.0982168 ], [ 21.581688, 37.0917039 ], [ 21.5786757, 37.0864966 ], [ 21.5793681, 37.0716003 ], [ 21.5750717, 37.0588489 ], [ 21.5789339, 37.056147 ], [ 21.6024827, 37.0396711 ], [ 21.611033, 37.0246252 ], [ 21.6200257, 37.0176056 ], [ 21.6196592, 37.014402 ], [ 21.6383456, 37.0063425 ], [ 21.647627, 36.9916075 ], [ 21.6571907, 36.9750391 ], [ 21.6602899, 36.9637432 ], [ 21.6548902, 36.9582479 ], [ 21.6545436, 36.9458867 ], [ 21.6687684, 36.9112088 ], [ 21.6733405, 36.9123491 ], [ 21.6743571, 36.9197334 ], [ 21.6630887, 36.9508894 ], [ 21.6728446, 36.9551451 ], [ 21.684633, 36.9555153 ], [ 21.7023927, 36.9487822 ], [ 21.7092301, 36.9418583 ], [ 21.7075754, 36.9249085 ], [ 21.6985544, 36.9161587 ], [ 21.6901899, 36.9121722 ], [ 21.688882, 36.9020955 ], [ 21.6802444, 36.8870953 ], [ 21.6847998, 36.8625061 ], [ 21.6903028, 36.8531112 ], [ 21.6904117, 36.8422323 ], [ 21.6956052, 36.8370509 ], [ 21.7038496, 36.8139793 ], [ 21.7152554, 36.8160314 ], [ 21.7283359, 36.8007761 ], [ 21.7423337, 36.7993043 ], [ 21.7516037, 36.7983296 ], [ 21.7604067, 36.7891438 ], [ 21.7695373, 36.798323499999988 ], [ 21.7780861, 36.7981564 ], [ 21.8092039, 36.8065869 ], [ 21.8208577, 36.8037782 ], [ 21.8308894, 36.7761313 ], [ 21.8385519, 36.7703639 ], [ 21.8473915, 36.7569086 ], [ 21.8574859, 36.7534942 ], [ 21.8637202, 36.7484305 ], [ 21.8690029, 36.7393596 ], [ 21.8697906, 36.730983 ], [ 21.8768363, 36.7209695 ], [ 21.8857788, 36.7251173 ], [ 21.9047001, 36.7436175 ], [ 21.9161708, 36.7468565 ], [ 21.9204153, 36.753583 ], [ 21.9316869, 36.7582876 ], [ 21.9325598, 36.7734453 ], [ 21.9388061, 36.7820302 ], [ 21.9638844, 36.7940543 ], [ 21.9384079, 36.8097285 ], [ 21.9324705, 36.8237345 ], [ 21.930717, 36.8409195 ], [ 21.9260553, 36.8483552 ], [ 21.9219034, 36.8657655 ], [ 21.9249042, 36.8762764 ], [ 21.9231891, 36.88599 ], [ 21.9253683, 36.9049424 ], [ 21.9305656, 36.9133524 ], [ 21.9345139, 36.9317452 ], [ 21.9324727, 36.945691 ], [ 21.9348042, 36.9570769 ], [ 21.9277061, 36.9611464 ], [ 21.9275563, 36.9714454 ], [ 21.9310986, 36.9817778 ], [ 21.937274, 36.9874595 ], [ 21.9841086, 37.0094955 ], [ 21.9956835, 37.0136985 ], [ 21.9993915, 37.0153085 ], [ 22.0077265, 37.0174635 ], [ 22.0108015, 37.01857 ], [ 22.019499, 37.020401 ], [ 22.0205325, 37.0217895 ], [ 22.0496086, 37.0271281 ], [ 22.0710715, 37.0283494 ], [ 22.1052828, 37.0243029 ], [ 22.1097801, 37.0243368 ], [ 22.1236497, 37.0244414 ], [ 22.1471339, 37.0189572 ], [ 22.1527978, 37.0139848 ], [ 22.154645, 36.9974085 ], [ 22.1462385, 36.9741745 ], [ 22.1411903, 36.9636746 ], [ 22.1454359, 36.9377547 ], [ 22.141439, 36.9299932 ], [ 22.1315778, 36.9258748 ], [ 22.1287607, 36.9133743 ], [ 22.1697891, 36.8906535 ], [ 22.1794825, 36.8904689 ], [ 22.1823077, 36.8965751 ], [ 22.2010194, 36.9042757 ], [ 22.206702, 36.9023436 ], [ 22.2124105, 36.896033 ], [ 22.222689, 36.8946204 ], [ 22.2288368, 36.8909771 ], [ 22.2386788, 36.8802129 ], [ 22.2404941, 36.8715663 ], [ 22.2477122, 36.8664455 ], [ 22.2479396, 36.8602203 ], [ 22.2564594, 36.8570606 ], [ 22.2589314, 36.840962 ], [ 22.2702891, 36.8373107 ], [ 22.2784998, 36.8304825 ], [ 22.2799727, 36.8235634 ], [ 22.2948777, 36.8144206 ], [ 22.2968174, 36.8032751 ], [ 22.3081202, 36.7796201 ], [ 22.3031896, 36.7724595 ], [ 22.3129268, 36.7698948 ], [ 22.323944, 36.7445092 ], [ 22.331417, 36.737835 ], [ 22.3387368, 36.7144294 ], [ 22.3471841, 36.7073121 ], [ 22.35265, 36.6964688 ], [ 22.3672206, 36.6929935 ], [ 22.3814012, 36.6955864 ], [ 22.3871858, 36.6914275 ], [ 22.3782798, 36.6817773 ], [ 22.3665257, 36.6766944 ], [ 22.3627065, 36.6663598 ], [ 22.367966, 36.6527645 ], [ 22.3811941, 36.6432157 ], [ 22.3787691, 36.6396438 ], [ 22.3650087, 36.636534 ], [ 22.3672019, 36.6235538 ], [ 22.3740111, 36.6165829 ], [ 22.3650962, 36.6054649 ], [ 22.3680049, 36.6006025 ], [ 22.3807827, 36.5971124 ], [ 22.384287, 36.5936724 ], [ 22.3830542, 36.5899982 ], [ 22.3748084, 36.5857565 ], [ 22.3732257, 36.5809567 ], [ 22.3843421, 36.5732454 ], [ 22.3831201, 36.5533913 ], [ 22.3880563, 36.5424836 ], [ 22.3763079, 36.536909799999989 ], [ 22.3661983, 36.5414581 ], [ 22.3614332, 36.5297185 ], [ 22.3481474, 36.5241367 ], [ 22.3495593, 36.5091555 ], [ 22.3721483, 36.476645399999988 ], [ 22.3923313, 36.4681734 ], [ 22.401814, 36.4781993 ], [ 22.419848, 36.4647204 ], [ 22.4442475, 36.4583181 ], [ 22.4556187, 36.4522497 ], [ 22.4612512, 36.4379018 ], [ 22.4731271, 36.4296582 ], [ 22.4731271, 36.4265511 ], [ 22.4695599, 36.4206974 ], [ 22.4698325, 36.408799 ], [ 22.4731271, 36.4048645 ], [ 22.4839977, 36.3918812 ], [ 22.4881153, 36.3993981 ], [ 22.4982257, 36.4021408 ], [ 22.4942771, 36.4079922 ], [ 22.4952458, 36.4236908 ], [ 22.4852509, 36.433022 ], [ 22.4883065, 36.4364017 ], [ 22.4963792, 36.4386529 ], [ 22.5008636, 36.4440467 ], [ 22.4980551, 36.4567525 ], [ 22.5018727, 36.4631631 ], [ 22.5023194, 36.4896126 ], [ 22.4961079, 36.4962376 ], [ 22.4897808, 36.5029854 ], [ 22.486886, 36.5111402 ], [ 22.4735547, 36.5285965 ], [ 22.4810358, 36.5551459 ], [ 22.4734358, 36.5906307 ], [ 22.4762697, 36.609668 ], [ 22.4821457, 36.6169635 ], [ 22.4961328, 36.6180689 ], [ 22.5017262, 36.6150063 ], [ 22.5066802, 36.6059803 ], [ 22.5116653, 36.6044768 ], [ 22.5197971, 36.6081681 ], [ 22.5263621, 36.6154736 ], [ 22.5237026, 36.6292767 ], [ 22.5012231, 36.6549465 ], [ 22.5012948, 36.6609373 ], [ 22.5065639, 36.6659084 ], [ 22.514864, 36.6678065 ], [ 22.5287979, 36.6637929 ], [ 22.5410126, 36.6496975 ], [ 22.5499438, 36.6522627 ], [ 22.5459106, 36.6712828 ], [ 22.5372721, 36.6769685 ], [ 22.5263797, 36.6779214 ], [ 22.522634, 36.6811971 ], [ 22.5217144, 36.6891143 ], [ 22.5279478, 36.696691 ], [ 22.523555, 36.7054045 ], [ 22.5384883, 36.7211204 ], [ 22.55821, 36.728633 ], [ 22.5736351, 36.7345084 ], [ 22.5708945, 36.7482261 ], [ 22.5742969, 36.7545131 ], [ 22.5689039, 36.7580763 ], [ 22.5644709, 36.7708052 ], [ 22.5679367, 36.7766794 ], [ 22.5804635, 36.785576 ], [ 22.5867143, 36.7898457 ], [ 22.6141741, 36.7979171 ], [ 22.6225266, 36.8055687 ], [ 22.6426299, 36.8066688 ], [ 22.6855524, 36.803919799999989 ], [ 22.7267931, 36.8057921 ], [ 22.7608392, 36.8039638 ], [ 22.7813285, 36.7989884 ], [ 22.7858045, 36.793171 ], [ 22.7919782, 36.782831 ], [ 22.7999652, 36.7500697 ], [ 22.8112625, 36.7360574 ], [ 22.8199686, 36.7136411 ], [ 22.8184531, 36.703297 ], [ 22.8111422, 36.69681 ], [ 22.8057551, 36.6823699 ], [ 22.8070763, 36.6741201 ], [ 22.8212114, 36.659338 ], [ 22.830694, 36.6861052 ], [ 22.8336177, 36.687462599999989 ], [ 22.8453485, 36.6845624 ], [ 22.8525127, 36.6738329 ], [ 22.8680424, 36.6650798 ], [ 22.8823936, 36.6470806 ], [ 22.8810637, 36.6324221 ], [ 22.8727839, 36.6261315 ], [ 22.8869742, 36.6099865 ], [ 22.8969482, 36.6078054 ], [ 22.9164928, 36.5976533 ], [ 22.92334, 36.5940963 ], [ 22.9372605, 36.5821977 ], [ 22.9440339, 36.5718077 ], [ 22.9389416, 36.5604048 ], [ 22.9490707, 36.5552097 ], [ 22.9544181, 36.5494887 ], [ 22.9686297, 36.5222835 ], [ 22.979396, 36.5208455 ], [ 22.9860542, 36.5170178 ], [ 23.0077065, 36.5264875 ], [ 23.0288573, 36.5275841 ], [ 23.0389255, 36.5236988 ], [ 23.0668497, 36.5021726 ], [ 23.0676698, 36.4962376 ], [ 23.0695036, 36.4829658 ], [ 23.062993, 36.4735645 ], [ 23.0677186, 36.4653225 ], [ 23.0736901, 36.4621616 ], [ 23.0785362, 36.4528839 ], [ 23.0839817, 36.4448393 ], [ 23.0945614, 36.4382685 ], [ 23.0996548, 36.4410319 ], [ 23.1059195, 36.4406781 ], [ 23.1139688, 36.4337807 ], [ 23.1298803, 36.4280648 ], [ 23.1373801, 36.430225299999989 ], [ 23.1405802, 36.4378392 ], [ 23.1445037, 36.4400786 ], [ 23.156328, 36.4389446 ], [ 23.1755802, 36.4370981 ], [ 23.1813233, 36.4383209 ], [ 23.1965305, 36.4355094 ], [ 23.2009049, 36.4486818 ], [ 23.19906, 36.4528839 ], [ 23.193631, 36.459273 ], [ 23.1772821, 36.467313 ], [ 23.1664777, 36.4663693 ], [ 23.1641626, 36.4713925 ], [ 23.1675431, 36.4760962 ], [ 23.1605004, 36.4845958 ], [ 23.156328, 36.4850366 ], [ 23.1439015, 36.4863493 ], [ 23.1386401, 36.4933573 ], [ 23.1303747, 36.4962376 ], [ 23.1308552, 36.5024981 ], [ 23.1409549, 36.5129575 ], [ 23.1397601, 36.5278945 ], [ 23.1498114, 36.5361653 ], [ 23.133666, 36.5434838 ], [ 23.1259603, 36.5590149 ], [ 23.1105041, 36.5601107 ], [ 23.1018753, 36.5632531 ], [ 23.0690971, 36.5849096 ], [ 23.0590247, 36.5969223 ], [ 23.0559459, 36.6069276 ], [ 23.0481424, 36.6104109 ], [ 23.0441743, 36.6186049 ], [ 23.0326453, 36.628352 ], [ 23.0260304, 36.6565623 ], [ 23.0289922, 36.6667728 ], [ 23.0372737, 36.675349 ], [ 23.0383942, 36.6833471 ], [ 23.0326731, 36.6944929 ], [ 23.0346636, 36.7034211 ], [ 23.0242939, 36.7129672 ], [ 23.0261066, 36.7264972 ], [ 23.0350386, 36.7333411 ], [ 23.046183, 36.7322291 ], [ 23.0472638, 36.7412236 ], [ 23.0572219, 36.7445719 ], [ 23.0623809, 36.7430388 ], [ 23.0687731, 36.7353784 ], [ 23.0852394, 36.7306631 ], [ 23.0885775, 36.7377895 ], [ 23.0849566, 36.7455749 ], [ 23.0850317, 36.7593193 ], [ 23.1011287, 36.7661314 ], [ 23.108476, 36.7733551 ], [ 23.0994728, 36.7789033 ], [ 23.0961896, 36.7857411 ], [ 23.0881494, 36.7850212 ], [ 23.0893967, 36.7949534 ], [ 23.0844623, 36.8081529 ], [ 23.0869024, 36.8181773 ], [ 23.0794561, 36.821255 ], [ 23.0706975, 36.8301947 ], [ 23.0551534, 36.8379312 ], [ 23.0549443, 36.8435862 ], [ 23.0481112, 36.8492583 ], [ 23.0434318, 36.8577123 ], [ 23.0484517, 36.8659915 ], [ 23.0386528, 36.8812231 ], [ 23.037917, 36.8906474 ], [ 23.0297083, 36.9101441 ], [ 23.0132577, 36.9360175 ], [ 23.0168115, 36.9465548 ], [ 23.0078255, 36.958206 ], [ 23.0074627, 36.9675842 ], [ 22.9983585, 36.9686073 ], [ 22.993726, 36.9730563 ], [ 22.9962917, 36.9815275 ], [ 23.0051241, 36.9873915 ], [ 23.0015922, 37.0007401 ], [ 23.0029526, 37.0085791 ], [ 22.9985457, 37.0160512 ], [ 23.0030493, 37.0243888 ], [ 22.9912437, 37.0436295 ], [ 22.9808025, 37.0479035 ], [ 22.9714608, 37.0382952 ], [ 22.9622123, 37.0349094 ], [ 22.954642, 37.0235191 ], [ 22.93784, 37.0210794 ], [ 22.924951, 37.016084 ], [ 22.9164928, 37.0178276 ], [ 22.9039515, 37.0278222 ], [ 22.8947737, 37.0281221 ], [ 22.8778909, 37.0216085 ], [ 22.8696538, 37.008257 ], [ 22.8701666, 36.9991225 ], [ 22.8577834, 36.9987888 ], [ 22.8505704, 36.9956965 ], [ 22.8433321, 37.0065307 ], [ 22.8275708, 37.0075968 ], [ 22.8158106, 37.0130823 ], [ 22.805041, 37.0150813 ], [ 22.7933241, 37.0329786 ], [ 22.7774951, 37.040385 ], [ 22.7584588, 37.0564962 ], [ 22.7435838, 37.0557194 ], [ 22.7361724, 37.0503305 ], [ 22.7297582, 37.0399253 ], [ 22.7154077, 37.0342838 ], [ 22.7106696, 37.0358444 ], [ 22.7030238, 37.0424713 ], [ 22.6846635, 37.0673689 ], [ 22.6863177, 37.0700474 ], [ 22.6934393, 37.0815772 ], [ 22.7046387, 37.0926144 ], [ 22.6886437, 37.1057342 ], [ 22.6845536, 37.1146121 ], [ 22.653138, 37.142463 ], [ 22.635722, 37.1694433 ], [ 22.6381611, 37.1776474 ], [ 22.6302386, 37.2047252 ], [ 22.620847, 37.2136545 ], [ 22.6088695, 37.2314603 ], [ 22.6070433, 37.2502933 ], [ 22.6114331, 37.2811813 ], [ 22.6055756, 37.2946696 ], [ 22.5994266, 37.2961489 ], [ 22.5923472, 37.2946696 ], [ 22.5849549, 37.2927779 ], [ 22.5815192, 37.2918987 ], [ 22.55821, 37.2859335 ], [ 22.5531083, 37.2846278 ], [ 22.5418896, 37.2984249 ], [ 22.5428714, 37.3048056 ], [ 22.5194655, 37.320239 ], [ 22.4954871, 37.3197488 ], [ 22.4831997, 37.3135297 ], [ 22.4731271, 37.3161467 ], [ 22.4631071, 37.31875 ], [ 22.4549454, 37.3258882 ], [ 22.44517, 37.329704 ], [ 22.4326968, 37.3241975 ], [ 22.4169455, 37.3337435 ], [ 22.4078097, 37.3289303 ], [ 22.403177, 37.3230382 ], [ 22.4101262, 37.2913189 ], [ 22.4288802, 37.2664432 ], [ 22.4318936, 37.2587954 ], [ 22.4301741, 37.2514371 ], [ 22.4212624, 37.2397607 ], [ 22.4225502, 37.2205098 ], [ 22.4149168, 37.2136764 ], [ 22.4068861, 37.2138052 ], [ 22.40094, 37.2167677 ], [ 22.3888586, 37.2327517 ], [ 22.3825942, 37.2205023 ], [ 22.3725476, 37.2140079 ], [ 22.3620568, 37.212827 ], [ 22.3402427, 37.2172905 ], [ 22.3384256, 37.2203067 ], [ 22.3405554, 37.2284542 ], [ 22.337283, 37.2343613 ], [ 22.3241324, 37.2425361 ], [ 22.2989794, 37.2502729 ], [ 22.2948193, 37.2721715 ], [ 22.285567, 37.283387 ], [ 22.2709761, 37.2795549 ], [ 22.2524714, 37.2686596 ], [ 22.2304165, 37.2756142 ], [ 22.2255013, 37.2749803 ], [ 22.221857, 37.2709913 ], [ 22.2259826, 37.2436265 ], [ 22.2368516, 37.2214026 ], [ 22.2360383, 37.2069668 ], [ 22.24923, 37.188042 ], [ 22.2513995, 37.1691625 ], [ 22.2363626, 37.1664123 ], [ 22.2293086, 37.1604586 ], [ 22.2196779, 37.165634 ], [ 22.214921, 37.1653861 ], [ 22.2144268, 37.1572666 ], [ 22.2061268, 37.1508907 ], [ 22.1998978, 37.1388743 ], [ 22.1943764, 37.136847 ], [ 22.1850656, 37.1380108 ], [ 22.1782391, 37.1450512 ], [ 22.179542, 37.1526045 ], [ 22.1738465, 37.1665133 ], [ 22.1633276, 37.1725434 ], [ 22.1475483, 37.1733322 ], [ 22.1384308, 37.1783534 ], [ 22.1359472, 37.1839521 ], [ 22.1368234, 37.1926357 ], [ 22.1259714, 37.1975357 ], [ 22.1163066, 37.2069682 ], [ 22.1120751, 37.2215568 ], [ 22.1097801, 37.2240831 ], [ 22.1068967, 37.2272571 ], [ 22.0988115, 37.2293734 ], [ 22.0789365, 37.2294065 ], [ 22.0727709, 37.2374539 ], [ 22.0716569, 37.2505899 ], [ 22.0662511, 37.2567675 ], [ 22.0566437, 37.2613371 ], [ 22.0427152, 37.2630768 ], [ 22.025264, 37.2750496 ], [ 22.0191532, 37.2887716 ], [ 22.0248517, 37.3143742 ], [ 22.0184263, 37.3254132 ], [ 22.0085201, 37.3310542 ], [ 22.0017208, 37.3402552 ], [ 21.9911167, 37.3424533 ], [ 21.9757076, 37.3517637 ], [ 21.9571606, 37.3746033 ], [ 21.9612187, 37.3803754 ], [ 21.974159, 37.3841155 ], [ 21.9927021, 37.4171123 ], [ 21.9875502, 37.4309257 ], [ 21.9894102, 37.440617 ], [ 21.9841086, 37.441843299999988 ], [ 21.9801682, 37.443029 ], [ 21.9737887, 37.4552183 ], [ 21.9572163, 37.4567953 ], [ 21.9556196, 37.4649711 ], [ 21.9490091, 37.4713158 ], [ 21.9496556, 37.4749403 ] ] ], [ [ [ 22.9688913, 36.5082584 ], [ 22.9610629, 36.506713 ], [ 22.9583104, 36.5082899 ], [ 22.9574597, 36.5049299 ], [ 22.9518847, 36.5012186 ], [ 22.9461952, 36.5013292 ], [ 22.9467872, 36.4992329 ], [ 22.9461959, 36.4962376 ], [ 22.9455301, 36.4928647 ], [ 22.9429093, 36.4897579 ], [ 22.9376821, 36.4875625 ], [ 22.9334969, 36.4882281 ], [ 22.9311868, 36.4837316 ], [ 22.9276252, 36.4817148 ], [ 22.9265397, 36.478001 ], [ 22.9270972, 36.471765 ], [ 22.9233434, 36.4724601 ], [ 22.9226713, 36.4704828 ], [ 22.9259211, 36.4695866 ], [ 22.9259597, 36.4666174 ], [ 22.932534, 36.4612997 ], [ 22.9368259, 36.4640786 ], [ 22.9390348, 36.4641112 ], [ 22.940405, 36.4673315 ], [ 22.9496958, 36.4745059 ], [ 22.9563727, 36.4742782 ], [ 22.9576624, 36.4764942 ], [ 22.9698617, 36.4765917 ], [ 22.9738427, 36.474063 ], [ 22.9771967, 36.4704558 ], [ 22.9782675, 36.4669835 ], [ 22.9822442, 36.4665728 ], [ 22.9841109, 36.4637759 ], [ 22.9823863, 36.4585657 ], [ 22.9861571, 36.4565508 ], [ 22.9863564, 36.4598959 ], [ 22.9896658, 36.4628691 ], [ 22.9885148, 36.4654639 ], [ 22.9921981, 36.4692908 ], [ 22.9919183, 36.4714732 ], [ 22.9878132, 36.4741761 ], [ 22.9850367, 36.474623 ], [ 22.9816677, 36.4775856 ], [ 22.9828372, 36.4818459 ], [ 22.9873848, 36.4827672 ], [ 22.9853124, 36.4865931 ], [ 22.9846574, 36.4909025 ], [ 22.9855597, 36.4946938 ], [ 22.9846974, 36.4962376 ], [ 22.9835324, 36.4983236 ], [ 22.9818993, 36.5074997 ], [ 22.9791292, 36.5108944 ], [ 22.9741851, 36.5094189 ], [ 22.9705969, 36.5114612 ], [ 22.9688913, 36.5082584 ] ] ], [ [ [ 21.765499, 36.7533858 ], [ 21.7632061, 36.7575739 ], [ 21.7611181, 36.7584276 ], [ 21.7579301, 36.7562441 ], [ 21.756364, 36.7476957 ], [ 21.7537285, 36.7414225 ], [ 21.7544528, 36.7363773 ], [ 21.7524747, 36.7296766 ], [ 21.7535112, 36.7271919 ], [ 21.7507748, 36.7274547 ], [ 21.7485109, 36.7249735 ], [ 21.7486952, 36.7194931 ], [ 21.7506339, 36.7129573 ], [ 21.7595101, 36.712717 ], [ 21.7656039, 36.7171913 ], [ 21.7685216, 36.7162462 ], [ 21.7656019, 36.7136431 ], [ 21.7656438, 36.7107009 ], [ 21.7619663, 36.7075339 ], [ 21.7628485, 36.7050647 ], [ 21.767081, 36.7024616 ], [ 21.770836, 36.7032349 ], [ 21.7722047, 36.7007008 ], [ 21.7780322, 36.6986847 ], [ 21.7796137, 36.7008302 ], [ 21.7768143, 36.7068216 ], [ 21.7737597, 36.7078276 ], [ 21.7740135, 36.7118558 ], [ 21.7773104, 36.7128809 ], [ 21.7778129, 36.7158805 ], [ 21.7758198, 36.7204273 ], [ 21.7789733, 36.7250764 ], [ 21.7798924, 36.7285332 ], [ 21.7787141, 36.7317269 ], [ 21.7821618, 36.7315558 ], [ 21.7817822, 36.7356904 ], [ 21.7881867, 36.7396197 ], [ 21.7870682, 36.7439762 ], [ 21.7824643, 36.7447587 ], [ 21.7817497, 36.7471162 ], [ 21.7744536, 36.7475198 ], [ 21.7723745, 36.7461676 ], [ 21.7709264, 36.7498946 ], [ 21.765499, 36.7533858 ] ] ], [ [ [ 21.7186259, 36.7697323 ], [ 21.7172049, 36.7704068 ], [ 21.7155858, 36.7789314 ], [ 21.716453, 36.7800478 ], [ 21.7256536, 36.7825007 ], [ 21.7263986, 36.784657 ], [ 21.7228522, 36.7859821 ], [ 21.7174356, 36.7863745 ], [ 21.7103659, 36.7879403 ], [ 21.7078515, 36.7932121 ], [ 21.7052004, 36.7954174 ], [ 21.7020085, 36.7941417 ], [ 21.7017359, 36.7892698 ], [ 21.6987727, 36.7841618 ], [ 21.6940112, 36.7835751 ], [ 21.6920815, 36.7749322 ], [ 21.6929253, 36.7677861 ], [ 21.6955919, 36.7632762 ], [ 21.6963273, 36.7563702 ], [ 21.6930626, 36.7551015 ], [ 21.6899656, 36.7522792 ], [ 21.689667, 36.7500659 ], [ 21.6937256, 36.7485421 ], [ 21.6938284, 36.7446228 ], [ 21.6912492, 36.7401543 ], [ 21.6946453, 36.7370883 ], [ 21.6975785, 36.7368102 ], [ 21.6987937, 36.7388402 ], [ 21.7025093, 36.7397584 ], [ 21.7015093, 36.7434835 ], [ 21.7043227, 36.7448245 ], [ 21.7050731, 36.7500504 ], [ 21.702014, 36.7492241 ], [ 21.7006221, 36.7517379 ], [ 21.7000873, 36.7588536 ], [ 21.7049607, 36.7584726 ], [ 21.7200313, 36.7651424 ], [ 21.7186259, 36.7697323 ] ] ], [ [ [ 21.5568278, 37.0521497 ], [ 21.5606773, 37.056147 ], [ 21.5599271, 37.0632198 ], [ 21.5570566, 37.0657107 ], [ 21.5391405, 37.056147 ], [ 21.5429793, 37.0502958 ], [ 21.5524169, 37.0485517 ], [ 21.5491203, 37.0411047 ], [ 21.5490564, 37.0354238 ], [ 21.551493, 37.0340623 ], [ 21.5574565, 37.0442502 ], [ 21.5568278, 37.0521497 ] ] ], [ [ [ 21.8920056, 36.6999718 ], [ 21.8844252, 36.7052976 ], [ 21.8816209, 36.6936347 ], [ 21.8820008, 36.6892011 ], [ 21.8860684, 36.6913437 ], [ 21.8897043, 36.6897457 ], [ 21.8905467, 36.6982362 ], [ 21.8920056, 36.6999718 ] ] ], [ [ [ 23.0596415, 36.6894724 ], [ 23.0588034, 36.6908691 ], [ 23.0493941, 36.6904615 ], [ 23.0431927, 36.687565 ], [ 23.0506585, 36.6850173 ], [ 23.0539836, 36.6854816 ], [ 23.0596415, 36.6894724 ] ] ], [ [ [ 21.7442036, 36.7536657 ], [ 21.7423337, 36.7570054 ], [ 21.7410719, 36.7592588 ], [ 21.7374389, 36.7576816 ], [ 21.7380347, 36.749722 ], [ 21.7416235, 36.7478076 ], [ 21.7423337, 36.74942 ], [ 21.7442036, 36.7536657 ] ] ], [ [ [ 22.9770687, 36.4666147 ], [ 22.9706509, 36.4629901 ], [ 22.972456, 36.4620992 ], [ 22.978469, 36.4636087 ], [ 22.9770687, 36.4666147 ] ] ], [ [ [ 22.9286753, 36.4913457 ], [ 22.9262131, 36.4902285 ], [ 22.9263585, 36.4881139 ], [ 22.9291071, 36.4868483 ], [ 22.9323509, 36.4883911 ], [ 22.9286753, 36.4913457 ] ] ] ] } },
{ "type": "Feature", "properties": { "LEVL_CODE": 3.0, "MOUNT_TYPE": 3.0, "CNTR_CODE": "EL", "SVRG_UN": "UN Member State", "NAME_ENGL": "Greece", "NAME_LATN": "Fokida", "NUTS_NAME": "Φωκίδα", "URBN_TYPE": 3.0, "NUTS_ID": "EL645", "CAPT": "Athens", "COAST_TYPE": 1.0, "ISO3_CODE": "GRC", "NAME_FREN": "Grèce", "EU_STAT": "T", "NAME_GERM": "Griechenland", "EFTA_STAT": "F", "CC_STAT": "F", "geo": "EL645" }, "geometry": { "type": "MultiPolygon", "coordinates": [ [ [ [ 22.2953098, 38.8072208 ], [ 22.2847044, 38.8046114 ], [ 22.2754433, 38.7990927 ], [ 22.2676341, 38.7983525 ], [ 22.2594545, 38.7899348 ], [ 22.2599421, 38.7807008 ], [ 22.2506051, 38.7839821 ], [ 22.2461378, 38.7770641 ], [ 22.2183347, 38.7652154 ], [ 22.2094169, 38.7578306 ], [ 22.1848716, 38.757856499999988 ], [ 22.1867095, 38.7456273 ], [ 22.1799258, 38.7397659 ], [ 22.1797014, 38.734255 ], [ 22.1708442, 38.7229001 ], [ 22.1538536, 38.7240353 ], [ 22.1338533, 38.712538599999988 ], [ 22.1220673, 38.7329068 ], [ 22.1097801, 38.7383339 ], [ 22.106738, 38.7396775 ], [ 22.103532, 38.739219 ], [ 22.100161, 38.737485 ], [ 22.0884189, 38.7416208 ], [ 22.0703029, 38.7382788 ], [ 22.0699813, 38.7477708 ], [ 22.0570712, 38.7571199 ], [ 22.0417495, 38.7586309 ], [ 22.0265793, 38.7677394 ], [ 22.0061044, 38.7698175 ], [ 21.9994255, 38.76861 ], [ 22.0217144, 38.7405046 ], [ 22.0250163, 38.7269256 ], [ 22.0214275, 38.7231521 ], [ 22.0079099, 38.7197616 ], [ 21.9939449, 38.711076 ], [ 21.9934438, 38.6970807 ], [ 21.9848222, 38.6924063 ], [ 21.9969298, 38.6813441 ], [ 21.9835201, 38.6700558 ], [ 21.9881411, 38.6606738 ], [ 21.9882565, 38.645898 ], [ 21.9999795, 38.637053699999989 ], [ 22.0024806, 38.6264882 ], [ 21.9765686, 38.6187864 ], [ 21.9679594, 38.6076155 ], [ 21.9693223, 38.6028489 ], [ 21.9848581, 38.6010059 ], [ 22.0130027, 38.5867375 ], [ 22.0043015, 38.571467 ], [ 22.0022333, 38.5609205 ], [ 21.9944817, 38.5508241 ], [ 21.9918359, 38.5313156 ], [ 21.9962807, 38.5180731 ], [ 21.999024, 38.509898799999988 ], [ 21.9837945, 38.505768 ], [ 21.9679712, 38.4967114 ], [ 21.9526531, 38.496133 ], [ 21.9388947, 38.4916366 ], [ 21.9222666, 38.4810321 ], [ 21.8945451, 38.4730533 ], [ 21.8823175, 38.465007 ], [ 21.8854403, 38.4438086 ], [ 21.8800822, 38.4326079 ], [ 21.8801081, 38.4125386 ], [ 21.8517321, 38.3745351 ], [ 21.8778125, 38.3687057 ], [ 21.8962405, 38.3721413 ], [ 21.913411, 38.3838674 ], [ 21.9361297, 38.4059166 ], [ 21.9681257, 38.4035635 ], [ 21.9841086, 38.399744 ], [ 21.9948473, 38.3976575 ], [ 22.0053743, 38.3893562 ], [ 22.0222972, 38.3942113 ], [ 22.0319644, 38.3928092 ], [ 22.0510956, 38.3943495 ], [ 22.0623483, 38.38829 ], [ 22.0667718, 38.3813303 ], [ 22.094453, 38.3727583 ], [ 22.1032736, 38.3672433 ], [ 22.1079979, 38.3690129 ], [ 22.1097801, 38.3677967 ], [ 22.1116883, 38.3664944 ], [ 22.1247555, 38.3666866 ], [ 22.1288017, 38.3598642 ], [ 22.1370083, 38.3580326 ], [ 22.1398007, 38.3520523 ], [ 22.1382138, 38.3475697 ], [ 22.1445518, 38.3439961 ], [ 22.1503983, 38.3438143 ], [ 22.1548336, 38.3497027 ], [ 22.1667591, 38.3430882 ], [ 22.1677174, 38.336446099999989 ], [ 22.1847318, 38.3214924 ], [ 22.1882762, 38.3237657 ], [ 22.1941721, 38.3380654 ], [ 22.208536, 38.3437469 ], [ 22.2181257, 38.3520523 ], [ 22.2307607, 38.3591448 ], [ 22.2388857, 38.3520523 ], [ 22.2411903, 38.3520523 ], [ 22.2438698, 38.3601466 ], [ 22.2505397, 38.3623765 ], [ 22.255021, 38.3608702 ], [ 22.2621681, 38.3520523 ], [ 22.2786928, 38.340998 ], [ 22.292999, 38.3386725 ], [ 22.2957912, 38.3516607 ], [ 22.2993915, 38.3544516 ], [ 22.3244246, 38.3452784 ], [ 22.3542608, 38.3483055 ], [ 22.3592994, 38.3383181 ], [ 22.3719396, 38.3336033 ], [ 22.3773308, 38.3346596 ], [ 22.3821707, 38.3413231 ], [ 22.3919016, 38.34716 ], [ 22.3913521, 38.350004 ], [ 22.3820597, 38.3543671 ], [ 22.3856233, 38.3628513 ], [ 22.4000097, 38.3645869 ], [ 22.3977752, 38.3752175 ], [ 22.3947125, 38.3788139 ], [ 22.3844577, 38.3811217 ], [ 22.3764462, 38.3873652 ], [ 22.3752368, 38.3912008 ], [ 22.3886219, 38.4067913 ], [ 22.4129074, 38.4129214 ], [ 22.4003184, 38.4335299 ], [ 22.3995846, 38.4437328 ], [ 22.4020327, 38.4470898 ], [ 22.4165955, 38.4432751 ], [ 22.4247371, 38.4300857 ], [ 22.4335091, 38.4273124 ], [ 22.4488796, 38.4280226 ], [ 22.4556709, 38.4254124 ], [ 22.4775876, 38.4004732 ], [ 22.5046472, 38.3806198 ], [ 22.5151495, 38.3604647 ], [ 22.5340883, 38.3469318 ], [ 22.5380302, 38.3407758 ], [ 22.5355041, 38.3358802 ], [ 22.5228234, 38.3329645 ], [ 22.5216924, 38.3262346 ], [ 22.5387883, 38.3134398 ], [ 22.5500176, 38.2968694 ], [ 22.5516105, 38.2878671 ], [ 22.55821, 38.2825337 ], [ 22.5818594, 38.2825572 ], [ 22.5830249, 38.2876999 ], [ 22.5900231, 38.2957071 ], [ 22.5918211, 38.3057544 ], [ 22.6025392, 38.3157416 ], [ 22.5887039, 38.3280932 ], [ 22.5934318, 38.348232 ], [ 22.5958025, 38.3517882 ], [ 22.6018477, 38.3532894 ], [ 22.608279, 38.3586565 ], [ 22.6120031, 38.3679669 ], [ 22.6073729, 38.3816017 ], [ 22.6117631, 38.4085134 ], [ 22.6046989, 38.4213097 ], [ 22.602149, 38.432619 ], [ 22.5931537, 38.4341244 ], [ 22.5767829, 38.4294078 ], [ 22.55821, 38.4392002 ], [ 22.5395216, 38.4553548 ], [ 22.5472411, 38.4636649 ], [ 22.5497829, 38.4797448 ], [ 22.5269864, 38.4974003 ], [ 22.5241446, 38.5138602 ], [ 22.5223667, 38.5180731 ], [ 22.5138795, 38.5381807 ], [ 22.4884527, 38.5636521 ], [ 22.4978289, 38.580019 ], [ 22.5364117, 38.5680526 ], [ 22.5504304, 38.5672385 ], [ 22.5656375, 38.5586801 ], [ 22.5709135, 38.5589018 ], [ 22.5815192, 38.5593474 ], [ 22.5718511, 38.5707472 ], [ 22.5729535, 38.5851034 ], [ 22.5709135, 38.591191 ], [ 22.5688829, 38.59725 ], [ 22.5673936, 38.6242939 ], [ 22.5525912, 38.639182 ], [ 22.5528795, 38.6534085 ], [ 22.5448432, 38.6658548 ], [ 22.5402981, 38.668496 ], [ 22.5354731, 38.6678504 ], [ 22.5266405, 38.6560081 ], [ 22.5170064, 38.6566046 ], [ 22.5068631, 38.654233 ], [ 22.5015095, 38.6556501 ], [ 22.4948278, 38.6636366 ], [ 22.4941367, 38.68327 ], [ 22.4797816, 38.6863609 ], [ 22.4580087, 38.6986728 ], [ 22.4488475, 38.7014527 ], [ 22.4296081, 38.7222581 ], [ 22.4265065, 38.733116 ], [ 22.4058566, 38.7338091 ], [ 22.4006727, 38.7297941 ], [ 22.3911146, 38.7275409 ], [ 22.3748913, 38.7341386 ], [ 22.3545049, 38.7252478 ], [ 22.3071088, 38.7183057 ], [ 22.2966034, 38.7439787 ], [ 22.3043787, 38.7629554 ], [ 22.3076526, 38.7651606 ], [ 22.3043735, 38.7776005 ], [ 22.3144996, 38.7883873 ], [ 22.2953098, 38.8072208 ] ] ], [ [ [ 22.0774482, 38.3701394 ], [ 22.0783623, 38.3725035 ], [ 22.0685459, 38.375852 ], [ 22.0635487, 38.3760062 ], [ 22.0603721, 38.3744404 ], [ 22.0618398, 38.3695989 ], [ 22.0642332, 38.3675316 ], [ 22.0665963, 38.3615874 ], [ 22.0703857, 38.3594968 ], [ 22.0720329, 38.3609084 ], [ 22.0837145, 38.3584937 ], [ 22.0877819, 38.3558015 ], [ 22.0885034, 38.3573713 ], [ 22.0794291, 38.3664517 ], [ 22.0760194, 38.3653945 ], [ 22.0738763, 38.3700813 ], [ 22.0774482, 38.3701394 ] ] ], [ [ [ 22.6220835, 38.3129636 ], [ 22.6192022, 38.3119408 ], [ 22.6250663, 38.3076476 ], [ 22.6283345, 38.3067083 ], [ 22.6276269, 38.3108561 ], [ 22.6220835, 38.3129636 ] ] ], [ [ [ 22.1005235, 38.360455 ], [ 22.0948772, 38.359846 ], [ 22.0953463, 38.3567198 ], [ 22.1011362, 38.3582505 ], [ 22.1005235, 38.360455 ] ] ], [ [ [ 22.3999256, 38.3857663 ], [ 22.4013799, 38.3822912 ], [ 22.4044226, 38.3814789 ], [ 22.4057696, 38.3851391 ], [ 22.3999256, 38.3857663 ] ] ] ] } },
{ "type": "Feature", "properties": { "LEVL_CODE": 3.0, "MOUNT_TYPE": 2.0, "CNTR_CODE": "EL", "SVRG_UN": "UN Member State", "NAME_ENGL": "Greece", "NAME_LATN": "Chalkidiki", "NUTS_NAME": "Χαλκιδική", "URBN_TYPE": 3.0, "NUTS_ID": "EL527", "CAPT": "Athens", "COAST_TYPE": 1.0, "ISO3_CODE": "GRC", "NAME_FREN": "Grèce", "EU_STAT": "T", "NAME_GERM": "Griechenland", "EFTA_STAT": "F", "CC_STAT": "F", "geo": "EL527" }, "geometry": { "type": "MultiPolygon", "coordinates": [ [ [ [ 23.667917, 40.6412099 ], [ 23.6614581, 40.6380545 ], [ 23.6559549, 40.6312996 ], [ 23.6480822, 40.6295947 ], [ 23.6421496, 40.6062825 ], [ 23.6372119, 40.6060658 ], [ 23.6234365, 40.6054614 ], [ 23.6136742, 40.5991088 ], [ 23.605459, 40.5987643 ], [ 23.5872601, 40.6030727 ], [ 23.5433377, 40.6050507 ], [ 23.5453364, 40.598903 ], [ 23.5432153, 40.5899042 ], [ 23.50857, 40.5682205 ], [ 23.4982346, 40.5712346 ], [ 23.486229, 40.5844017 ], [ 23.4735442, 40.5822524 ], [ 23.4669219, 40.5827341 ], [ 23.407792, 40.587035 ], [ 23.405036, 40.5848293 ], [ 23.4071776, 40.573124799999988 ], [ 23.4033576, 40.5663055 ], [ 23.4049315, 40.5547136 ], [ 23.3918847, 40.5418654 ], [ 23.3933144, 40.5367363 ], [ 23.3852449, 40.5341798 ], [ 23.3748055, 40.5385279 ], [ 23.3668381, 40.534565199999989 ], [ 23.3642966, 40.5307004 ], [ 23.3605945, 40.5302595 ], [ 23.3586455, 40.5409139 ], [ 23.3492472, 40.5438927 ], [ 23.3362982, 40.538608 ], [ 23.319151, 40.5390277 ], [ 23.3116453, 40.536815499999989 ], [ 23.3113417, 40.5243529 ], [ 23.315417, 40.5188775 ], [ 23.3116381, 40.5087346 ], [ 23.3164331, 40.4995863 ], [ 23.3025657, 40.4868379 ], [ 23.2804571, 40.488307 ], [ 23.2608543, 40.4979949 ], [ 23.251691, 40.502523 ], [ 23.2482545, 40.5024365 ], [ 23.2420529, 40.5034579 ], [ 23.2205017, 40.498523 ], [ 23.1915952, 40.495737 ], [ 23.1765927, 40.4890471 ], [ 23.1815281, 40.4806556 ], [ 23.1795945, 40.4769884 ], [ 23.1734753, 40.4761331 ], [ 23.1600068, 40.4793892 ], [ 23.156928, 40.4742136 ], [ 23.1597692, 40.4661179 ], [ 23.1580926, 40.4504008 ], [ 23.1633892, 40.4354816 ], [ 23.176838, 40.4223845 ], [ 23.1583954, 40.415832 ], [ 23.1490254, 40.4006933 ], [ 23.1255275, 40.3796624 ], [ 23.1188637, 40.3686384 ], [ 23.1120831, 40.3728331 ], [ 23.1053625, 40.3865895 ], [ 23.0884873, 40.3870897 ], [ 23.0885344, 40.3951003 ], [ 23.0722676, 40.4202579 ], [ 23.0789059, 40.4257056 ], [ 23.0601533, 40.4302588 ], [ 23.0610477, 40.4197133 ], [ 23.0526235, 40.4142163 ], [ 23.0472507, 40.3999343 ], [ 23.0295332, 40.3929642 ], [ 23.0271345, 40.374534 ], [ 23.0382735, 40.3704214 ], [ 23.0416655, 40.3617408 ], [ 23.0398489, 40.3534263 ], [ 23.0334489, 40.352373 ], [ 23.0258379, 40.3580272 ], [ 23.0099558, 40.3520809 ], [ 23.004153, 40.3503365 ], [ 23.0099558, 40.3477158 ], [ 23.0185765, 40.3365557 ], [ 23.0183089, 40.3271819 ], [ 23.0223957, 40.3234544 ], [ 23.0485268, 40.3133227 ], [ 23.1127955, 40.2945162 ], [ 23.1278371, 40.2870731 ], [ 23.1418308, 40.274808199999988 ], [ 23.175224, 40.2702686 ], [ 23.1952578, 40.2581958 ], [ 23.2069914, 40.2570108 ], [ 23.2162597, 40.2564319 ], [ 23.2337407, 40.2499974 ], [ 23.2500376, 40.2488554 ], [ 23.2608543, 40.2455819 ], [ 23.2651204, 40.2442909 ], [ 23.2810838, 40.2368914 ], [ 23.2911781, 40.2367537 ], [ 23.3007346, 40.2322186 ], [ 23.3109691, 40.2239921 ], [ 23.3166239, 40.2154716 ], [ 23.3262203, 40.1840075 ], [ 23.3237189, 40.1738056 ], [ 23.3170134, 40.1464489 ], [ 23.3221093, 40.1310302 ], [ 23.3193245, 40.1227495 ], [ 23.3060312, 40.1012401 ], [ 23.309579, 40.0839711 ], [ 23.3147621, 40.0785725 ], [ 23.3371715, 40.0684375 ], [ 23.3425554, 40.0545334 ], [ 23.3572959, 40.0384193 ], [ 23.3617572, 40.0261852 ], [ 23.3785595, 40.0084958 ], [ 23.3810121, 40.0014994 ], [ 23.3755822, 39.9820319 ], [ 23.3587374, 39.9580506 ], [ 23.3810806, 39.9617761 ], [ 23.3949157, 39.9594097 ], [ 23.4140166, 39.9599858 ], [ 23.441564, 39.9697504 ], [ 23.463604, 39.9694007 ], [ 23.5021499, 39.9581659 ], [ 23.5535697, 39.9355778 ], [ 23.5785297, 39.9311671 ], [ 23.5959129, 39.9210951 ], [ 23.6442656, 39.9153247 ], [ 23.6848424, 39.916971 ], [ 23.7149438, 39.9087117 ], [ 23.7464635, 39.9164981 ], [ 23.7491324, 39.923196 ], [ 23.7440299, 39.9328833 ], [ 23.7056884, 39.929028 ], [ 23.6923492, 39.9344455 ], [ 23.6849072, 39.9566542 ], [ 23.6773144, 39.9614889 ], [ 23.6784392, 39.9719427 ], [ 23.6650234, 39.981363 ], [ 23.6329058, 39.9855354 ], [ 23.5325407, 40.0168924 ], [ 23.4929142, 40.0349028 ], [ 23.4707601, 40.0516188 ], [ 23.4553197, 40.069066 ], [ 23.4452043, 40.0851502 ], [ 23.4389621, 40.1013537 ], [ 23.416923, 40.1258453 ], [ 23.3969236, 40.1381084 ], [ 23.3823089, 40.1397283 ], [ 23.3627375, 40.1465835 ], [ 23.3546414, 40.1572867 ], [ 23.3499124, 40.1738056 ], [ 23.3478423, 40.1810353 ], [ 23.3354644, 40.1938038 ], [ 23.3309952, 40.2054049 ], [ 23.3349252, 40.2195778 ], [ 23.3540541, 40.2442909 ], [ 23.3608375, 40.2508015 ], [ 23.364555, 40.25342 ], [ 23.3662275, 40.254967 ], [ 23.3892047, 40.274192 ], [ 23.4007696, 40.2787813 ], [ 23.4126319, 40.2783735 ], [ 23.4272779, 40.276327099999989 ], [ 23.4392566, 40.2696578 ], [ 23.4607415, 40.262718 ], [ 23.4669219, 40.2619288 ], [ 23.4960256, 40.2582123 ], [ 23.5287571, 40.2377765 ], [ 23.5584499, 40.234449 ], [ 23.5843282, 40.2255877 ], [ 23.606674, 40.227314 ], [ 23.6224326, 40.2277959 ], [ 23.6555031, 40.2219722 ], [ 23.6739609, 40.2090066 ], [ 23.684133, 40.194124599999988 ], [ 23.6988964, 40.1888043 ], [ 23.7214944, 40.1686901 ], [ 23.7353977, 40.1435469 ], [ 23.7582203, 40.1303898 ], [ 23.7708479, 40.1176909 ], [ 23.7745904, 40.098438 ], [ 23.7899545, 40.0872863 ], [ 23.7887734, 40.0633296 ], [ 23.7939229, 40.055642 ], [ 23.8090327, 40.0440605 ], [ 23.811301, 40.0329195 ], [ 23.8182949, 40.0219653 ], [ 23.8238325, 40.0189741 ], [ 23.8324843, 40.0219266 ], [ 23.8404668, 40.020957 ], [ 23.8632219, 40.0091589 ], [ 23.8737095, 39.9966407 ], [ 23.892523, 39.9914513 ], [ 23.9014607, 39.9819477 ], [ 23.9026944, 39.96326 ], [ 23.9110379, 39.9620286 ], [ 23.921061, 39.9650553 ], [ 23.9188421, 39.9517263 ], [ 23.9258165, 39.94798 ], [ 23.9296513, 39.9459201 ], [ 23.9342505, 39.940105 ], [ 23.9445922, 39.9394983 ], [ 23.9586275, 39.9461881 ], [ 23.9787575, 39.9468091 ], [ 23.9899283, 39.9518549 ], [ 23.9893551, 39.9568584 ], [ 23.977504, 39.9583184 ], [ 23.9705805, 39.9634429 ], [ 23.9967155, 39.9717268 ], [ 23.9903042, 39.988105 ], [ 23.9963928, 39.9902172 ], [ 23.9967885, 39.9953025 ], [ 24.0008446, 39.9990672 ], [ 24.0157023, 40.0038883 ], [ 24.0210076, 40.0194316 ], [ 24.0153036, 40.0359206 ], [ 23.9934566, 40.0365904 ], [ 23.9873814, 40.0421521 ], [ 23.9912744, 40.0493018 ], [ 24.0057118, 40.0558339 ], [ 24.0006196, 40.0662405 ], [ 23.9849423, 40.0767472 ], [ 23.9805165, 40.0835857 ], [ 23.9822058, 40.0994134 ], [ 23.9928769, 40.1075397 ], [ 23.9917475, 40.1118 ], [ 23.9742056, 40.1260607 ], [ 23.9355992, 40.1390732 ], [ 23.9258165, 40.1465075 ], [ 23.9119422, 40.1570499 ], [ 23.8794087, 40.1682768 ], [ 23.8295872, 40.1798431 ], [ 23.8090988, 40.1914473 ], [ 23.7912874, 40.189116 ], [ 23.7771976, 40.1934579 ], [ 23.7621191, 40.2109713 ], [ 23.7587832, 40.225532199999989 ], [ 23.7506697, 40.2278825 ], [ 23.7447154, 40.2340936 ], [ 23.7360098, 40.2341245 ], [ 23.7059805, 40.2656414 ], [ 23.6972776, 40.2854398 ], [ 23.6990171, 40.3141659 ], [ 23.705478, 40.3268377 ], [ 23.7054369, 40.3340685 ], [ 23.7145614, 40.3333523 ], [ 23.720248, 40.335269 ], [ 23.7264413, 40.3333389 ], [ 23.7287912, 40.3376198 ], [ 23.7264316, 40.3437669 ], [ 23.730391, 40.3499653 ], [ 23.7366013, 40.3535722 ], [ 23.7616931, 40.3459949 ], [ 23.7675739, 40.3460627 ], [ 23.7832599, 40.3377926 ], [ 23.8084971, 40.3554032 ], [ 23.8295869, 40.3646868 ], [ 23.8517889, 40.3700097 ], [ 23.8606805, 40.3701297 ], [ 23.8778666, 40.3663165 ], [ 23.8900572, 40.3609163 ], [ 23.905263, 40.3655768 ], [ 23.9194289, 40.3646705 ], [ 23.9220814, 40.3638021 ], [ 23.9258165, 40.3625791 ], [ 23.9381028, 40.358556 ], [ 23.958731, 40.3488 ], [ 23.9628076, 40.3468718 ], [ 23.979595, 40.3271819 ], [ 23.9812519, 40.3252382 ], [ 23.9897344, 40.3214338 ], [ 24.005043, 40.3145675 ], [ 24.0119094, 40.3271818 ], [ 24.0154481, 40.3336822 ], [ 24.006095, 40.3572573 ], [ 24.008566, 40.3658311 ], [ 24.007018, 40.3783433 ], [ 24.010988, 40.3894345 ], [ 23.9966249, 40.3822581 ], [ 23.9897344, 40.3808753 ], [ 23.9732902, 40.377575 ], [ 23.9664339, 40.3779463 ], [ 23.9607185, 40.3827827 ], [ 23.958731, 40.3823717 ], [ 23.9487529, 40.3803081 ], [ 23.9292683, 40.3819116 ], [ 23.9258165, 40.3834431 ], [ 23.9220814, 40.3851002 ], [ 23.9051497, 40.3926119 ], [ 23.8893634, 40.3953823 ], [ 23.8587674, 40.4195067 ], [ 23.8509409, 40.429119 ], [ 23.8510637, 40.4351352 ], [ 23.8463029, 40.4400772 ], [ 23.837743, 40.4414891 ], [ 23.8269433, 40.4606691 ], [ 23.825364, 40.4661179 ], [ 23.8208939, 40.4815384 ], [ 23.8237129, 40.5064081 ], [ 23.8291414, 40.5159774 ], [ 23.8333473, 40.5181743 ], [ 23.8976299, 40.5203549 ], [ 23.9162212, 40.52888 ], [ 23.9176217, 40.5340973 ], [ 23.9083806, 40.5363831 ], [ 23.8949046, 40.5452781 ], [ 23.8929837, 40.5492272 ], [ 23.8951381, 40.5539617 ], [ 23.8849218, 40.5591979 ], [ 23.8798596, 40.5530371 ], [ 23.853913, 40.5601182 ], [ 23.8484282, 40.5581419 ], [ 23.8325168, 40.5582097 ], [ 23.8220972, 40.5711654 ], [ 23.8193753, 40.5789609 ], [ 23.8022915, 40.5815917 ], [ 23.7956372, 40.588823 ], [ 23.7964703, 40.5929202 ], [ 23.788391, 40.5914042 ], [ 23.78405, 40.5930424 ], [ 23.7799695, 40.6154407 ], [ 23.76634, 40.6305478 ], [ 23.7568645, 40.6345635 ], [ 23.7409068, 40.6268103 ], [ 23.7146876, 40.6359402 ], [ 23.7054369, 40.6343625 ], [ 23.6909869, 40.6290231 ], [ 23.6828314, 40.6289418 ], [ 23.6737697, 40.6407406 ], [ 23.667917, 40.6412099 ] ] ], [ [ [ 23.9367596, 40.3173481 ], [ 23.9258165, 40.3185045 ], [ 23.9231431, 40.3218269 ], [ 23.9247787, 40.3287149 ], [ 23.9229752, 40.3345053 ], [ 23.9183048, 40.335935 ], [ 23.9187142, 40.3399463 ], [ 23.9165543, 40.341744 ], [ 23.9055708, 40.3371322 ], [ 23.895887, 40.3357413 ], [ 23.8836074, 40.3300578 ], [ 23.887492, 40.3262706 ], [ 23.9047572, 40.3208824 ], [ 23.9134415, 40.3203634 ], [ 23.9188256, 40.3139248 ], [ 23.9258165, 40.3118502 ], [ 23.9377979, 40.3086933 ], [ 23.9478769, 40.3103487 ], [ 23.9367596, 40.3173481 ] ] ], [ [ [ 23.7800214, 40.2294182 ], [ 23.7767396, 40.228287 ], [ 23.7775555, 40.2265638 ], [ 23.783196, 40.2232271 ], [ 23.7823167, 40.2202522 ], [ 23.777747, 40.2235133 ], [ 23.7697379, 40.2230164 ], [ 23.7705638, 40.2192045 ], [ 23.7731632, 40.2145517 ], [ 23.7707881, 40.2130702 ], [ 23.774709, 40.2104609 ], [ 23.7707842, 40.2062233 ], [ 23.7737705, 40.2040212 ], [ 23.7781796, 40.2055408 ], [ 23.7831827, 40.2052315 ], [ 23.7833922, 40.2035503 ], [ 23.7871737, 40.2028337 ], [ 23.7878752, 40.2010412 ], [ 23.7937871, 40.2012725 ], [ 23.7938343, 40.2034257 ], [ 23.7894247, 40.2048055 ], [ 23.7870586, 40.2070565 ], [ 23.7884482, 40.208100699999989 ], [ 23.7855108, 40.2113544 ], [ 23.7893758, 40.214359 ], [ 23.7873284, 40.2155772 ], [ 23.7891722, 40.217078 ], [ 23.7858898, 40.2178993 ], [ 23.7867062, 40.2233744 ], [ 23.7800214, 40.2294182 ] ] ], [ [ [ 23.7328282, 40.0642086 ], [ 23.7270865, 40.0651316 ], [ 23.7216575, 40.0648526 ], [ 23.7194744, 40.0601291 ], [ 23.718013, 40.059374 ], [ 23.7202658, 40.0579226 ], [ 23.7221871, 40.0594774 ], [ 23.7272553, 40.0578758 ], [ 23.7305363, 40.0581127 ], [ 23.7341599, 40.062416399999989 ], [ 23.7328282, 40.0642086 ] ] ], [ [ [ 23.8297037, 40.0082777 ], [ 23.8269283, 40.0122365 ], [ 23.8219031, 40.0143586 ], [ 23.8192479, 40.0143621 ], [ 23.8182632, 40.0119997 ], [ 23.8217171, 40.0118235 ], [ 23.8232043, 40.0077898 ], [ 23.8215237, 40.0058178 ], [ 23.8258221, 40.0052207 ], [ 23.8255873, 40.0067566 ], [ 23.8297037, 40.0082777 ] ] ], [ [ [ 23.9606729, 40.312999 ], [ 23.960587, 40.3106973 ], [ 23.958731, 40.3104926 ], [ 23.9540356, 40.309518 ], [ 23.955274, 40.307827 ], [ 23.958731, 40.3076514 ], [ 23.9622537, 40.3100018 ], [ 23.966686, 40.3095766 ], [ 23.9637224, 40.3141959 ], [ 23.9606729, 40.312999 ] ] ], [ [ [ 23.8094579, 40.0231476 ], [ 23.8046557, 40.0219586 ], [ 23.8081712, 40.0180853 ], [ 23.8101604, 40.019601699999988 ], [ 23.8094579, 40.0231476 ] ] ], [ [ [ 23.7902284, 40.2249346 ], [ 23.7883254, 40.2237221 ], [ 23.7896101, 40.2215809 ], [ 23.7941903, 40.221546 ], [ 23.7950769, 40.2232595 ], [ 23.7902284, 40.2249346 ] ] ], [ [ [ 23.7644004, 40.2309804 ], [ 23.7621849, 40.228809 ], [ 23.7645414, 40.2263964 ], [ 23.7689175, 40.228399 ], [ 23.7644004, 40.2309804 ] ] ], [ [ [ 23.7746118, 40.2329325 ], [ 23.7717926, 40.2310255 ], [ 23.7721399, 40.2284534 ], [ 23.774499, 40.2272463 ], [ 23.7762363, 40.2320203 ], [ 23.7746118, 40.2329325 ] ] ], [ [ [ 23.7506135, 40.2359816 ], [ 23.7496343, 40.2348064 ], [ 23.7513792, 40.2324178 ], [ 23.754907, 40.2318813 ], [ 23.7561378, 40.2340251 ], [ 23.7506135, 40.2359816 ] ] ], [ [ [ 23.9304969, 40.5311176 ], [ 23.9258165, 40.5310159 ], [ 23.9258165, 40.5292943 ], [ 23.9294937, 40.5276668 ], [ 23.9316846, 40.5286348 ], [ 23.9304969, 40.5311176 ] ] ] ] } },
{ "type": "Feature", "properties": { "LEVL_CODE": 3.0, "MOUNT_TYPE": 3.0, "CNTR_CODE": "EL", "SVRG_UN": "UN Member State", "NAME_ENGL": "Greece", "NAME_LATN": "Grevena, Kozani", "NUTS_NAME": "Γρεβενά, Κοζάνη", "URBN_TYPE": 3.0, "NUTS_ID": "EL531", "CAPT": "Athens", "COAST_TYPE": 3.0, "ISO3_CODE": "GRC", "NAME_FREN": "Grèce", "EU_STAT": "T", "NAME_GERM": "Griechenland", "EFTA_STAT": "F", "CC_STAT": "F", "geo": "EL531" }, "geometry": { "type": "MultiPolygon", "coordinates": [ [ [ [ 21.8871184, 40.6192656 ], [ 21.882246, 40.6240484 ], [ 21.8878258, 40.6300039 ], [ 21.885178, 40.6416072 ], [ 21.8876918, 40.6448614 ], [ 21.8984571, 40.6483404 ], [ 21.9023234, 40.6533142 ], [ 21.9060115, 40.682092 ], [ 21.8657085, 40.6915021 ], [ 21.8580225, 40.6957138 ], [ 21.8497008, 40.7056561 ], [ 21.8459772, 40.7081477 ], [ 21.8432613, 40.7076692 ], [ 21.8402087, 40.7056561 ], [ 21.8348295, 40.6986383 ], [ 21.821787, 40.6966915 ], [ 21.8038792, 40.6910544 ], [ 21.8030236, 40.6754286 ], [ 21.7980697, 40.6668862 ], [ 21.789124, 40.6590229 ], [ 21.7987462, 40.640598499999989 ], [ 21.7910249, 40.6300071 ], [ 21.7889312, 40.6207628 ], [ 21.777549, 40.6088683 ], [ 21.7671367, 40.6045017 ], [ 21.7454642, 40.6021289 ], [ 21.7360708, 40.5987264 ], [ 21.7240765, 40.6033243 ], [ 21.7205891, 40.6003483 ], [ 21.7205076, 40.5971617 ], [ 21.7203598, 40.5913867 ], [ 21.7161419, 40.5896234 ], [ 21.7049391, 40.5891154 ], [ 21.6843584, 40.5948988 ], [ 21.6731635, 40.5940413 ], [ 21.6639677, 40.5905605 ], [ 21.6549317, 40.5942586 ], [ 21.6448972, 40.5948468 ], [ 21.6418151, 40.5940067 ], [ 21.6406243, 40.5858718 ], [ 21.6254121, 40.5880056 ], [ 21.5875184, 40.5831137 ], [ 21.5615975, 40.5718539 ], [ 21.5524176, 40.5626659 ], [ 21.5328836, 40.554021299999988 ], [ 21.536295, 40.5406477 ], [ 21.5289071, 40.530001 ], [ 21.51749, 40.523837 ], [ 21.5098085, 40.524998 ], [ 21.5158638, 40.5099699 ], [ 21.5011046, 40.4985442 ], [ 21.4902455, 40.494172 ], [ 21.4911305, 40.4825502 ], [ 21.4872254, 40.4833737 ], [ 21.4837696, 40.4841025 ], [ 21.476545, 40.4748969 ], [ 21.4709396, 40.4677538 ], [ 21.4706713, 40.4601754 ], [ 21.4764295, 40.454562 ], [ 21.4698633, 40.4459518 ], [ 21.4700913, 40.4292561 ], [ 21.4592469, 40.408613 ], [ 21.4330193, 40.3937624 ], [ 21.422547, 40.3963866 ], [ 21.4184292, 40.3954878 ], [ 21.4073381, 40.3762003 ], [ 21.3996826, 40.3700566 ], [ 21.3651074, 40.3725462 ], [ 21.370021, 40.377738 ], [ 21.3574704, 40.3901719 ], [ 21.3581116, 40.3935467 ], [ 21.3639076, 40.3949833 ], [ 21.3567361, 40.401599 ], [ 21.3582793, 40.4063455 ], [ 21.3460869, 40.4108247 ], [ 21.3389353, 40.4163038 ], [ 21.3353158, 40.4093386 ], [ 21.3269976, 40.413239 ], [ 21.3231884, 40.3981516 ], [ 21.3189398, 40.3922247 ], [ 21.3039427, 40.3842354 ], [ 21.297242, 40.3743036 ], [ 21.2778876, 40.3615881 ], [ 21.2618402, 40.3669261 ], [ 21.2607297, 40.382214 ], [ 21.2463672, 40.3862161 ], [ 21.2399192, 40.3956859 ], [ 21.2365275, 40.3968995 ], [ 21.2197134, 40.3794545 ], [ 21.2286223, 40.37366 ], [ 21.2269201, 40.3661533 ], [ 21.2307224, 40.3599946 ], [ 21.2217846, 40.344754 ], [ 21.1842956, 40.3481715 ], [ 21.1820212, 40.349327 ], [ 21.1688462, 40.3560199 ], [ 21.1608698, 40.3518258 ], [ 21.1489913, 40.3522654 ], [ 21.1468439, 40.3523448 ], [ 21.1403455, 40.3494752 ], [ 21.1360425, 40.343313 ], [ 21.1262448, 40.3420992 ], [ 21.1187582, 40.3360574 ], [ 21.0902415, 40.3325215 ], [ 21.0863792, 40.3207548 ], [ 21.0744715, 40.3113685 ], [ 21.0748812, 40.2948949 ], [ 21.0675389, 40.2805358 ], [ 21.0647389, 40.2644486 ], [ 21.0706591, 40.2536188 ], [ 21.0690416, 40.2413602 ], [ 21.07999, 40.2361895 ], [ 21.0841263, 40.2260209 ], [ 21.0846642, 40.2084554 ], [ 21.0818382, 40.1988221 ], [ 21.0704487, 40.1880937 ], [ 21.0703975, 40.183988 ], [ 21.0611394, 40.176123499999989 ], [ 21.0549472, 40.1738056 ], [ 21.0456915, 40.1703409 ], [ 21.0565597, 40.1628586 ], [ 21.0491235, 40.1490546 ], [ 21.0446323, 40.1463096 ], [ 21.0287557, 40.1432947 ], [ 21.0196486, 40.1479078 ], [ 21.0082238, 40.1484747 ], [ 21.004012, 40.1540665 ], [ 20.9786704, 40.1448197 ], [ 20.9675051, 40.1348692 ], [ 20.9592314, 40.1332569 ], [ 20.957096, 40.1328408 ], [ 20.9592314, 40.1310435 ], [ 20.9717305, 40.1205223 ], [ 20.9743901, 40.1115407 ], [ 20.9883556, 40.1008404 ], [ 20.9885174, 40.0852502 ], [ 20.9972647, 40.0742057 ], [ 20.9990482, 40.067786 ], [ 21.0116765, 40.0556142 ], [ 21.0304425, 40.057203 ], [ 21.0535737, 40.0661581 ], [ 21.0741025, 40.0622502 ], [ 21.0821231, 40.0583738 ], [ 21.0852644, 40.0536787 ], [ 21.0799598, 40.0331752 ], [ 21.0826887, 40.0166712 ], [ 21.0680466, 39.9978277 ], [ 21.0552579, 39.9931319 ], [ 21.0416643, 40.0005928 ], [ 21.0354681, 40.0012921 ], [ 21.022882, 39.994201 ], [ 21.0436643, 39.9815403 ], [ 21.0500232, 39.9722515 ], [ 21.0464242, 39.9684737 ], [ 21.0753548, 39.9505436 ], [ 21.0836746, 39.9364239 ], [ 21.082611, 39.9247562 ], [ 21.0870587, 39.9151743 ], [ 21.0898614, 39.9091357 ], [ 21.0867665, 39.9018387 ], [ 21.0949468, 39.8941029 ], [ 21.0963204, 39.8795619 ], [ 21.1199135, 39.869983 ], [ 21.1290582, 39.865074199999988 ], [ 21.1376505, 39.8670188 ], [ 21.1470026, 39.8657892 ], [ 21.1489913, 39.8649616 ], [ 21.1633677, 39.8589785 ], [ 21.1792204, 39.877956499999989 ], [ 21.1820212, 39.8779336 ], [ 21.1988252, 39.8777964 ], [ 21.2162271, 39.8866011 ], [ 21.2318647, 39.8887623 ], [ 21.2501531, 39.8824136 ], [ 21.2568355, 39.8768829 ], [ 21.2637793, 39.878015 ], [ 21.2743132, 39.8764957 ], [ 21.2956, 39.857458 ], [ 21.3070217, 39.8604072 ], [ 21.3157195, 39.8677338 ], [ 21.3196503, 39.8681444 ], [ 21.3237883, 39.8459646 ], [ 21.3367974, 39.8318893 ], [ 21.3437974, 39.8312511 ], [ 21.358261, 39.8383529 ], [ 21.3652029, 39.839084199999988 ], [ 21.3777332, 39.8320562 ], [ 21.3857638, 39.833832699999988 ], [ 21.3909009, 39.8425114 ], [ 21.4033191, 39.8423525 ], [ 21.4194323, 39.850524 ], [ 21.4171374, 39.8587276 ], [ 21.4234139, 39.8710385 ], [ 21.4124656, 39.8723861 ], [ 21.4102628, 39.8751891 ], [ 21.4143291, 39.8805893 ], [ 21.4251779, 39.8872779 ], [ 21.4288793, 39.8943559 ], [ 21.4337409, 39.8951697 ], [ 21.4421069, 39.89276 ], [ 21.4545805, 39.8989175 ], [ 21.472846, 39.8998306 ], [ 21.4768814, 39.8985839 ], [ 21.4837696, 39.8906428 ], [ 21.4848718, 39.8893721 ], [ 21.4872254, 39.8907893 ], [ 21.4949674, 39.8954509 ], [ 21.5119526, 39.8942827 ], [ 21.5243279, 39.8996391 ], [ 21.542351, 39.892562 ], [ 21.5598298, 39.8869413 ], [ 21.5738291, 39.8878486 ], [ 21.5840879, 39.8927532 ], [ 21.604623, 39.8745713 ], [ 21.6219725, 39.868961 ], [ 21.6289789, 39.8692731 ], [ 21.637081, 39.8733101 ], [ 21.6468236, 39.8728755 ], [ 21.6525692, 39.8773669 ], [ 21.6576576, 39.865836 ], [ 21.6696182, 39.8624053 ], [ 21.6753443, 39.8560686 ], [ 21.6845908, 39.8547498 ], [ 21.6996729, 39.856939 ], [ 21.7186069, 39.8729134 ], [ 21.7246834, 39.8697625 ], [ 21.7384143, 39.8681975 ], [ 21.7423337, 39.862207 ], [ 21.7471499, 39.8548449 ], [ 21.7656601, 39.8556414 ], [ 21.7811847, 39.8511937 ], [ 21.7888331, 39.8461038 ], [ 21.8206522, 39.859368 ], [ 21.8320764, 39.8617757 ], [ 21.8733886, 39.8578763 ], [ 21.8881607, 39.8515164 ], [ 21.908012, 39.8512067 ], [ 21.9121661, 39.8467456 ], [ 21.917692, 39.8520485 ], [ 21.9141311, 39.879271 ], [ 21.9079855, 39.894628 ], [ 21.9013602, 39.9029094 ], [ 21.9094497, 39.9151743 ], [ 21.9092094, 39.9232189 ], [ 21.8904718, 39.9418428 ], [ 21.8715407, 39.9448751 ], [ 21.862072, 39.958756 ], [ 21.8744099, 39.9543379 ], [ 21.8864348, 39.9562526 ], [ 21.9034596, 39.9661592 ], [ 21.9100488, 39.9817771 ], [ 21.9154541, 39.9831272 ], [ 21.9305896, 39.9815769 ], [ 21.9419127, 39.9871635 ], [ 21.9577915, 40.0073539 ], [ 21.961884, 40.0287146 ], [ 21.9718031, 40.0343543 ], [ 21.9841086, 40.037615 ], [ 21.9956141, 40.0448178 ], [ 21.9937533, 40.059266 ], [ 22.0215818, 40.0633306 ], [ 22.023977, 40.0769689 ], [ 22.0609603, 40.105734 ], [ 22.0718785, 40.1111168 ], [ 22.0843254, 40.1312203 ], [ 22.0999514, 40.1428349 ], [ 22.100628, 40.1458515 ], [ 22.0877431, 40.1625028 ], [ 22.0929602, 40.1713475 ], [ 22.0968545, 40.1738056 ], [ 22.1028002, 40.1775585 ], [ 22.1067118, 40.1738056 ], [ 22.1097801, 40.1708616 ], [ 22.113889, 40.166919 ], [ 22.1227913, 40.1648352 ], [ 22.1227669, 40.1738056 ], [ 22.1227518, 40.179362 ], [ 22.1157035, 40.190249 ], [ 22.1043689, 40.1979525 ], [ 22.1074649, 40.2065102 ], [ 22.1688782, 40.2360751 ], [ 22.1811585, 40.2664233 ], [ 22.1817843, 40.2743818 ], [ 22.194602, 40.2863395 ], [ 22.1944501, 40.29329 ], [ 22.183821, 40.302277 ], [ 22.1605495, 40.3020738 ], [ 22.1515293, 40.3108598 ], [ 22.1322958, 40.3197056 ], [ 22.1273536, 40.3258339 ], [ 22.1274515, 40.331007 ], [ 22.1325635, 40.3411276 ], [ 22.1526134, 40.3521161 ], [ 22.1544111, 40.3563785 ], [ 22.1521724, 40.3591564 ], [ 22.1448128, 40.3605015 ], [ 22.1263647, 40.3578645 ], [ 22.1115178, 40.372454 ], [ 22.0995726, 40.3750874 ], [ 22.0947253, 40.3788175 ], [ 22.0927019, 40.3920685 ], [ 22.1014806, 40.4076344 ], [ 22.1045377, 40.4311847 ], [ 22.0895128, 40.432961 ], [ 22.0696634, 40.4416136 ], [ 22.0348471, 40.4359197 ], [ 22.0249502, 40.4365623 ], [ 22.0202335, 40.4425262 ], [ 22.0276943, 40.448107 ], [ 22.0133453, 40.4617882 ], [ 21.9978534, 40.4651116 ], [ 21.9879807, 40.4748969 ], [ 21.9841086, 40.4787344 ], [ 21.9740138, 40.4816102 ], [ 21.9617786, 40.480286 ], [ 21.9358717, 40.4844617 ], [ 21.928665, 40.488202 ], [ 21.9307161, 40.4970916 ], [ 21.92884, 40.502258 ], [ 21.9239956, 40.5184289 ], [ 21.8942072, 40.5476848 ], [ 21.8935196, 40.5569088 ], [ 21.9118462, 40.5681816 ], [ 21.9137573, 40.5752827 ], [ 21.8890918, 40.5920816 ], [ 21.8854704, 40.5971617 ], [ 21.8890128, 40.6094447 ], [ 21.8871184, 40.6192656 ] ] ] ] } },
{ "type": "Feature", "properties": { "LEVL_CODE": 3.0, "MOUNT_TYPE": 2.0, "CNTR_CODE": "EL", "SVRG_UN": "UN Member State", "NAME_ENGL": "Greece", "NAME_LATN": "Larisa", "NUTS_NAME": "Λάρισα", "URBN_TYPE": 2.0, "NUTS_ID": "EL612", "CAPT": "Athens", "COAST_TYPE": 1.0, "ISO3_CODE": "GRC", "NAME_FREN": "Grèce", "EU_STAT": "T", "NAME_GERM": "Griechenland", "EFTA_STAT": "F", "CC_STAT": "F", "geo": "EL612" }, "geometry": { "type": "MultiPolygon", "coordinates": [ [ [ [ 22.2045617, 40.1931236 ], [ 22.1823589, 40.1966586 ], [ 22.1461812, 40.1896492 ], [ 22.1157035, 40.190249 ], [ 22.1227518, 40.179362 ], [ 22.1227669, 40.1738056 ], [ 22.1227913, 40.1648352 ], [ 22.113889, 40.166919 ], [ 22.1097801, 40.1708616 ], [ 22.1067118, 40.1738056 ], [ 22.1028002, 40.1775585 ], [ 22.0968545, 40.1738056 ], [ 22.0929602, 40.1713475 ], [ 22.0877431, 40.1625028 ], [ 22.100628, 40.1458515 ], [ 22.0999514, 40.1428349 ], [ 22.0843254, 40.1312203 ], [ 22.0718785, 40.1111168 ], [ 22.0609603, 40.105734 ], [ 22.023977, 40.0769689 ], [ 22.0215818, 40.0633306 ], [ 21.9937533, 40.059266 ], [ 21.9956141, 40.0448178 ], [ 21.9841086, 40.037615 ], [ 21.9718031, 40.0343543 ], [ 21.961884, 40.0287146 ], [ 21.9577915, 40.0073539 ], [ 21.9419127, 39.9871635 ], [ 21.9305896, 39.9815769 ], [ 21.9154541, 39.9831272 ], [ 21.9100488, 39.9817771 ], [ 21.9034596, 39.9661592 ], [ 21.8864348, 39.9562526 ], [ 21.8744099, 39.9543379 ], [ 21.862072, 39.958756 ], [ 21.8715407, 39.9448751 ], [ 21.8904718, 39.9418428 ], [ 21.9092094, 39.9232189 ], [ 21.9094497, 39.9151743 ], [ 21.9013602, 39.9029094 ], [ 21.9079855, 39.894628 ], [ 21.9141311, 39.879271 ], [ 21.917692, 39.8520485 ], [ 21.9555672, 39.8496953 ], [ 21.9716062, 39.8461862 ], [ 21.9841086, 39.8465632 ], [ 21.9897983, 39.8454213 ], [ 21.9959948, 39.8392512 ], [ 22.007699, 39.8376441 ], [ 22.0263179, 39.8293152 ], [ 22.0209165, 39.826847 ], [ 21.9841086, 39.8287565 ], [ 21.9723758, 39.8307294 ], [ 21.9658486, 39.8291464 ], [ 21.9534044, 39.810748 ], [ 21.9439332, 39.8055918 ], [ 21.9379488, 39.7963276 ], [ 21.9287736, 39.7912142 ], [ 21.9219227, 39.7786399 ], [ 21.932476, 39.7697375 ], [ 21.9445042, 39.7575865 ], [ 21.9412588, 39.746831 ], [ 21.9467599, 39.7360493 ], [ 21.9526514, 39.7305589 ], [ 21.9574516, 39.7154652 ], [ 21.9619652, 39.7101218 ], [ 21.9740875, 39.702952599999989 ], [ 21.978014, 39.697323499999989 ], [ 21.9841086, 39.7074171 ], [ 21.9996336, 39.7170788 ], [ 22.0182522, 39.7330184 ], [ 22.0295473, 39.7326616 ], [ 22.0376157, 39.7258309 ], [ 22.0426611, 39.7133283 ], [ 22.0498492, 39.7044434 ], [ 22.0517048, 39.6931645 ], [ 22.0619191, 39.6730027 ], [ 22.0659307, 39.6685861 ], [ 22.0750862, 39.6651005 ], [ 22.0790509, 39.6523312 ], [ 22.0947239, 39.6525925 ], [ 22.1066509, 39.6614403 ], [ 22.1097801, 39.6621705 ], [ 22.1126948, 39.6628507 ], [ 22.1362735, 39.65767 ], [ 22.1448616, 39.6402405 ], [ 22.1454043, 39.6192241 ], [ 22.1531529, 39.6128991 ], [ 22.1634548, 39.6089413 ], [ 22.1816382, 39.6192241 ], [ 22.1952791, 39.6289374 ], [ 22.203857, 39.6293155 ], [ 22.2141706, 39.6241724 ], [ 22.2169331, 39.6142603 ], [ 22.2227676, 39.6091033 ], [ 22.2181847, 39.6057226 ], [ 22.2213479, 39.5961328 ], [ 22.2142018, 39.5917458 ], [ 22.2119253, 39.5854402 ], [ 22.1908182, 39.5782033 ], [ 22.1867222, 39.5626391 ], [ 22.177371, 39.551227 ], [ 22.175617, 39.5338402 ], [ 22.1900033, 39.5058838 ], [ 22.2014493, 39.503866 ], [ 22.2126575, 39.504807 ], [ 22.2370695, 39.518558 ], [ 22.2370165, 39.5013662 ], [ 22.2455141, 39.4811379 ], [ 22.2373471, 39.4676646 ], [ 22.2233296, 39.4584169 ], [ 22.2270821, 39.4522926 ], [ 22.2274967, 39.444958899999989 ], [ 22.2214266, 39.4257717 ], [ 22.2383887, 39.4216484 ], [ 22.2601785, 39.4215205 ], [ 22.2549048, 39.4100251 ], [ 22.2382607, 39.3995355 ], [ 22.2611806, 39.3861181 ], [ 22.2636015, 39.3772595 ], [ 22.2240135, 39.3659295 ], [ 22.2242009, 39.3577839 ], [ 22.2329088, 39.3474898 ], [ 22.2358213, 39.3388873 ], [ 22.2130531, 39.3335785 ], [ 22.212355, 39.3119055 ], [ 22.2215314, 39.3027985 ], [ 22.2253491, 39.291176 ], [ 22.2397344, 39.2841496 ], [ 22.2503281, 39.2732108 ], [ 22.2582015, 39.272195 ], [ 22.2665428, 39.2729297 ], [ 22.2771542, 39.2614479 ], [ 22.2886327, 39.2374499 ], [ 22.3773358, 39.2269143 ], [ 22.3919127, 39.2279159 ], [ 22.4057523, 39.2182604 ], [ 22.4045355, 39.2076542 ], [ 22.409507, 39.1985477 ], [ 22.4342043, 39.1910377 ], [ 22.4414523, 39.1859747 ], [ 22.4511693, 39.1678284 ], [ 22.4442487, 39.1476719 ], [ 22.4465154, 39.1403578 ], [ 22.4595346, 39.1358681 ], [ 22.4731271, 39.140684899999989 ], [ 22.4792075, 39.1428395 ], [ 22.4928715, 39.1320484 ], [ 22.5048995, 39.1305235 ], [ 22.5137675, 39.1321769 ], [ 22.5313647, 39.1455741 ], [ 22.5487338, 39.1464245 ], [ 22.5551933, 39.1618344 ], [ 22.5514072, 39.1741786 ], [ 22.5450602, 39.1833846 ], [ 22.5518037, 39.1899623 ], [ 22.5507933, 39.1935129 ], [ 22.5586904, 39.1952689 ], [ 22.5602527, 39.1978645 ], [ 22.5540161, 39.2112524 ], [ 22.5542598, 39.2164409 ], [ 22.538923, 39.2327481 ], [ 22.5420689, 39.2410604 ], [ 22.5382628, 39.2440894 ], [ 22.5375825, 39.2494028 ], [ 22.5308257, 39.2529669 ], [ 22.5314081, 39.256982199999989 ], [ 22.5612824, 39.269529 ], [ 22.5709135, 39.2687948 ], [ 22.5815192, 39.2679863 ], [ 22.5849549, 39.2677244 ], [ 22.5987084, 39.2666759 ], [ 22.6024499, 39.2782942 ], [ 22.6067604, 39.283177 ], [ 22.6230912, 39.2866755 ], [ 22.6273425, 39.2857605 ], [ 22.6456088, 39.2943255 ], [ 22.6531812, 39.3006918 ], [ 22.6561435, 39.3086226 ], [ 22.6535941, 39.3164752 ], [ 22.6554898, 39.3245093 ], [ 22.6516425, 39.3315654 ], [ 22.6645848, 39.3505574 ], [ 22.6664966, 39.352945 ], [ 22.6645848, 39.3544009 ], [ 22.6487254, 39.355845 ], [ 22.6250479, 39.362893 ], [ 22.6167772, 39.373992699999988 ], [ 22.6170853, 39.3807629 ], [ 22.6086814, 39.3900745 ], [ 22.605825, 39.3975645 ], [ 22.6111466, 39.4017943 ], [ 22.6419304, 39.4141983 ], [ 22.6644465, 39.4200036 ], [ 22.671806, 39.4163147 ], [ 22.6708066, 39.4055931 ], [ 22.6761827, 39.3962992 ], [ 22.6897519, 39.4123169 ], [ 22.7190979, 39.4220924 ], [ 22.7173843, 39.4355625 ], [ 22.7033973, 39.4498594 ], [ 22.7125092, 39.4587598 ], [ 22.7243434, 39.4788498 ], [ 22.7533811, 39.4927462 ], [ 22.7592094, 39.5095862 ], [ 22.7599307, 39.5242957 ], [ 22.7650452, 39.5248727 ], [ 22.7811855, 39.518885 ], [ 22.7993281, 39.5131103 ], [ 22.8031534, 39.5306385 ], [ 22.8220882, 39.5387255 ], [ 22.8364267, 39.5491175 ], [ 22.846536, 39.5648651 ], [ 22.8577834, 39.5712061 ], [ 22.8701958, 39.5782033 ], [ 22.8745301, 39.5806465 ], [ 22.8898736, 39.592116 ], [ 22.915911, 39.602936 ], [ 22.9072545, 39.6192241 ], [ 22.9037601, 39.6268992 ], [ 22.9039538, 39.6358607 ], [ 22.8997281, 39.639913299999989 ], [ 22.8945015, 39.6549629 ], [ 22.8899664, 39.6803666 ], [ 22.8689146, 39.7251277 ], [ 22.8594874, 39.7747043 ], [ 22.8577834, 39.7800018 ], [ 22.8513951, 39.799858 ], [ 22.8132144, 39.8165878 ], [ 22.8031614, 39.8269546 ], [ 22.795657, 39.8346922 ], [ 22.7822392, 39.8423629 ], [ 22.7695264, 39.854718 ], [ 22.7359185, 39.8699559 ], [ 22.7137588, 39.9100321 ], [ 22.7138158, 39.9151743 ], [ 22.7139535, 39.927612 ], [ 22.7179763, 39.9367169 ], [ 22.7087054, 39.9523535 ], [ 22.6645848, 39.9747564 ], [ 22.6645848, 39.9732582 ], [ 22.6700319, 39.9706003 ], [ 22.6783816, 39.9569515 ], [ 22.6695989, 39.9480248 ], [ 22.6645848, 39.9461077 ], [ 22.6603485, 39.9498619 ], [ 22.6542425, 39.9633131 ], [ 22.624303, 39.9717467 ], [ 22.6166873, 39.9696264 ], [ 22.6048221, 39.9584707 ], [ 22.5958484, 39.9549872 ], [ 22.5815192, 39.9527725 ], [ 22.572847, 39.9542935 ], [ 22.5709135, 39.9538444 ], [ 22.5627787, 39.9519549 ], [ 22.5473246, 39.9523084 ], [ 22.5311929, 39.9481237 ], [ 22.5148497, 39.9575477 ], [ 22.5072733, 39.9587663 ], [ 22.4991073, 39.968078 ], [ 22.4981221, 39.9876098 ], [ 22.4893198, 39.9943607 ], [ 22.4891025, 40.0007615 ], [ 22.4950295, 40.0071216 ], [ 22.4904863, 40.0118899 ], [ 22.4814106, 40.0121706 ], [ 22.4731271, 40.0148476 ], [ 22.4623126, 40.0183424 ], [ 22.4537211, 40.0251428 ], [ 22.4392683, 40.0310424 ], [ 22.4309235, 40.0400262 ], [ 22.4102396, 40.0358195 ], [ 22.3987488, 40.0483515 ], [ 22.3786467, 40.0401297 ], [ 22.3745977, 40.0491384 ], [ 22.3645418, 40.0531235 ], [ 22.3614678, 40.0648664 ], [ 22.3466393, 40.0690595 ], [ 22.3492422, 40.0805847 ], [ 22.3576331, 40.08492 ], [ 22.3583977, 40.0923931 ], [ 22.3647955, 40.099016 ], [ 22.3666652, 40.126348 ], [ 22.3716091, 40.135863 ], [ 22.3697291, 40.1397983 ], [ 22.3560635, 40.1391598 ], [ 22.3507226, 40.1308393 ], [ 22.3466398, 40.1307905 ], [ 22.3445532, 40.1418325 ], [ 22.3523815, 40.1501321 ], [ 22.353412, 40.1563575 ], [ 22.3406035, 40.167822199999989 ], [ 22.3331187, 40.1692999 ], [ 22.326618, 40.1738056 ], [ 22.3192453, 40.1807277 ], [ 22.3003955, 40.1744451 ], [ 22.2879138, 40.1738056 ], [ 22.2685505, 40.1593126 ], [ 22.2629832, 40.1402692 ], [ 22.246337, 40.1226264 ], [ 22.2418179, 40.1124529 ], [ 22.21582, 40.102322 ], [ 22.2165471, 40.1108464 ], [ 22.2065969, 40.1282244 ], [ 22.2093013, 40.147923 ], [ 22.2042185, 40.1504419 ], [ 22.1930056, 40.147929 ], [ 22.1907586, 40.1542685 ], [ 22.1930977, 40.1617065 ], [ 22.2009286, 40.169729 ], [ 22.2125094, 40.1738056 ], [ 22.220959, 40.1767799 ], [ 22.2107693, 40.1898279 ], [ 22.2045617, 40.1931236 ] ] ] ] } },
{ "type": "Feature", "properties": { "LEVL_CODE": 3.0, "MOUNT_TYPE": 2.0, "CNTR_CODE": "EL", "SVRG_UN": "UN Member State", "NAME_ENGL": "Greece", "NAME_LATN": "Zakynthos", "NUTS_NAME": "Ζάκυνθος", "URBN_TYPE": 3.0, "NUTS_ID": "EL621", "CAPT": "Athens", "COAST_TYPE": 1.0, "ISO3_CODE": "GRC", "NAME_FREN": "Grèce", "EU_STAT": "T", "NAME_GERM": "Griechenland", "EFTA_STAT": "F", "CC_STAT": "F", "geo": "EL621" }, "geometry": { "type": "MultiPolygon", "coordinates": [ [ [ [ 20.6213408, 37.8194206 ], [ 20.6311357, 37.8190149 ], [ 20.6322706, 37.8125681 ], [ 20.6489186, 37.800842599999989 ], [ 20.6518496, 37.7945628 ], [ 20.6765987, 37.788921 ], [ 20.6787589, 37.7835387 ], [ 20.6720521, 37.7759428 ], [ 20.675954, 37.7727782 ], [ 20.6759878, 37.7672271 ], [ 20.6947821, 37.7607837 ], [ 20.6924479, 37.7553351 ], [ 20.6946948, 37.7421694 ], [ 20.7121849, 37.7260655 ], [ 20.7295248, 37.7189722 ], [ 20.7354936, 37.7194119 ], [ 20.756828, 37.7082351 ], [ 20.7601255, 37.6990968 ], [ 20.7715418, 37.6854865 ], [ 20.7862302, 37.6746025 ], [ 20.8011887, 37.6694571 ], [ 20.8067479, 37.6542833 ], [ 20.8340286, 37.6455156 ], [ 20.8424981, 37.6474182 ], [ 20.8466104, 37.6518343 ], [ 20.8565222, 37.6556385 ], [ 20.8566198, 37.6671647 ], [ 20.8371591, 37.6846982 ], [ 20.8418566, 37.6971009 ], [ 20.8601462, 37.712514 ], [ 20.8631918, 37.7203554 ], [ 20.870027, 37.7255338 ], [ 20.8979158, 37.7350854 ], [ 20.9196861, 37.7356207 ], [ 20.9386409, 37.7242199 ], [ 20.9617311, 37.7186063 ], [ 20.9750451, 37.7091736 ], [ 20.9859163, 37.7060101 ], [ 20.9891374, 37.7025004 ], [ 20.9907599, 37.7028517 ], [ 20.9921964, 37.7149332 ], [ 20.9887565, 37.7205061 ], [ 20.9885473, 37.7287321 ], [ 20.9518832, 37.7443914 ], [ 20.939808, 37.7597606 ], [ 20.8996411, 37.7770474 ], [ 20.8979615, 37.7823208 ], [ 20.9024315, 37.8047081 ], [ 20.884331, 37.8146327 ], [ 20.8700628, 37.8175639 ], [ 20.8587825, 37.8251825 ], [ 20.8455746, 37.8272878 ], [ 20.8222237, 37.8377934 ], [ 20.8105054, 37.8392362 ], [ 20.79191, 37.8454646 ], [ 20.778633, 37.8410007 ], [ 20.7695731, 37.8422593 ], [ 20.7500687, 37.853207 ], [ 20.7396511, 37.8623099 ], [ 20.732369, 37.8788496 ], [ 20.7251718, 37.8805699 ], [ 20.7155077, 37.8919614 ], [ 20.7152172, 37.895119 ], [ 20.7062854, 37.9063882 ], [ 20.7089893, 37.9092032 ], [ 20.709615, 37.9222563 ], [ 20.7013031, 37.9324114 ], [ 20.68087, 37.9239618 ], [ 20.6522664, 37.9020513 ], [ 20.64762, 37.901625 ], [ 20.6420121, 37.8919614 ], [ 20.6299753, 37.8798533 ], [ 20.6285229, 37.8707286 ], [ 20.6245517, 37.8660707 ], [ 20.62255, 37.8587469 ], [ 20.6252788, 37.8547175 ], [ 20.6218138, 37.8489287 ], [ 20.6270956, 37.8431986 ], [ 20.6303599, 37.8327759 ], [ 20.6264985, 37.823623 ], [ 20.6204907, 37.8201647 ], [ 20.6213408, 37.8194206 ] ] ], [ [ [ 21.0027898, 37.2436297 ], [ 21.0088527, 37.2399415 ], [ 21.0103948, 37.2420178 ], [ 21.0169459, 37.2445074 ], [ 21.0220942, 37.2440207 ], [ 21.0209989, 37.248407 ], [ 21.0178733, 37.252018299999989 ], [ 21.0105127, 37.2498378 ], [ 21.0091897, 37.2480489 ], [ 21.0060449, 37.248108 ], [ 21.0013808, 37.246055 ], [ 21.0027898, 37.2436297 ] ] ], [ [ [ 20.8734581, 37.6815677 ], [ 20.8737113, 37.684922 ], [ 20.8678, 37.6882984 ], [ 20.8656322, 37.6853422 ], [ 20.8734581, 37.6815677 ] ] ], [ [ [ 20.9489639, 37.701514 ], [ 20.952071, 37.7035604 ], [ 20.9466527, 37.7058583 ], [ 20.9430379, 37.7042131 ], [ 20.9489639, 37.701514 ] ] ], [ [ [ 21.0024783, 37.2577214 ], [ 21.0048412, 37.2582742 ], [ 21.0049325, 37.2608147 ], [ 21.0003842, 37.2623343 ], [ 20.9989888, 37.2614148 ], [ 21.0024783, 37.2577214 ] ] ] ] } },
{ "type": "Feature", "properties": { "LEVL_CODE": 3.0, "MOUNT_TYPE": 3.0, "CNTR_CODE": "EL", "SVRG_UN": "UN Member State", "NAME_ENGL": "Greece", "NAME_LATN": "Florina", "NUTS_NAME": "Φλώρινα", "URBN_TYPE": 3.0, "NUTS_ID": "EL533", "CAPT": "Athens", "COAST_TYPE": 3.0, "ISO3_CODE": "GRC", "NAME_FREN": "Grèce", "EU_STAT": "T", "NAME_GERM": "Griechenland", "EFTA_STAT": "F", "CC_STAT": "F", "geo": "EL533" }, "geometry": { "type": "MultiPolygon", "coordinates": [ [ [ [ 21.7308931, 40.9308934 ], [ 21.7058396, 40.9434269 ], [ 21.693178, 40.9410135 ], [ 21.684487, 40.9402798 ], [ 21.6816964, 40.9343566 ], [ 21.6681709, 40.9220608 ], [ 21.6662984, 40.9169895 ], [ 21.6715132, 40.9066904 ], [ 21.6702743, 40.8992838 ], [ 21.6494641, 40.9011373 ], [ 21.634329, 40.8964125 ], [ 21.6296831, 40.8888849 ], [ 21.6205948, 40.887853 ], [ 21.6100378, 40.8792271 ], [ 21.6032415, 40.8791839 ], [ 21.5941366, 40.8670596 ], [ 21.582847, 40.8683215 ], [ 21.5670068, 40.8669831 ], [ 21.5638158, 40.8751823 ], [ 21.5510858, 40.8823734 ], [ 21.5313726, 40.9075083 ], [ 21.524977, 40.9096519 ], [ 21.502939, 40.9106075 ], [ 21.4897658, 40.9119684 ], [ 21.4644535, 40.9072785 ], [ 21.4396695, 40.916904 ], [ 21.4300585, 40.9172435 ], [ 21.4251845, 40.917416 ], [ 21.4172455, 40.9176965 ], [ 21.3883815, 40.8976825 ], [ 21.3629484, 40.8796043 ], [ 21.3439601, 40.8739835 ], [ 21.3009476, 40.8654609 ], [ 21.272619, 40.8649845 ], [ 21.2594735, 40.8595045 ], [ 21.2516814, 40.8624243 ], [ 21.2428265, 40.874186 ], [ 21.2076997, 40.8836621 ], [ 21.1948204, 40.8774332 ], [ 21.1820212, 40.8757048 ], [ 21.1768165, 40.875002 ], [ 21.1691858, 40.8666852 ], [ 21.1554185, 40.8578278 ], [ 21.1489913, 40.8572633 ], [ 21.119612, 40.854683 ], [ 21.0711025, 40.8550245 ], [ 20.9802045, 40.855665 ], [ 20.984515, 40.803044 ], [ 20.98475, 40.8010565 ], [ 20.983958, 40.7920641 ], [ 20.9788036, 40.7844465 ], [ 20.9602624, 40.7708719 ], [ 20.9731287, 40.7633646 ], [ 20.9834165, 40.7615688 ], [ 20.9859695, 40.7493855 ], [ 20.9838631, 40.7405301 ], [ 20.9886219, 40.7339236 ], [ 21.0091742, 40.7235166 ], [ 21.0283025, 40.7056561 ], [ 21.0567261, 40.6674961 ], [ 21.0523937, 40.6350955 ], [ 21.0560685, 40.6166955 ], [ 21.067527, 40.6046779 ], [ 21.1054556, 40.6094507 ], [ 21.1489913, 40.637317 ], [ 21.1566543, 40.6422208 ], [ 21.1820212, 40.6458555 ], [ 21.1877805, 40.6466807 ], [ 21.2072707, 40.6665304 ], [ 21.2140306, 40.6781367 ], [ 21.2196483, 40.7014275 ], [ 21.2257162, 40.7056561 ], [ 21.2358395, 40.7202883 ], [ 21.2458303, 40.7509898 ], [ 21.2609314, 40.7493017 ], [ 21.262948, 40.749157 ], [ 21.2714537, 40.7367508 ], [ 21.295041, 40.7227154 ], [ 21.2874723, 40.7126247 ], [ 21.2797685, 40.7074262 ], [ 21.2836702, 40.6985209 ], [ 21.2961608, 40.6875501 ], [ 21.3004662, 40.6856066 ], [ 21.3203593, 40.6847852 ], [ 21.3251281, 40.692582 ], [ 21.3250282, 40.7022427 ], [ 21.3275249, 40.7025239 ], [ 21.345341, 40.691933 ], [ 21.3593617, 40.6874076 ], [ 21.3663131, 40.6751323 ], [ 21.3842221, 40.6629857 ], [ 21.3875181, 40.6557861 ], [ 21.385061, 40.6498195 ], [ 21.3805544, 40.6392803 ], [ 21.3838287, 40.6265042 ], [ 21.3813922, 40.6066572 ], [ 21.3877217, 40.5971617 ], [ 21.38935, 40.5947189 ], [ 21.3929625, 40.5920382 ], [ 21.3996705, 40.5926577 ], [ 21.4091847, 40.5900758 ], [ 21.410027, 40.5971617 ], [ 21.4103732, 40.6000742 ], [ 21.4140837, 40.6051894 ], [ 21.4202245, 40.6062593 ], [ 21.4334839, 40.6026212 ], [ 21.4477867, 40.6032532 ], [ 21.4529049, 40.5971617 ], [ 21.4550055, 40.5946615 ], [ 21.4529416, 40.5852437 ], [ 21.4578945, 40.5762278 ], [ 21.4736319, 40.5661448 ], [ 21.4837696, 40.5667452 ], [ 21.4872254, 40.5669498 ], [ 21.4945935, 40.5673862 ], [ 21.4917244, 40.5613137 ], [ 21.4961557, 40.548733299999988 ], [ 21.4930742, 40.5379676 ], [ 21.4943658, 40.5270173 ], [ 21.4994993, 40.5226414 ], [ 21.5098085, 40.524998 ], [ 21.51749, 40.523837 ], [ 21.5289071, 40.530001 ], [ 21.536295, 40.5406477 ], [ 21.5328836, 40.554021299999988 ], [ 21.5524176, 40.5626659 ], [ 21.5615975, 40.5718539 ], [ 21.5875184, 40.5831137 ], [ 21.6254121, 40.5880056 ], [ 21.6406243, 40.5858718 ], [ 21.6418151, 40.5940067 ], [ 21.6448972, 40.5948468 ], [ 21.6549317, 40.5942586 ], [ 21.6639677, 40.5905605 ], [ 21.6731635, 40.5940413 ], [ 21.6843584, 40.5948988 ], [ 21.7049391, 40.5891154 ], [ 21.7161419, 40.5896234 ], [ 21.7203598, 40.5913867 ], [ 21.7205076, 40.5971617 ], [ 21.7205891, 40.6003483 ], [ 21.7240765, 40.6033243 ], [ 21.7360708, 40.5987264 ], [ 21.7454642, 40.6021289 ], [ 21.7671367, 40.6045017 ], [ 21.777549, 40.6088683 ], [ 21.7889312, 40.6207628 ], [ 21.7910249, 40.6300071 ], [ 21.7987462, 40.640598499999989 ], [ 21.789124, 40.6590229 ], [ 21.7980697, 40.6668862 ], [ 21.8030236, 40.6754286 ], [ 21.8038792, 40.6910544 ], [ 21.821787, 40.6966915 ], [ 21.8171144, 40.6990468 ], [ 21.8134796, 40.7056561 ], [ 21.815064, 40.7113255 ], [ 21.8110113, 40.7258697 ], [ 21.7800859, 40.7433993 ], [ 21.7936914, 40.7708719 ], [ 21.7944482, 40.7723996 ], [ 21.7902204, 40.7751651 ], [ 21.7730232, 40.778881 ], [ 21.7491752, 40.775331799999989 ], [ 21.7332499, 40.7849985 ], [ 21.7326118, 40.7872694 ], [ 21.7412988, 40.7955998 ], [ 21.7360438, 40.8055112 ], [ 21.7412895, 40.8120217 ], [ 21.7413584, 40.8186495 ], [ 21.711861, 40.8509675 ], [ 21.7047811, 40.8634513 ], [ 21.71392, 40.8697923 ], [ 21.7213103, 40.8706068 ], [ 21.7320455, 40.8672126 ], [ 21.7298532, 40.8584709 ], [ 21.7340767, 40.8551986 ], [ 21.7446481, 40.8632214 ], [ 21.7745215, 40.8683042 ], [ 21.8016259, 40.8793792 ], [ 21.8102361, 40.8887364 ], [ 21.8310115, 40.89907 ], [ 21.8268515, 40.9055377 ], [ 21.8068686, 40.9096653 ], [ 21.7972552, 40.9248108 ], [ 21.787378, 40.9311255 ], [ 21.7564451, 40.9256577 ], [ 21.7456018, 40.9305109 ], [ 21.7308931, 40.9308934 ] ] ] ] } },
{ "type": "Feature", "properties": { "LEVL_CODE": 3.0, "MOUNT_TYPE": 2.0, "CNTR_CODE": "EL", "SVRG_UN": "UN Member State", "NAME_ENGL": "Greece", "NAME_LATN": "Thessaloniki", "NUTS_NAME": "Θεσσαλονίκη", "URBN_TYPE": 1.0, "NUTS_ID": "EL522", "CAPT": "Athens", "COAST_TYPE": 1.0, "ISO3_CODE": "GRC", "NAME_FREN": "Grèce", "EU_STAT": "T", "NAME_GERM": "Griechenland", "EFTA_STAT": "F", "CC_STAT": "F", "geo": "EL522" }, "geometry": { "type": "MultiPolygon", "coordinates": [ [ [ [ 23.2612603, 40.9705571 ], [ 23.2608543, 40.9727538 ], [ 23.2564987, 40.9963148 ], [ 23.240374, 41.006035 ], [ 23.2375346, 41.0012921 ], [ 23.2269353, 40.9978118 ], [ 23.2209228, 40.9928478 ], [ 23.1831218, 40.9835431 ], [ 23.1712951, 40.9642211 ], [ 23.157502, 40.9551166 ], [ 23.1291726, 40.9550013 ], [ 23.126048, 40.9534984 ], [ 23.1237746, 40.9469524 ], [ 23.1112638, 40.9482709 ], [ 23.0989874, 40.9558906 ], [ 23.091812, 40.9680339 ], [ 23.0887876, 40.9688277 ], [ 23.0860173, 40.9579085 ], [ 23.0795845, 40.9542687 ], [ 23.060713, 40.9516711 ], [ 23.0400267, 40.9444092 ], [ 23.029624, 40.9444472 ], [ 23.0197207, 40.9389708 ], [ 23.0090926, 40.9377517 ], [ 23.0124545, 40.9300174 ], [ 23.0113553, 40.9190449 ], [ 23.015971, 40.9109998 ], [ 23.0118329, 40.9035414 ], [ 23.0150714, 40.9009627 ], [ 23.0117229, 40.8776537 ], [ 22.999798, 40.8705925 ], [ 22.9866464, 40.871488 ], [ 22.9794259, 40.8686739 ], [ 22.9672918, 40.854116 ], [ 22.9581779, 40.8532184 ], [ 22.9547875, 40.850611 ], [ 22.9566431, 40.8396465 ], [ 22.961832, 40.827431 ], [ 22.9549005, 40.8238573 ], [ 22.9335477, 40.8230549 ], [ 22.9388173, 40.8155899 ], [ 22.9373079, 40.8140297 ], [ 22.8985403, 40.8225732 ], [ 22.8891623, 40.820725 ], [ 22.8644556, 40.8218958 ], [ 22.8639521, 40.8171453 ], [ 22.8577834, 40.8115258 ], [ 22.8551556, 40.8091319 ], [ 22.8242639, 40.8220452 ], [ 22.8035855, 40.8232315 ], [ 22.7641589, 40.8211032 ], [ 22.7607857, 40.8159117 ], [ 22.7627251, 40.8029855 ], [ 22.7409011, 40.8020047 ], [ 22.7377948, 40.7917408 ], [ 22.718619, 40.7952583 ], [ 22.7027682, 40.7944793 ], [ 22.695091, 40.798478 ], [ 22.6930351, 40.8159117 ], [ 22.6840519, 40.8320239 ], [ 22.6855692, 40.8396465 ], [ 22.6884402, 40.851527 ], [ 22.6863095, 40.8599275 ], [ 22.6361347, 40.8596969 ], [ 22.6342528, 40.853695 ], [ 22.6400901, 40.8396465 ], [ 22.6428526, 40.8347717 ], [ 22.6436445, 40.8152653 ], [ 22.6148732, 40.8167684 ], [ 22.6059295, 40.8087993 ], [ 22.5969291, 40.8049803 ], [ 22.5858333, 40.8062937 ], [ 22.5815192, 40.8088264 ], [ 22.5769379, 40.8115159 ], [ 22.5709135, 40.8193181 ], [ 22.5694688, 40.821189 ], [ 22.5631548, 40.8293652 ], [ 22.5520331, 40.8358644 ], [ 22.5502209, 40.8396465 ], [ 22.5424116, 40.8435133 ], [ 22.5390527, 40.8424343 ], [ 22.5370423, 40.8396465 ], [ 22.5662981, 40.8076693 ], [ 22.5585099, 40.8034573 ], [ 22.5477467, 40.8103644 ], [ 22.5459645, 40.8089057 ], [ 22.5488727, 40.805316 ], [ 22.5424255, 40.801417099999988 ], [ 22.5192663, 40.8036455 ], [ 22.5115638, 40.807325 ], [ 22.5091136, 40.8156081 ], [ 22.5027943, 40.8165437 ], [ 22.4960164, 40.8094051 ], [ 22.4954653, 40.7988466 ], [ 22.5036264, 40.8014466 ], [ 22.5215331, 40.7919475 ], [ 22.5329921, 40.7892664 ], [ 22.5434565, 40.7708719 ], [ 22.5538042, 40.7526775 ], [ 22.5654536, 40.7476547 ], [ 22.5688172, 40.7390139 ], [ 22.561491, 40.726084 ], [ 22.5376448, 40.7327189 ], [ 22.5199307, 40.7313085 ], [ 22.5133141, 40.7279436 ], [ 22.5119159, 40.7202332 ], [ 22.491367, 40.7112675 ], [ 22.4904844, 40.6936289 ], [ 22.4976527, 40.6809178 ], [ 22.5486804, 40.6732921 ], [ 22.5709135, 40.6528591 ], [ 22.5787146, 40.6498461 ], [ 22.5815192, 40.6477491 ], [ 22.5937761, 40.6385837 ], [ 22.6013261, 40.6247641 ], [ 22.6109135, 40.6196135 ], [ 22.6209593, 40.6130682 ], [ 22.6249082, 40.5971617 ], [ 22.6289256, 40.5809751 ], [ 22.6358325, 40.5665413 ], [ 22.6435747, 40.5610194 ], [ 22.6645848, 40.5523295 ], [ 22.6704439, 40.5479615 ], [ 22.682419, 40.528965 ], [ 22.6906106, 40.527653799999989 ], [ 22.6916555, 40.5208811 ], [ 22.7021538, 40.5179764 ], [ 22.7086442, 40.5074488 ], [ 22.7155293, 40.5033466 ], [ 22.7225124, 40.5038428 ], [ 22.7273372, 40.511221 ], [ 22.7352378, 40.5101052 ], [ 22.7385643, 40.5211938 ], [ 22.7476073, 40.5216056 ], [ 22.7386943, 40.5340515 ], [ 22.7455884, 40.543627 ], [ 22.7428098, 40.5531253 ], [ 22.7443233, 40.5581807 ], [ 22.7738623, 40.5683294 ], [ 22.7975666, 40.5622173 ], [ 22.8081693, 40.5660235 ], [ 22.813257, 40.5720202 ], [ 22.8395864, 40.5827281 ], [ 22.8544753, 40.5937174 ], [ 22.8567915, 40.6107379 ], [ 22.8543909, 40.6137996 ], [ 22.8385512, 40.6169399 ], [ 22.8371146, 40.6217814 ], [ 22.8458806, 40.628736 ], [ 22.861277, 40.6276527 ], [ 22.8806445, 40.638974 ], [ 22.8912467, 40.6431829 ], [ 22.900213, 40.644058 ], [ 22.9067999, 40.6329416 ], [ 22.9119085, 40.6333815 ], [ 22.914517, 40.6379151 ], [ 22.9164928, 40.6365253 ], [ 22.9187751, 40.63492 ], [ 22.9329585, 40.6345883 ], [ 22.9461389, 40.6276893 ], [ 22.9514598, 40.6201897 ], [ 22.948176, 40.5930235 ], [ 22.9380375, 40.5868362 ], [ 22.9357271, 40.5787065 ], [ 22.9459249, 40.5754565 ], [ 22.9615272, 40.5625617 ], [ 22.9690225, 40.5602455 ], [ 22.9796712, 40.552535 ], [ 22.9791815, 40.541496 ], [ 22.960384, 40.5254979 ], [ 22.9469073, 40.5259318 ], [ 22.94638, 40.5227844 ], [ 22.9510235, 40.5206246 ], [ 22.9355755, 40.5131485 ], [ 22.9164928, 40.5072859 ], [ 22.9128459, 40.5061655 ], [ 22.8800424, 40.5013879 ], [ 22.8645198, 40.5011551 ], [ 22.8577834, 40.5032545 ], [ 22.8487739, 40.5060621 ], [ 22.8262165, 40.506668 ], [ 22.8169459, 40.501315399999989 ], [ 22.8146764, 40.4790118 ], [ 22.8215913, 40.4756071 ], [ 22.8464419, 40.4709434 ], [ 22.8560977, 40.4644424 ], [ 22.8577834, 40.461099 ], [ 22.8650965, 40.4465916 ], [ 22.8654022, 40.4331758 ], [ 22.8827294, 40.4251189 ], [ 22.8912306, 40.408023199999988 ], [ 22.897311, 40.4046795 ], [ 22.9020603, 40.3978441 ], [ 22.8909761, 40.3749127 ], [ 22.9164928, 40.3805767 ], [ 22.9187078, 40.3810684 ], [ 22.945522, 40.3803289 ], [ 22.9524231, 40.3778869 ], [ 22.9588312, 40.3715672 ], [ 22.9774004, 40.3694745 ], [ 22.9859762, 40.3663699 ], [ 22.9951437, 40.3561857 ], [ 23.004153, 40.3503365 ], [ 23.0099558, 40.3520809 ], [ 23.0258379, 40.3580272 ], [ 23.0334489, 40.352373 ], [ 23.0398489, 40.3534263 ], [ 23.0416655, 40.3617408 ], [ 23.0382735, 40.3704214 ], [ 23.0271345, 40.374534 ], [ 23.0295332, 40.3929642 ], [ 23.0472507, 40.3999343 ], [ 23.0526235, 40.4142163 ], [ 23.0610477, 40.4197133 ], [ 23.0601533, 40.4302588 ], [ 23.0789059, 40.4257056 ], [ 23.0722676, 40.4202579 ], [ 23.0885344, 40.3951003 ], [ 23.0884873, 40.3870897 ], [ 23.1053625, 40.3865895 ], [ 23.1120831, 40.3728331 ], [ 23.1188637, 40.3686384 ], [ 23.1255275, 40.3796624 ], [ 23.1490254, 40.4006933 ], [ 23.1583954, 40.415832 ], [ 23.176838, 40.4223845 ], [ 23.1633892, 40.4354816 ], [ 23.1580926, 40.4504008 ], [ 23.1597692, 40.4661179 ], [ 23.156928, 40.4742136 ], [ 23.1600068, 40.4793892 ], [ 23.1734753, 40.4761331 ], [ 23.1795945, 40.4769884 ], [ 23.1815281, 40.4806556 ], [ 23.1765927, 40.4890471 ], [ 23.1915952, 40.495737 ], [ 23.2205017, 40.498523 ], [ 23.2420529, 40.5034579 ], [ 23.2482545, 40.5024365 ], [ 23.251691, 40.502523 ], [ 23.2608543, 40.4979949 ], [ 23.2804571, 40.488307 ], [ 23.3025657, 40.4868379 ], [ 23.3164331, 40.4995863 ], [ 23.3116381, 40.5087346 ], [ 23.315417, 40.5188775 ], [ 23.3113417, 40.5243529 ], [ 23.3116453, 40.536815499999989 ], [ 23.319151, 40.5390277 ], [ 23.3362982, 40.538608 ], [ 23.3492472, 40.5438927 ], [ 23.3586455, 40.5409139 ], [ 23.3605945, 40.5302595 ], [ 23.3642966, 40.5307004 ], [ 23.3668381, 40.534565199999989 ], [ 23.3748055, 40.5385279 ], [ 23.3852449, 40.5341798 ], [ 23.3933144, 40.5367363 ], [ 23.3918847, 40.5418654 ], [ 23.4049315, 40.5547136 ], [ 23.4033576, 40.5663055 ], [ 23.4071776, 40.573124799999988 ], [ 23.405036, 40.5848293 ], [ 23.407792, 40.587035 ], [ 23.4669219, 40.5827341 ], [ 23.4735442, 40.5822524 ], [ 23.486229, 40.5844017 ], [ 23.4982346, 40.5712346 ], [ 23.50857, 40.5682205 ], [ 23.5432153, 40.5899042 ], [ 23.5453364, 40.598903 ], [ 23.5433377, 40.6050507 ], [ 23.5872601, 40.6030727 ], [ 23.605459, 40.5987643 ], [ 23.6136742, 40.5991088 ], [ 23.6234365, 40.6054614 ], [ 23.6372119, 40.6060658 ], [ 23.6421496, 40.6062825 ], [ 23.6480822, 40.6295947 ], [ 23.6559549, 40.6312996 ], [ 23.6614581, 40.6380545 ], [ 23.667917, 40.6412099 ], [ 23.6737697, 40.6407406 ], [ 23.6828314, 40.6289418 ], [ 23.6909869, 40.6290231 ], [ 23.7054369, 40.6343625 ], [ 23.7146876, 40.6359402 ], [ 23.7409068, 40.6268103 ], [ 23.7568645, 40.6345635 ], [ 23.7417595, 40.6557899 ], [ 23.7187705, 40.6632451 ], [ 23.7054369, 40.664619699999989 ], [ 23.6964265, 40.6675696 ], [ 23.693959, 40.6757003 ], [ 23.696242, 40.6909932 ], [ 23.7054369, 40.7111334 ], [ 23.7192123, 40.7322873 ], [ 23.7392672, 40.7556357 ], [ 23.744, 40.757974 ], [ 23.7650775, 40.7578925 ], [ 23.7556064, 40.7708719 ], [ 23.7539296, 40.7731695 ], [ 23.7479619, 40.7769377 ], [ 23.7350989, 40.7811207 ], [ 23.7054369, 40.7801845 ], [ 23.6918595, 40.7838515 ], [ 23.6852644, 40.7804329 ], [ 23.6731273, 40.78036 ], [ 23.6649845, 40.7739914 ], [ 23.6369877, 40.7820799 ], [ 23.6253144, 40.7878652 ], [ 23.585385, 40.7870319 ], [ 23.5762496, 40.7920945 ], [ 23.563052, 40.7921314 ], [ 23.5548705, 40.7972202 ], [ 23.5466718, 40.8075281 ], [ 23.5347427, 40.8110582 ], [ 23.5326682, 40.815557 ], [ 23.5343058, 40.8213319 ], [ 23.5294308, 40.830629 ], [ 23.5136317, 40.8396465 ], [ 23.4990441, 40.8433426 ], [ 23.4838197, 40.8421163 ], [ 23.48026, 40.8396465 ], [ 23.4779669, 40.8346615 ], [ 23.4730338, 40.8316536 ], [ 23.4669219, 40.830507 ], [ 23.4497844, 40.827292 ], [ 23.4438815, 40.828674 ], [ 23.4401469, 40.8312688 ], [ 23.4438644, 40.8396465 ], [ 23.4390894, 40.8487489 ], [ 23.4449271, 40.8580514 ], [ 23.4434484, 40.8608496 ], [ 23.4353819, 40.8620589 ], [ 23.4234053, 40.8570971 ], [ 23.4021926, 40.8574301 ], [ 23.3899762, 40.8526443 ], [ 23.3760844, 40.8530724 ], [ 23.3668381, 40.8606316 ], [ 23.3607993, 40.8741072 ], [ 23.3615554, 40.8861435 ], [ 23.3556701, 40.9122202 ], [ 23.3469466, 40.917489 ], [ 23.3346716, 40.9207631 ], [ 23.3349208, 40.9294234 ], [ 23.3311937, 40.9350582 ], [ 23.332578, 40.9422572 ], [ 23.3250939, 40.9395051 ], [ 23.3205338, 40.9469147 ], [ 23.3141309, 40.9489096 ], [ 23.3084945, 40.94717 ], [ 23.297968, 40.9526055 ], [ 23.2770665, 40.9462455 ], [ 23.2695123, 40.9612657 ], [ 23.2612603, 40.9705571 ] ] ], [ [ [ 22.7492629, 40.5397213 ], [ 22.7479365, 40.5364741 ], [ 22.7521125, 40.5350446 ], [ 22.7542235, 40.5369167 ], [ 22.7492629, 40.5397213 ] ] ], [ [ [ 22.7709435, 40.5617634 ], [ 22.7673206, 40.558453199999988 ], [ 22.7692359, 40.5568916 ], [ 22.7739759, 40.5594892 ], [ 22.7709435, 40.5617634 ] ] ] ] } },
{ "type": "Feature", "properties": { "LEVL_CODE": 3.0, "MOUNT_TYPE": 2.0, "CNTR_CODE": "EL", "SVRG_UN": "UN Member State", "NAME_ENGL": "Greece", "NAME_LATN": "Aitoloakarnania", "NUTS_NAME": "Αιτωλοακαρνανία", "URBN_TYPE": 3.0, "NUTS_ID": "EL631", "CAPT": "Athens", "COAST_TYPE": 1.0, "ISO3_CODE": "GRC", "NAME_FREN": "Grèce", "EU_STAT": "T", "NAME_GERM": "Griechenland", "EFTA_STAT": "F", "CC_STAT": "F", "geo": "EL631" }, "geometry": { "type": "MultiPolygon", "coordinates": [ [ [ [ 21.3971217, 39.1364715 ], [ 21.3945572, 39.1524185 ], [ 21.396378, 39.1647415 ], [ 21.3801401, 39.1674225 ], [ 21.3728945, 39.174614 ], [ 21.3543534, 39.1710246 ], [ 21.3362778, 39.1629098 ], [ 21.3246506, 39.1604874 ], [ 21.3248809, 39.1485102 ], [ 21.3224994, 39.1451918 ], [ 21.297511, 39.133684 ], [ 21.2910187, 39.1273523 ], [ 21.2722213, 39.1184049 ], [ 21.2637793, 39.1207679 ], [ 21.2323421, 39.1316223 ], [ 21.2224872, 39.1305778 ], [ 21.2109635, 39.1230992 ], [ 21.2082191, 39.1234326 ], [ 21.2023586, 39.1241444 ], [ 21.1961715, 39.1274163 ], [ 21.1905061, 39.1354995 ], [ 21.1834772, 39.1338153 ], [ 21.1820212, 39.1323097 ], [ 21.1761248, 39.1262122 ], [ 21.1591811, 39.1273714 ], [ 21.1489913, 39.1239112 ], [ 21.146933, 39.1232122 ], [ 21.127224, 39.1245515 ], [ 21.1193117, 39.1204758 ], [ 21.0957586, 39.1003996 ], [ 21.1073046, 39.0872135 ], [ 21.0884826, 39.0810274 ], [ 21.0973348, 39.0662736 ], [ 21.097548, 39.0609609 ], [ 21.1086085, 39.0461465 ], [ 21.1171212, 39.0406087 ], [ 21.1190093, 39.0342554 ], [ 21.1389009, 39.0142501 ], [ 21.1489913, 38.9981597 ], [ 21.1546251, 38.9891741 ], [ 21.1605202, 38.9868537 ], [ 21.1647939, 38.9767416 ], [ 21.1648408, 38.9752444 ], [ 21.1543714, 38.9780804 ], [ 21.1489913, 38.967715 ], [ 21.1480324, 38.9658674 ], [ 21.1411521, 38.9620189 ], [ 21.1428662, 38.9372507 ], [ 21.1413824, 38.9311863 ], [ 21.1395553, 38.9237176 ], [ 21.1455806, 38.9149691 ], [ 21.1489913, 38.9132686 ], [ 21.1658967, 38.903513 ], [ 21.1749857, 38.8769783 ], [ 21.1721477, 38.8666438 ], [ 21.164369, 38.8662903 ], [ 21.1489913, 38.8928307 ], [ 21.1462643, 38.8940385 ], [ 21.138809, 38.8922087 ], [ 21.1272839, 38.8981117 ], [ 21.1240615, 38.9039409 ], [ 21.1148909, 38.9042857 ], [ 21.1130245, 38.912484 ], [ 21.1053879, 38.9106639 ], [ 21.0975748, 38.912798 ], [ 21.0878656, 38.9014255 ], [ 21.091122, 38.8791206 ], [ 21.0888474, 38.8765488 ], [ 21.0794628, 38.8750758 ], [ 21.0826685, 38.867855 ], [ 21.0789657, 38.8656264 ], [ 21.0646391, 38.8771973 ], [ 21.0335757, 38.8918454 ], [ 21.0222471, 38.8971867 ], [ 21.0211614, 38.9030356 ], [ 21.0296715, 38.9130235 ], [ 21.0244327, 38.924586399999988 ], [ 21.0104861, 38.9257039 ], [ 20.9968885, 38.9224864 ], [ 20.9916471, 38.9311863 ], [ 20.9875603, 38.9379689 ], [ 20.9779895, 38.9439969 ], [ 20.9592314, 38.9388533 ], [ 20.9421026, 38.9341561 ], [ 20.9203307, 38.9451775 ], [ 20.9200312, 38.9369972 ], [ 20.911241, 38.9311863 ], [ 20.905019, 38.9230399 ], [ 20.8916645, 38.9215432 ], [ 20.8708039, 38.9311863 ], [ 20.8668558, 38.9331928 ], [ 20.8708527, 38.9373845 ], [ 20.8666115, 38.9434928 ], [ 20.8669996, 38.9510558 ], [ 20.863498, 38.9542923 ], [ 20.8595465, 38.950008 ], [ 20.858012, 38.9406645 ], [ 20.8478871, 38.9369454 ], [ 20.846799, 38.9311863 ], [ 20.8358541, 38.9218445 ], [ 20.8061939, 38.919367 ], [ 20.792444, 38.9219906 ], [ 20.7833938, 38.9311863 ], [ 20.7737788, 38.9482774 ], [ 20.7724198, 38.9506927 ], [ 20.7655061, 38.9555759 ], [ 20.759822, 38.933222199999989 ], [ 20.7570093, 38.9311863 ], [ 20.7523905, 38.927843 ], [ 20.7487653, 38.9252188 ], [ 20.7482078, 38.9195614 ], [ 20.7523905, 38.9103624 ], [ 20.7545906, 38.905523 ], [ 20.7638492, 38.8935788 ], [ 20.7737788, 38.8873848 ], [ 20.7817806, 38.877654 ], [ 20.7926445, 38.8745084 ], [ 20.7977199, 38.8693812 ], [ 20.7737788, 38.8629867 ], [ 20.759731, 38.8610279 ], [ 20.7523905, 38.8569755 ], [ 20.7469268, 38.8539591 ], [ 20.741935, 38.8562805 ], [ 20.7319569, 38.850216599999989 ], [ 20.7388313, 38.8363933 ], [ 20.7338314, 38.8287583 ], [ 20.7291538, 38.8123189 ], [ 20.7318111, 38.7958744 ], [ 20.7523905, 38.7858714 ], [ 20.7585486, 38.7773295 ], [ 20.7641844, 38.760776 ], [ 20.7755736, 38.7568482 ], [ 20.796791, 38.7654583 ], [ 20.8090384, 38.7643042 ], [ 20.8339627, 38.7873489 ], [ 20.8454459, 38.793131 ], [ 20.8710113, 38.7930858 ], [ 20.8775774, 38.7850082 ], [ 20.8802512, 38.7627642 ], [ 20.8931461, 38.7316785 ], [ 20.8948765, 38.7079165 ], [ 20.919158, 38.6717191 ], [ 20.92337, 38.671336 ], [ 20.9333883, 38.6764031 ], [ 20.9450914, 38.6675195 ], [ 20.9592314, 38.6710311 ], [ 20.9673335, 38.6730431 ], [ 20.9791564, 38.6720381 ], [ 20.9877304, 38.6682462 ], [ 20.9889189, 38.6572713 ], [ 20.9904194, 38.6434128 ], [ 21.0037853, 38.6316137 ], [ 21.0084952, 38.6206924 ], [ 21.0220411, 38.6057696 ], [ 21.0205953, 38.5726047 ], [ 21.0128181, 38.5471539 ], [ 21.0146007, 38.5389633 ], [ 21.0108777, 38.5332749 ], [ 21.0205375, 38.5256448 ], [ 21.0225288, 38.5180731 ], [ 21.02539, 38.5071926 ], [ 21.031031, 38.5022096 ], [ 21.0335757, 38.5045354 ], [ 21.0476721, 38.5066368 ], [ 21.0615008, 38.5180731 ], [ 21.0784261, 38.5320677 ], [ 21.086806, 38.5340249 ], [ 21.0937696, 38.531173 ], [ 21.0894165, 38.5180731 ], [ 21.086669, 38.5098038 ], [ 21.0856634, 38.4948079 ], [ 21.0957045, 38.4873086 ], [ 21.093108, 38.4853345 ], [ 21.0827564, 38.487705 ], [ 21.0791048, 38.4847804 ], [ 21.0880007, 38.4761176 ], [ 21.1011896, 38.4786648 ], [ 21.101166, 38.4736185 ], [ 21.0943122, 38.4688968 ], [ 21.0932027, 38.4652308 ], [ 21.1086425, 38.4514721 ], [ 21.110672, 38.4452745 ], [ 21.117564, 38.4319286 ], [ 21.1189442, 38.4221546 ], [ 21.1350646, 38.4182053 ], [ 21.1478731, 38.4120898 ], [ 21.1449627, 38.4108073 ], [ 21.130573, 38.4134213 ], [ 21.1231722, 38.4114433 ], [ 21.1227482, 38.4035033 ], [ 21.1275456, 38.3957897 ], [ 21.1248222, 38.386823 ], [ 21.1109076, 38.3736499 ], [ 21.1049619, 38.3742274 ], [ 21.099016, 38.378062 ], [ 21.0943247, 38.3692618 ], [ 21.1045883, 38.3608764 ], [ 21.1027589, 38.3405068 ], [ 21.1291041, 38.3345447 ], [ 21.1406901, 38.3105995 ], [ 21.1510333, 38.3030528 ], [ 21.1696625, 38.2999641 ], [ 21.1728104, 38.3003226 ], [ 21.2010039, 38.3035342 ], [ 21.2276074, 38.3005274 ], [ 21.2366988, 38.3015504 ], [ 21.2361763, 38.3052153 ], [ 21.2182792, 38.3131534 ], [ 21.2201376, 38.3210267 ], [ 21.2644355, 38.3411348 ], [ 21.2697011, 38.3384645 ], [ 21.2829226, 38.3391422 ], [ 21.2820012, 38.3420405 ], [ 21.2733522, 38.3467852 ], [ 21.2781935, 38.3595724 ], [ 21.2876372, 38.3638861 ], [ 21.30044, 38.3759138 ], [ 21.3144351, 38.3692818 ], [ 21.3193598, 38.3820725 ], [ 21.3355002, 38.3893868 ], [ 21.3405564, 38.414675 ], [ 21.3396618, 38.4267052 ], [ 21.3488111, 38.4368124 ], [ 21.3333539, 38.4536726 ], [ 21.3133919, 38.46707 ], [ 21.3062141, 38.4756158 ], [ 21.3068071, 38.4893319 ], [ 21.3179262, 38.4954351 ], [ 21.3240551, 38.4931971 ], [ 21.3383434, 38.4805921 ], [ 21.3586935, 38.4540993 ], [ 21.3632884, 38.4319591 ], [ 21.3627256, 38.4110016 ], [ 21.3725412, 38.3960475 ], [ 21.4104621, 38.3641949 ], [ 21.4164597, 38.3307534 ], [ 21.4311906, 38.3264012 ], [ 21.4381545, 38.3285425 ], [ 21.4200419, 38.33786 ], [ 21.4244332, 38.3608333 ], [ 21.439689, 38.3657799 ], [ 21.4622154, 38.3657113 ], [ 21.4690202, 38.3566397 ], [ 21.4815268, 38.3515917 ], [ 21.4789455, 38.3400025 ], [ 21.4854814, 38.3210507 ], [ 21.4835655, 38.3003492 ], [ 21.5079487, 38.2995563 ], [ 21.5191255, 38.304704 ], [ 21.5273831, 38.3129542 ], [ 21.5392505, 38.3144651 ], [ 21.5492659, 38.3221817 ], [ 21.5626178, 38.3235559 ], [ 21.5779703, 38.3286137 ], [ 21.5831675, 38.3389124 ], [ 21.5892514, 38.3438736 ], [ 21.5960037, 38.3442721 ], [ 21.605498, 38.3409065 ], [ 21.6172685, 38.3422494 ], [ 21.6268579, 38.3511392 ], [ 21.640054, 38.3567925 ], [ 21.6507715, 38.3515383 ], [ 21.6639402, 38.3522873 ], [ 21.6788103, 38.3461751 ], [ 21.7008672, 38.350208 ], [ 21.716907, 38.3460235 ], [ 21.7326454, 38.3354335 ], [ 21.7423337, 38.3335058 ], [ 21.7661106, 38.3287746 ], [ 21.7697784, 38.3323301 ], [ 21.7782649, 38.3604693 ], [ 21.7878928, 38.373687 ], [ 21.8040318, 38.3755219 ], [ 21.8323856, 38.3920415 ], [ 21.8474581, 38.3857475 ], [ 21.8517321, 38.3745351 ], [ 21.8801081, 38.4125386 ], [ 21.8800822, 38.4326079 ], [ 21.8854403, 38.4438086 ], [ 21.8823175, 38.465007 ], [ 21.8945451, 38.4730533 ], [ 21.9222666, 38.4810321 ], [ 21.9388947, 38.4916366 ], [ 21.9526531, 38.496133 ], [ 21.9679712, 38.4967114 ], [ 21.9837945, 38.505768 ], [ 21.999024, 38.509898799999988 ], [ 21.9962807, 38.5180731 ], [ 21.9918359, 38.5313156 ], [ 21.9944817, 38.5508241 ], [ 22.0022333, 38.5609205 ], [ 22.0043015, 38.571467 ], [ 22.0130027, 38.5867375 ], [ 21.9848581, 38.6010059 ], [ 21.9693223, 38.6028489 ], [ 21.9679594, 38.6076155 ], [ 21.9765686, 38.6187864 ], [ 22.0024806, 38.6264882 ], [ 21.9999795, 38.637053699999989 ], [ 21.9882565, 38.645898 ], [ 21.9881411, 38.6606738 ], [ 21.9835201, 38.6700558 ], [ 21.9969298, 38.6813441 ], [ 21.9848222, 38.6924063 ], [ 21.9934438, 38.6970807 ], [ 21.9939449, 38.711076 ], [ 22.0079099, 38.7197616 ], [ 22.0214275, 38.7231521 ], [ 22.0250163, 38.7269256 ], [ 22.0217144, 38.7405046 ], [ 21.9994255, 38.76861 ], [ 21.9959494, 38.7728148 ], [ 21.9904586, 38.7745508 ], [ 21.9841086, 38.7725458 ], [ 21.9705309, 38.7700982 ], [ 21.946002, 38.784002 ], [ 21.9427909, 38.7430342 ], [ 21.898604, 38.725152099999988 ], [ 21.8884246, 38.7278849 ], [ 21.8749659, 38.737516 ], [ 21.8573994, 38.7340668 ], [ 21.8418435, 38.7380886 ], [ 21.8311724, 38.7372318 ], [ 21.8275323, 38.7126948 ], [ 21.8193422, 38.6999572 ], [ 21.8191845, 38.694515 ], [ 21.8075736, 38.6848701 ], [ 21.8004549, 38.6857108 ], [ 21.782946, 38.6824885 ], [ 21.7754817, 38.6766827 ], [ 21.7702031, 38.6756105 ], [ 21.7679488, 38.6826369 ], [ 21.7724446, 38.6902305 ], [ 21.7691625, 38.6982592 ], [ 21.7726841, 38.7045002 ], [ 21.76208, 38.7139911 ], [ 21.7423337, 38.708786 ], [ 21.7302522, 38.7056011 ], [ 21.690935, 38.702452099999988 ], [ 21.6863677, 38.703498499999988 ], [ 21.682889, 38.7097967 ], [ 21.6681368, 38.7154886 ], [ 21.6427957, 38.7144172 ], [ 21.6268579, 38.7201589 ], [ 21.624319, 38.720506 ], [ 21.607759, 38.7256804 ], [ 21.5937406, 38.7264342 ], [ 21.5709385, 38.7376714 ], [ 21.5686743, 38.7427607 ], [ 21.5706749, 38.7501351 ], [ 21.5618748, 38.7671167 ], [ 21.5622291, 38.7841501 ], [ 21.5530917, 38.7932182 ], [ 21.5494886, 38.801752 ], [ 21.5599572, 38.8066361 ], [ 21.5699065, 38.8178864 ], [ 21.5706945, 38.8223043 ], [ 21.5660101, 38.832415 ], [ 21.5743182, 38.8476922 ], [ 21.6182602, 38.8503277 ], [ 21.6210472, 38.842856 ], [ 21.6268579, 38.8494122 ], [ 21.6330339, 38.8572421 ], [ 21.6373277, 38.8687785 ], [ 21.6317475, 38.8749195 ], [ 21.6268579, 38.8739292 ], [ 21.6213367, 38.8730858 ], [ 21.6087087, 38.8824551 ], [ 21.5904674, 38.8830127 ], [ 21.5762537, 38.888322 ], [ 21.5630548, 38.8852741 ], [ 21.5524476, 38.8905313 ], [ 21.5385048, 38.8886001 ], [ 21.509896, 38.889554 ], [ 21.5075438, 38.895659 ], [ 21.4975459, 38.9010875 ], [ 21.501295, 38.9075377 ], [ 21.4986399, 38.9137373 ], [ 21.5002778, 38.919776399999989 ], [ 21.4945371, 38.9311863 ], [ 21.4933671, 38.9335113 ], [ 21.502523, 38.9502715 ], [ 21.5023297, 38.9558691 ], [ 21.511043, 38.9640924 ], [ 21.5096658, 38.9676224 ], [ 21.5026214, 38.9715614 ], [ 21.4893045, 38.9719155 ], [ 21.4872254, 38.973203 ], [ 21.4837696, 38.9753154 ], [ 21.4665701, 38.9858279 ], [ 21.4522522, 38.9851888 ], [ 21.4335542, 38.9912886 ], [ 21.4131862, 39.0073188 ], [ 21.4001149, 39.0123755 ], [ 21.3911334, 39.0092895 ], [ 21.3811213, 39.0133754 ], [ 21.3754439, 39.0185033 ], [ 21.3773672, 39.0315621 ], [ 21.3907884, 39.0426692 ], [ 21.3949227, 39.0491394 ], [ 21.4166316, 39.0536977 ], [ 21.4125006, 39.0601319 ], [ 21.4145006, 39.0748328 ], [ 21.4217415, 39.0817933 ], [ 21.4345245, 39.1034711 ], [ 21.4328972, 39.1068741 ], [ 21.4209717, 39.1107622 ], [ 21.4095331, 39.1195662 ], [ 21.3971217, 39.1364715 ] ] ], [ [ [ 21.3109543, 38.3066742 ], [ 21.3016937, 38.307949 ], [ 21.30016, 38.3093828 ], [ 21.2968103, 38.3087997 ], [ 21.3058781, 38.3019092 ], [ 21.311565, 38.3053276 ], [ 21.3109543, 38.3066742 ] ] ], [ [ [ 21.2504216, 38.3242261 ], [ 21.2488266, 38.3230204 ], [ 21.2443383, 38.3240129 ], [ 21.2451082, 38.319749 ], [ 21.2484338, 38.3215752 ], [ 21.2593822, 38.3212771 ], [ 21.2604008, 38.3235793 ], [ 21.2504216, 38.3242261 ] ] ], [ [ [ 21.2620517, 38.3181663 ], [ 21.2583335, 38.31595 ], [ 21.2633949, 38.3132654 ], [ 21.2596237, 38.3107232 ], [ 21.2637728, 38.3091628 ], [ 21.2667313, 38.312559 ], [ 21.2620517, 38.3181663 ] ] ], [ [ [ 20.7239483, 38.8451728 ], [ 20.7185188, 38.8455576 ], [ 20.7181165, 38.8443531 ], [ 20.7204952, 38.8426839 ], [ 20.7261644, 38.8425388 ], [ 20.728537, 38.8439553 ], [ 20.7274915, 38.8459612 ], [ 20.7239483, 38.8451728 ] ] ], [ [ [ 21.5042165, 38.293559 ], [ 21.4977596, 38.2957055 ], [ 21.4956871, 38.2947198 ], [ 21.4989482, 38.2910303 ], [ 21.5025147, 38.291101 ], [ 21.5042165, 38.293559 ] ] ], [ [ [ 21.2954337, 38.3279102 ], [ 21.2972393, 38.3295094 ], [ 21.2958869, 38.3317059 ], [ 21.2937089, 38.3312201 ], [ 21.2929885, 38.3274772 ], [ 21.294602, 38.3244322 ], [ 21.2974666, 38.3258403 ], [ 21.2954337, 38.3279102 ] ] ], [ [ [ 21.3544634, 38.4131518 ], [ 21.3514584, 38.4121757 ], [ 21.3544634, 38.409793 ], [ 21.3575973, 38.4092868 ], [ 21.3594171, 38.4117711 ], [ 21.3544634, 38.4131518 ] ] ], [ [ [ 21.3434109, 38.3273293 ], [ 21.340051, 38.3256182 ], [ 21.3481465, 38.3235192 ], [ 21.3483577, 38.326399599999988 ], [ 21.3434109, 38.3273293 ] ] ], [ [ [ 21.2622504, 38.3326999 ], [ 21.25618, 38.3290529 ], [ 21.258712, 38.3278286 ], [ 21.2639203, 38.3302831 ], [ 21.2622504, 38.3326999 ] ] ], [ [ [ 21.2316028, 38.3151176 ], [ 21.227078, 38.3130773 ], [ 21.2308506, 38.311218 ], [ 21.2350964, 38.3125588 ], [ 21.2316028, 38.3151176 ] ] ], [ [ [ 21.2225194, 38.3196956 ], [ 21.2241626, 38.3159962 ], [ 21.2278135, 38.3154055 ], [ 21.2261836, 38.320338 ], [ 21.2225194, 38.3196956 ] ] ], [ [ [ 21.2799689, 38.3334121 ], [ 21.2761384, 38.334001799999989 ], [ 21.2749084, 38.3317235 ], [ 21.2780967, 38.3296213 ], [ 21.2801109, 38.3304004 ], [ 21.2799689, 38.3334121 ] ] ], [ [ [ 21.2943403, 38.3470438 ], [ 21.2927474, 38.3436657 ], [ 21.2968087, 38.3424766 ], [ 21.2980955, 38.3465903 ], [ 21.2943403, 38.3470438 ] ] ], [ [ [ 21.351182, 38.4188636 ], [ 21.3485987, 38.4158947 ], [ 21.3540937, 38.414722 ], [ 21.3550146, 38.4176261 ], [ 21.351182, 38.4188636 ] ] ], [ [ [ 21.1128799, 38.4210281 ], [ 21.110204, 38.4218238 ], [ 21.1062914, 38.4196032 ], [ 21.1077129, 38.4182925 ], [ 21.1125045, 38.4185272 ], [ 21.1128799, 38.4210281 ] ] ], [ [ [ 20.8712067, 38.967018 ], [ 20.8698271, 38.9664743 ], [ 20.8705325, 38.962235 ], [ 20.8726436, 38.9634156 ], [ 20.8749708, 38.9631162 ], [ 20.8754612, 38.9647028 ], [ 20.8712067, 38.967018 ] ] ] ] } },
{ "type": "Feature", "properties": { "LEVL_CODE": 3.0, "MOUNT_TYPE": 2.0, "CNTR_CODE": "EL", "SVRG_UN": "UN Member State", "NAME_ENGL": "Greece", "NAME_LATN": "Karditsa, Trikala", "NUTS_NAME": "Καρδίτσα, Τρίκαλα", "URBN_TYPE": 3.0, "NUTS_ID": "EL611", "CAPT": "Athens", "COAST_TYPE": 3.0, "ISO3_CODE": "GRC", "NAME_FREN": "Grèce", "EU_STAT": "T", "NAME_GERM": "Griechenland", "EFTA_STAT": "F", "CC_STAT": "F", "geo": "EL611" }, "geometry": { "type": "MultiPolygon", "coordinates": [ [ [ [ 21.472846, 39.8998306 ], [ 21.4545805, 39.8989175 ], [ 21.4421069, 39.89276 ], [ 21.4337409, 39.8951697 ], [ 21.4288793, 39.8943559 ], [ 21.4251779, 39.8872779 ], [ 21.4143291, 39.8805893 ], [ 21.4102628, 39.8751891 ], [ 21.4124656, 39.8723861 ], [ 21.4234139, 39.8710385 ], [ 21.4171374, 39.8587276 ], [ 21.4194323, 39.850524 ], [ 21.4033191, 39.8423525 ], [ 21.3909009, 39.8425114 ], [ 21.3857638, 39.833832699999988 ], [ 21.3777332, 39.8320562 ], [ 21.3652029, 39.839084199999988 ], [ 21.358261, 39.8383529 ], [ 21.3437974, 39.8312511 ], [ 21.3367974, 39.8318893 ], [ 21.3237883, 39.8459646 ], [ 21.3196503, 39.8681444 ], [ 21.3157195, 39.8677338 ], [ 21.3070217, 39.8604072 ], [ 21.2956, 39.857458 ], [ 21.2907724, 39.8538269 ], [ 21.2758064, 39.8557887 ], [ 21.2636456, 39.8528417 ], [ 21.2634354, 39.834238 ], [ 21.2587875, 39.8243435 ], [ 21.2490877, 39.8146457 ], [ 21.2499313, 39.807168 ], [ 21.2390373, 39.8052781 ], [ 21.2299241, 39.807224 ], [ 21.2266901, 39.803535599999989 ], [ 21.2263081, 39.7709989 ], [ 21.2331334, 39.7540337 ], [ 21.2268806, 39.7332823 ], [ 21.2360991, 39.7317561 ], [ 21.2457027, 39.7244194 ], [ 21.2483577, 39.7128186 ], [ 21.2533741, 39.7069266 ], [ 21.2501851, 39.698936 ], [ 21.2439809, 39.6956618 ], [ 21.2377611, 39.696049 ], [ 21.2311446, 39.6998035 ], [ 21.2262, 39.7067931 ], [ 21.211442, 39.7097963 ], [ 21.2007126, 39.7159882 ], [ 21.1841483, 39.7121758 ], [ 21.1820212, 39.7127203 ], [ 21.1678359, 39.7163512 ], [ 21.1623019, 39.7127988 ], [ 21.1579531, 39.7010639 ], [ 21.1489913, 39.698108399999988 ], [ 21.1453471, 39.6969066 ], [ 21.1392931, 39.6872758 ], [ 21.1235095, 39.683888 ], [ 21.1208254, 39.6779694 ], [ 21.1236771, 39.6691729 ], [ 21.1540098, 39.6467435 ], [ 21.1501172, 39.6304542 ], [ 21.1532098, 39.6189471 ], [ 21.1586066, 39.6166323 ], [ 21.1782263, 39.6158076 ], [ 21.1820212, 39.6134318 ], [ 21.193499, 39.5782033 ], [ 21.1950828, 39.573341 ], [ 21.1950887, 39.5546289 ], [ 21.197914, 39.5442485 ], [ 21.2020912, 39.5332565 ], [ 21.2022678, 39.5220947 ], [ 21.1881846, 39.5138931 ], [ 21.1820212, 39.5018903 ], [ 21.1816095, 39.5010885 ], [ 21.1820212, 39.5004499 ], [ 21.1833824, 39.4983385 ], [ 21.1957468, 39.4959168 ], [ 21.2082191, 39.4972145 ], [ 21.2150823, 39.4979286 ], [ 21.2141078, 39.4804182 ], [ 21.2082191, 39.4786644 ], [ 21.2037634, 39.4773374 ], [ 21.1949417, 39.47471 ], [ 21.2001398, 39.4642737 ], [ 21.2082191, 39.4563364 ], [ 21.2292266, 39.4356939 ], [ 21.2423733, 39.4312188 ], [ 21.2549751, 39.4216811 ], [ 21.2637793, 39.419423 ], [ 21.2715211, 39.4087456 ], [ 21.273261, 39.3988427 ], [ 21.2767971, 39.3942619 ], [ 21.2730641, 39.3812904 ], [ 21.2722396, 39.3784251 ], [ 21.2879456, 39.3688809 ], [ 21.2937344, 39.3680875 ], [ 21.2958741, 39.3636919 ], [ 21.3137632, 39.3569819 ], [ 21.3181885, 39.3596092 ], [ 21.3265626, 39.3568548 ], [ 21.3722816, 39.3584294 ], [ 21.381054, 39.356567 ], [ 21.3898344, 39.3538873 ], [ 21.3916927, 39.3484675 ], [ 21.3969044, 39.3451748 ], [ 21.3968345, 39.3371147 ], [ 21.4017184, 39.3297919 ], [ 21.406171, 39.328734 ], [ 21.4092535, 39.3276181 ], [ 21.4146459, 39.3174482 ], [ 21.4119255, 39.3065388 ], [ 21.4133316, 39.3012848 ], [ 21.4281309, 39.2953642 ], [ 21.4253047, 39.2823816 ], [ 21.4136611, 39.2647377 ], [ 21.3994864, 39.2550797 ], [ 21.3938963, 39.2474068 ], [ 21.3824716, 39.2448284 ], [ 21.3780173, 39.2387941 ], [ 21.3683747, 39.2347372 ], [ 21.364951, 39.2253415 ], [ 21.3543543, 39.217416299999989 ], [ 21.3499402, 39.2099297 ], [ 21.3545355, 39.1907018 ], [ 21.3619386, 39.1869184 ], [ 21.364468, 39.1814507 ], [ 21.3713655, 39.179217199999989 ], [ 21.3728945, 39.174614 ], [ 21.3801401, 39.1674225 ], [ 21.396378, 39.1647415 ], [ 21.446213, 39.188856099999988 ], [ 21.4483148, 39.1933682 ], [ 21.4450592, 39.200057 ], [ 21.4458583, 39.2048929 ], [ 21.4608654, 39.2027924 ], [ 21.4679021, 39.2123622 ], [ 21.4837696, 39.2188896 ], [ 21.4872254, 39.2203111 ], [ 21.4936596, 39.2229577 ], [ 21.5069008, 39.2350682 ], [ 21.5392399, 39.2168788 ], [ 21.5502303, 39.2166951 ], [ 21.559193, 39.2188834 ], [ 21.5670498, 39.2329865 ], [ 21.5804576, 39.2413373 ], [ 21.6095381, 39.242359 ], [ 21.6268579, 39.2538412 ], [ 21.6285335, 39.2545905 ], [ 21.6352332, 39.2554958 ], [ 21.6417363, 39.2475683 ], [ 21.6472263, 39.2453682 ], [ 21.665323, 39.2494836 ], [ 21.6728108, 39.248252099999988 ], [ 21.6860515, 39.2505058 ], [ 21.6919101, 39.2341722 ], [ 21.6949537, 39.2317068 ], [ 21.7020919, 39.2310711 ], [ 21.704927, 39.2269015 ], [ 21.6924543, 39.221951 ], [ 21.6890511, 39.2168793 ], [ 21.6892704, 39.2090863 ], [ 21.6959045, 39.1987829 ], [ 21.6993312, 39.184340299999988 ], [ 21.7054554, 39.1814845 ], [ 21.7298686, 39.1821965 ], [ 21.7417491, 39.1774736 ], [ 21.7340833, 39.1670069 ], [ 21.7328365, 39.1538125 ], [ 21.7239415, 39.1481499 ], [ 21.73013, 39.1252255 ], [ 21.7287004, 39.1178897 ], [ 21.7338955, 39.114164099999989 ], [ 21.7640724, 39.1131573 ], [ 21.770403, 39.1021805 ], [ 21.7980001, 39.1162432 ], [ 21.8098625, 39.1190024 ], [ 21.8173805, 39.1270208 ], [ 21.8132635, 39.1370105 ], [ 21.8253256, 39.1419257 ], [ 21.8305208, 39.1500327 ], [ 21.8363823, 39.1538745 ], [ 21.8576033, 39.1515904 ], [ 21.8639808, 39.1408214 ], [ 21.8719282, 39.1342713 ], [ 21.8740025, 39.1237831 ], [ 21.8959842, 39.1221588 ], [ 21.900007, 39.1167942 ], [ 21.9009597, 39.1079776 ], [ 21.9070565, 39.1068955 ], [ 21.9301161, 39.1010977 ], [ 21.9342151, 39.0904689 ], [ 21.9401442, 39.0838152 ], [ 21.93851, 39.0650815 ], [ 21.944658, 39.0364503 ], [ 21.9510766, 39.0263263 ], [ 21.9841086, 39.0340491 ], [ 21.991282, 39.0369114 ], [ 22.0078551, 39.0300165 ], [ 22.0209643, 39.0445251 ], [ 22.0300906, 39.0430688 ], [ 22.0609412, 39.0520955 ], [ 22.0514985, 39.0583583 ], [ 22.0451382, 39.0683435 ], [ 22.0432259, 39.0815164 ], [ 22.0446322, 39.0833308 ], [ 22.0513297, 39.08226 ], [ 22.066139, 39.0861305 ], [ 22.0784345, 39.1073576 ], [ 22.093379, 39.092137 ], [ 22.1053826, 39.0987546 ], [ 22.1097801, 39.0989269 ], [ 22.1181321, 39.099254 ], [ 22.1354348, 39.1134509 ], [ 22.166126, 39.1250934 ], [ 22.1499361, 39.1511139 ], [ 22.1511571, 39.1589753 ], [ 22.1554902, 39.162351 ], [ 22.1657888, 39.1631014 ], [ 22.1705691, 39.1684526 ], [ 22.1825473, 39.1735771 ], [ 22.1867186, 39.1884775 ], [ 22.1987635, 39.1993301 ], [ 22.2083591, 39.2025815 ], [ 22.2317219, 39.2391489 ], [ 22.2465726, 39.2476334 ], [ 22.2479134, 39.2552092 ], [ 22.2531219, 39.2571384 ], [ 22.2529752, 39.2625842 ], [ 22.2582015, 39.272195 ], [ 22.2503281, 39.2732108 ], [ 22.2397344, 39.2841496 ], [ 22.2253491, 39.291176 ], [ 22.2215314, 39.3027985 ], [ 22.212355, 39.3119055 ], [ 22.2130531, 39.3335785 ], [ 22.2358213, 39.3388873 ], [ 22.2329088, 39.3474898 ], [ 22.2242009, 39.3577839 ], [ 22.2240135, 39.3659295 ], [ 22.2636015, 39.3772595 ], [ 22.2611806, 39.3861181 ], [ 22.2382607, 39.3995355 ], [ 22.2549048, 39.4100251 ], [ 22.2601785, 39.4215205 ], [ 22.2383887, 39.4216484 ], [ 22.2214266, 39.4257717 ], [ 22.2274967, 39.444958899999989 ], [ 22.2270821, 39.4522926 ], [ 22.2233296, 39.4584169 ], [ 22.2373471, 39.4676646 ], [ 22.2455141, 39.4811379 ], [ 22.2370165, 39.5013662 ], [ 22.2370695, 39.518558 ], [ 22.2126575, 39.504807 ], [ 22.2014493, 39.503866 ], [ 22.1900033, 39.5058838 ], [ 22.175617, 39.5338402 ], [ 22.177371, 39.551227 ], [ 22.1867222, 39.5626391 ], [ 22.1908182, 39.5782033 ], [ 22.2119253, 39.5854402 ], [ 22.2142018, 39.5917458 ], [ 22.2213479, 39.5961328 ], [ 22.2181847, 39.6057226 ], [ 22.2227676, 39.6091033 ], [ 22.2169331, 39.6142603 ], [ 22.2141706, 39.6241724 ], [ 22.203857, 39.6293155 ], [ 22.1952791, 39.6289374 ], [ 22.1816382, 39.6192241 ], [ 22.1634548, 39.6089413 ], [ 22.1531529, 39.6128991 ], [ 22.1454043, 39.6192241 ], [ 22.1448616, 39.6402405 ], [ 22.1362735, 39.65767 ], [ 22.1126948, 39.6628507 ], [ 22.1097801, 39.6621705 ], [ 22.1066509, 39.6614403 ], [ 22.0947239, 39.6525925 ], [ 22.0790509, 39.6523312 ], [ 22.0750862, 39.6651005 ], [ 22.0659307, 39.6685861 ], [ 22.0619191, 39.6730027 ], [ 22.0517048, 39.6931645 ], [ 22.0498492, 39.7044434 ], [ 22.0426611, 39.7133283 ], [ 22.0376157, 39.7258309 ], [ 22.0295473, 39.7326616 ], [ 22.0182522, 39.7330184 ], [ 21.9996336, 39.7170788 ], [ 21.9841086, 39.7074171 ], [ 21.978014, 39.697323499999989 ], [ 21.9740875, 39.702952599999989 ], [ 21.9619652, 39.7101218 ], [ 21.9574516, 39.7154652 ], [ 21.9526514, 39.7305589 ], [ 21.9467599, 39.7360493 ], [ 21.9412588, 39.746831 ], [ 21.9445042, 39.7575865 ], [ 21.932476, 39.7697375 ], [ 21.9219227, 39.7786399 ], [ 21.9287736, 39.7912142 ], [ 21.9379488, 39.7963276 ], [ 21.9439332, 39.8055918 ], [ 21.9534044, 39.810748 ], [ 21.9658486, 39.8291464 ], [ 21.9723758, 39.8307294 ], [ 21.9841086, 39.8287565 ], [ 22.0209165, 39.826847 ], [ 22.0263179, 39.8293152 ], [ 22.007699, 39.8376441 ], [ 21.9959948, 39.8392512 ], [ 21.9897983, 39.8454213 ], [ 21.9841086, 39.8465632 ], [ 21.9716062, 39.8461862 ], [ 21.9555672, 39.8496953 ], [ 21.917692, 39.8520485 ], [ 21.9121661, 39.8467456 ], [ 21.908012, 39.8512067 ], [ 21.8881607, 39.8515164 ], [ 21.8733886, 39.8578763 ], [ 21.8320764, 39.8617757 ], [ 21.8206522, 39.859368 ], [ 21.7888331, 39.8461038 ], [ 21.7811847, 39.8511937 ], [ 21.7656601, 39.8556414 ], [ 21.7471499, 39.8548449 ], [ 21.7423337, 39.862207 ], [ 21.7384143, 39.8681975 ], [ 21.7246834, 39.8697625 ], [ 21.7186069, 39.8729134 ], [ 21.6996729, 39.856939 ], [ 21.6845908, 39.8547498 ], [ 21.6753443, 39.8560686 ], [ 21.6696182, 39.8624053 ], [ 21.6576576, 39.865836 ], [ 21.6525692, 39.8773669 ], [ 21.6468236, 39.8728755 ], [ 21.637081, 39.8733101 ], [ 21.6289789, 39.8692731 ], [ 21.6219725, 39.868961 ], [ 21.604623, 39.8745713 ], [ 21.5840879, 39.8927532 ], [ 21.5738291, 39.8878486 ], [ 21.5598298, 39.8869413 ], [ 21.542351, 39.892562 ], [ 21.5243279, 39.8996391 ], [ 21.5119526, 39.8942827 ], [ 21.4949674, 39.8954509 ], [ 21.4872254, 39.8907893 ], [ 21.4848718, 39.8893721 ], [ 21.4837696, 39.8906428 ], [ 21.4768814, 39.8985839 ], [ 21.472846, 39.8998306 ] ] ] ] } },
{ "type": "Feature", "properties": { "LEVL_CODE": 3.0, "MOUNT_TYPE": 3.0, "CNTR_CODE": "EL", "SVRG_UN": "UN Member State", "NAME_ENGL": "Greece", "NAME_LATN": "Lesvos, Limnos", "NUTS_NAME": "Λέσβος, Λήμνος", "URBN_TYPE": 3.0, "NUTS_ID": "EL411", "CAPT": "Athens", "COAST_TYPE": 1.0, "ISO3_CODE": "GRC", "NAME_FREN": "Grèce", "EU_STAT": "T", "NAME_GERM": "Griechenland", "EFTA_STAT": "F", "CC_STAT": "F", "geo": "EL411" }, "geometry": { "type": "MultiPolygon", "coordinates": [ [ [ [ 26.3518134, 39.3801532 ], [ 26.3405518, 39.3875237 ], [ 26.3290937, 39.3790832 ], [ 26.3162942, 39.3743955 ], [ 26.2560568, 39.378052 ], [ 26.2318441, 39.3828969 ], [ 26.2064503, 39.3765822 ], [ 26.2035243, 39.3758546 ], [ 26.1826964, 39.3773356 ], [ 26.1690491, 39.3703449 ], [ 26.1740209, 39.3620357 ], [ 26.1713063, 39.3461669 ], [ 26.1789688, 39.3371378 ], [ 26.1773419, 39.3333584 ], [ 26.1697261, 39.3258703 ], [ 26.150287, 39.3216227 ], [ 26.1205624, 39.3073002 ], [ 26.1124761, 39.3073183 ], [ 26.1009184, 39.3134371 ], [ 26.0940828, 39.3056831 ], [ 26.0897315, 39.304536 ], [ 26.0593913, 39.2942368 ], [ 26.0416017, 39.295251799999988 ], [ 26.0302385, 39.2883579 ], [ 26.0115278, 39.2889841 ], [ 26.0006852, 39.2819707 ], [ 25.9928948, 39.2798829 ], [ 25.9810568, 39.280286 ], [ 25.9718299, 39.2845238 ], [ 25.9483235, 39.277734 ], [ 25.9247786, 39.2825969 ], [ 25.9180058, 39.2928946 ], [ 25.9068821, 39.2913169 ], [ 25.8986108, 39.282603 ], [ 25.8804962, 39.275809099999989 ], [ 25.8599782, 39.2559772 ], [ 25.8586911, 39.2405586 ], [ 25.8484211, 39.2311243 ], [ 25.8540493, 39.2207864 ], [ 25.8519651, 39.1905576 ], [ 25.8482292, 39.18635 ], [ 25.8361744, 39.1858283 ], [ 25.84532, 39.1762879 ], [ 25.8644779, 39.1669379 ], [ 25.876635, 39.1522689 ], [ 25.899459, 39.1409782 ], [ 25.9174133, 39.1376859 ], [ 25.937699, 39.1288181 ], [ 25.9581477, 39.1069856 ], [ 25.9698539, 39.1055566 ], [ 25.9978451, 39.1069239 ], [ 26.0725271, 39.0886155 ], [ 26.0829606, 39.0922301 ], [ 26.0897315, 39.1045156 ], [ 26.0978845, 39.1104262 ], [ 26.1032748, 39.1109088 ], [ 26.1100467, 39.1069237 ], [ 26.1129592, 39.10787 ], [ 26.1221083, 39.1351097 ], [ 26.1267706, 39.1390694 ], [ 26.1353322, 39.1411413 ], [ 26.1426855, 39.1526119 ], [ 26.1533931, 39.1587952 ], [ 26.1567251, 39.1815937 ], [ 26.1691443, 39.1955617 ], [ 26.1858226, 39.1983457 ], [ 26.2042651, 39.2054842 ], [ 26.2064503, 39.2052043 ], [ 26.2212769, 39.2033045 ], [ 26.2473482, 39.2056185 ], [ 26.2766587, 39.1976441 ], [ 26.2914432, 39.1870919 ], [ 26.2944072, 39.180749 ], [ 26.2913404, 39.171484299999989 ], [ 26.2856964, 39.1672357 ], [ 26.2805971, 39.1562671 ], [ 26.2539538, 39.15004 ], [ 26.2471346, 39.1434258 ], [ 26.2227382, 39.1323517 ], [ 26.2093389, 39.1319906 ], [ 26.2064503, 39.1310132 ], [ 26.1877705, 39.1246922 ], [ 26.1773731, 39.1164743 ], [ 26.1674966, 39.1011789 ], [ 26.1593844, 39.0965857 ], [ 26.1456075, 39.0937508 ], [ 26.1342477, 39.0882447 ], [ 26.1179381, 39.0942024 ], [ 26.1070538, 39.0929323 ], [ 26.0970768, 39.083373 ], [ 26.0897315, 39.0797096 ], [ 26.0867311, 39.0782131 ], [ 26.0874896, 39.0736193 ], [ 26.0897315, 39.0732524 ], [ 26.1054186, 39.0706851 ], [ 26.1177797, 39.0627716 ], [ 26.1386964, 39.0389855 ], [ 26.1443395, 39.0283472 ], [ 26.1637685, 39.0146223 ], [ 26.1689964, 39.0077211 ], [ 26.1788641, 39.0147263 ], [ 26.1893469, 39.0179389 ], [ 26.2064503, 39.0185388 ], [ 26.2114362, 39.0187137 ], [ 26.2308922, 39.016147 ], [ 26.2850366, 39.0012141 ], [ 26.3279161, 38.9775505 ], [ 26.3599618, 38.9766202 ], [ 26.3754839, 38.9731711 ], [ 26.3998795, 38.9635778 ], [ 26.4237685, 38.9635369 ], [ 26.4922138, 38.9757017 ], [ 26.5024645, 38.9713156 ], [ 26.5066708, 38.9766772 ], [ 26.5124461, 38.9786561 ], [ 26.518651, 38.9722092 ], [ 26.5413729, 38.9875915 ], [ 26.537898, 38.9932406 ], [ 26.5419527, 39.0011996 ], [ 26.5378516, 39.0017459 ], [ 26.5329499, 39.0092793 ], [ 26.5302611, 39.0212408 ], [ 26.5171918, 39.0299743 ], [ 26.5124461, 39.0352555 ], [ 26.4898228, 39.0604267 ], [ 26.4676173, 39.0679257 ], [ 26.4494823, 39.0849449 ], [ 26.4427997, 39.1003146 ], [ 26.4454662, 39.1070873 ], [ 26.4622286, 39.1158056 ], [ 26.480899, 39.1188756 ], [ 26.4900343, 39.1175846 ], [ 26.5014368, 39.110143 ], [ 26.5124461, 39.095961 ], [ 26.5156022, 39.0918949 ], [ 26.5282522, 39.0815413 ], [ 26.5314886, 39.0645157 ], [ 26.5159943, 39.0589224 ], [ 26.5129115, 39.0504492 ], [ 26.5177799, 39.0464865 ], [ 26.5290513, 39.0452622 ], [ 26.5233309, 39.0360454 ], [ 26.5272102, 39.0299803 ], [ 26.5341944, 39.0265916 ], [ 26.5400257, 39.0134981 ], [ 26.5446853, 39.0163688 ], [ 26.5540253, 39.0140818 ], [ 26.56377, 39.0183349 ], [ 26.5897554, 39.0096588 ], [ 26.6039856, 39.0094079 ], [ 26.6125331, 39.0159854 ], [ 26.6152212, 39.0253946 ], [ 26.6103179, 39.0467907 ], [ 26.595348, 39.0679572 ], [ 26.5573601, 39.0974431 ], [ 26.5571333, 39.1043723 ], [ 26.5628827, 39.1062139 ], [ 26.5655596, 39.1106221 ], [ 26.5555225, 39.1139158 ], [ 26.551722, 39.1179182 ], [ 26.5470411, 39.1366255 ], [ 26.5368599, 39.1373739 ], [ 26.5309775, 39.1415683 ], [ 26.5317789, 39.158921 ], [ 26.539199, 39.1639716 ], [ 26.5395238, 39.1666544 ], [ 26.5341996, 39.1697972 ], [ 26.5148173, 39.172431499999988 ], [ 26.5124461, 39.1735639 ], [ 26.5045966, 39.1779364 ], [ 26.4920953, 39.1926498 ], [ 26.4861737, 39.2089886 ], [ 26.477296, 39.2142905 ], [ 26.476646, 39.2212905 ], [ 26.4625417, 39.228052 ], [ 26.4498027, 39.2377568 ], [ 26.4344892, 39.2426414 ], [ 26.4263691, 39.2516308 ], [ 26.3828172, 39.2706173 ], [ 26.3794898, 39.2764396 ], [ 26.38051, 39.2822027 ], [ 26.3956864, 39.2982416 ], [ 26.3997414, 39.3062298 ], [ 26.4134103, 39.3148673 ], [ 26.4122312, 39.3210986 ], [ 26.4225642, 39.3289563 ], [ 26.4223993, 39.3335631 ], [ 26.400774, 39.3428272 ], [ 26.3720505, 39.3416285 ], [ 26.3563013, 39.3492585 ], [ 26.3527172, 39.3578968 ], [ 26.3647817, 39.3763246 ], [ 26.3518134, 39.3801532 ] ] ], [ [ [ 25.4360538, 40.0125778 ], [ 25.4333681, 40.0170867 ], [ 25.4360538, 40.0191815 ], [ 25.4432943, 40.0248284 ], [ 25.445307, 40.0344839 ], [ 25.4360538, 40.0321388 ], [ 25.4209116, 40.0239444 ], [ 25.4090391, 40.0116342 ], [ 25.3997575, 40.0068928 ], [ 25.3926365, 40.0079817 ], [ 25.3797088, 40.0166657 ], [ 25.3709544, 40.0165086 ], [ 25.3680323, 40.0013699 ], [ 25.3424937, 39.9791726 ], [ 25.3446784, 39.9711073 ], [ 25.3429213, 39.9665293 ], [ 25.3292268, 39.9608498 ], [ 25.3250937, 39.964308 ], [ 25.3185331, 39.9640679 ], [ 25.3019787, 39.9480441 ], [ 25.2886061, 39.942338 ], [ 25.2807311, 39.9451565 ], [ 25.2827319, 39.9540298 ], [ 25.2666045, 39.9659584 ], [ 25.2675303, 39.9861975 ], [ 25.2471424, 39.9914379 ], [ 25.2310543, 40.0031156 ], [ 25.2159334, 39.9996328 ], [ 25.1956744, 39.9990967 ], [ 25.1733897, 39.9924787 ], [ 25.1592536, 39.990871 ], [ 25.1522795, 39.9936923 ], [ 25.147234, 40.0015846 ], [ 25.1370581, 40.0046945 ], [ 25.1027694, 39.9930181 ], [ 25.0754091, 39.9912864 ], [ 25.0545738, 39.9856606 ], [ 25.0470275, 39.9770704 ], [ 25.0458774, 39.9610456 ], [ 25.0499496, 39.9383195 ], [ 25.0644415, 39.926165 ], [ 25.0701325, 39.9147633 ], [ 25.0658645, 39.900521 ], [ 25.0584502, 39.8912948 ], [ 25.0600048, 39.884388 ], [ 25.0580796, 39.8809359 ], [ 25.0551794, 39.8778008 ], [ 25.0577697, 39.8720399 ], [ 25.0525048, 39.864327 ], [ 25.0640314, 39.8534403 ], [ 25.0504609, 39.8410578 ], [ 25.0490174, 39.8358332 ], [ 25.0568045, 39.8349004 ], [ 25.0721919, 39.8403509 ], [ 25.0853678, 39.8365092 ], [ 25.1019203, 39.8427733 ], [ 25.1098771, 39.8487908 ], [ 25.1171955, 39.8501943 ], [ 25.127705, 39.8456385 ], [ 25.1303501, 39.8367626 ], [ 25.1351163, 39.8353974 ], [ 25.1461451, 39.841323 ], [ 25.1552992, 39.851343 ], [ 25.1675371, 39.8538344 ], [ 25.1712865, 39.8496354 ], [ 25.1624848, 39.8440261 ], [ 25.15539, 39.8309614 ], [ 25.1481252, 39.8244816 ], [ 25.1461482, 39.8091999 ], [ 25.1651422, 39.7992682 ], [ 25.187204, 39.7983891 ], [ 25.2024674, 39.8003983 ], [ 25.2240362, 39.7986858 ], [ 25.2241268, 39.804332699999989 ], [ 25.2081238, 39.8220017 ], [ 25.2053475, 39.83813 ], [ 25.195621, 39.8459205 ], [ 25.1864549, 39.8440457 ], [ 25.1821934, 39.8487541 ], [ 25.204143, 39.8759153 ], [ 25.221878, 39.8800487 ], [ 25.2202565, 39.8809359 ], [ 25.2126771, 39.8850831 ], [ 25.1988732, 39.8848828 ], [ 25.1996292, 39.8877651 ], [ 25.2333232, 39.9090135 ], [ 25.2561878, 39.9108882 ], [ 25.2659228, 39.9059431 ], [ 25.2746667, 39.8966617 ], [ 25.2756345, 39.8919195 ], [ 25.2654296, 39.8837438 ], [ 25.2653104, 39.8809359 ], [ 25.2646582, 39.8655602 ], [ 25.2567645, 39.8609933 ], [ 25.2441595, 39.8589829 ], [ 25.2405468, 39.8533506 ], [ 25.2542984, 39.8468239 ], [ 25.2669423, 39.8327017 ], [ 25.2814912, 39.8290092 ], [ 25.2900266, 39.8241349 ], [ 25.2926894, 39.8182412 ], [ 25.2914599, 39.8070785 ], [ 25.3024084, 39.7957808 ], [ 25.3499625, 39.7836258 ], [ 25.3538438, 39.7860922 ], [ 25.3510841, 39.7932651 ], [ 25.3526105, 39.7998738 ], [ 25.3672182, 39.8073762 ], [ 25.3697824, 39.8110647 ], [ 25.3639103, 39.820913 ], [ 25.3493165, 39.8323814 ], [ 25.344321, 39.8396317 ], [ 25.3437228, 39.8504076 ], [ 25.3522868, 39.8578034 ], [ 25.3440452, 39.867301 ], [ 25.3424071, 39.8766347 ], [ 25.3468494, 39.8809359 ], [ 25.3488873, 39.8829091 ], [ 25.3636297, 39.8881864 ], [ 25.3563584, 39.8965782 ], [ 25.360293, 39.9087492 ], [ 25.3700923, 39.9125957 ], [ 25.3839809, 39.9118581 ], [ 25.3839421, 39.9151743 ], [ 25.3839057, 39.9334962 ], [ 25.3883588, 39.9423948 ], [ 25.4048232, 39.9543179 ], [ 25.4163152, 39.968683 ], [ 25.4360538, 39.9778416 ], [ 25.4424478, 39.9808081 ], [ 25.4432806, 39.9879542 ], [ 25.4381035, 40.009136399999988 ], [ 25.4360538, 40.0125778 ] ] ], [ [ [ 25.0382764, 39.5431131 ], [ 25.035251, 39.5439262 ], [ 25.0338439, 39.5472283 ], [ 25.0286043, 39.5503668 ], [ 25.0158647, 39.553833 ], [ 25.0095883, 39.558258 ], [ 25.0100867, 39.560174 ], [ 25.0065494, 39.5604377 ], [ 25.006013, 39.5622016 ], [ 25.0009775, 39.562732 ], [ 24.9980577, 39.5615121 ], [ 24.9998761, 39.5592353 ], [ 24.9950523, 39.5579983 ], [ 24.9935196, 39.5560012 ], [ 24.9941341, 39.5513095 ], [ 24.9910512, 39.5477742 ], [ 24.992714, 39.5462776 ], [ 24.9919369, 39.5437886 ], [ 24.986997, 39.541162 ], [ 24.9879763, 39.539501199999989 ], [ 24.9849794, 39.5362296 ], [ 24.9813966, 39.5367716 ], [ 24.9775385, 39.5351108 ], [ 24.9788175, 39.5291821 ], [ 24.9758702, 39.5282429 ], [ 24.9751066, 39.5211262 ], [ 24.973022, 39.5197296 ], [ 24.9749025, 39.5181259 ], [ 24.9715753, 39.5156179 ], [ 24.9729764, 39.5132816 ], [ 24.9707852, 39.5095591 ], [ 24.9721803, 39.504913 ], [ 24.9705901, 39.5031035 ], [ 24.9725071, 39.5009118 ], [ 24.9708863, 39.4977698 ], [ 24.9710369, 39.4948305 ], [ 24.9737646, 39.4940134 ], [ 24.9724515, 39.4905892 ], [ 24.974307, 39.487787 ], [ 24.9738641, 39.4823997 ], [ 24.9767355, 39.4816349 ], [ 24.9762635, 39.4792242 ], [ 24.9775691, 39.4746386 ], [ 24.9808834, 39.4732437 ], [ 24.9796362, 39.4712865 ], [ 24.981925, 39.4693474 ], [ 24.9807246, 39.4669681 ], [ 24.9841833, 39.4657126 ], [ 24.9866342, 39.4617424 ], [ 24.9883501, 39.4642884 ], [ 24.9925098, 39.4743864 ], [ 24.997108, 39.4769254 ], [ 24.9998912, 39.4831788 ], [ 25.0060415, 39.4883939 ], [ 25.006719, 39.4899287 ], [ 25.0153834, 39.4937116 ], [ 25.0176722, 39.4923946 ], [ 25.0233347, 39.4949569 ], [ 25.0244645, 39.4944442 ], [ 25.0291958, 39.5028133 ], [ 25.0306564, 39.5030805 ], [ 25.0330368, 39.5088946 ], [ 25.0397996, 39.510846099999988 ], [ 25.0410343, 39.5126213 ], [ 25.0464023, 39.5148963 ], [ 25.0444112, 39.5166562 ], [ 25.0465454, 39.5190611 ], [ 25.0533238, 39.5214095 ], [ 25.0525927, 39.5249327 ], [ 25.0561945, 39.5270174 ], [ 25.0571012, 39.5310946 ], [ 25.0526863, 39.532297 ], [ 25.0471659, 39.5354125 ], [ 25.0398206, 39.5409063 ], [ 25.0382764, 39.5431131 ] ] ], [ [ [ 25.1415127, 40.0212668 ], [ 25.1438711, 40.0218723 ], [ 25.1426219, 40.0260728 ], [ 25.132857, 40.0261415 ], [ 25.1263086, 40.0199817 ], [ 25.1354067, 40.0172803 ], [ 25.1417569, 40.0186336 ], [ 25.1415127, 40.0212668 ] ] ], [ [ [ 25.8378504, 39.2126355 ], [ 25.8383282, 39.2170138 ], [ 25.8412245, 39.2208974 ], [ 25.8432798, 39.2257391 ], [ 25.8419, 39.2275831 ], [ 25.8372593, 39.2244578 ], [ 25.8382859, 39.2208974 ], [ 25.8370289, 39.218221199999988 ], [ 25.8328391, 39.216825799999988 ], [ 25.8310928, 39.2128975 ], [ 25.8372846, 39.2049086 ], [ 25.8393357, 39.2069913 ], [ 25.8378504, 39.2126355 ] ] ], [ [ [ 25.0437541, 39.9904036 ], [ 25.036427, 39.9878919 ], [ 25.0341988, 39.984078 ], [ 25.0446303, 39.9833913 ], [ 25.0465224, 39.9878524 ], [ 25.0437541, 39.9904036 ] ] ], [ [ [ 26.4364735, 39.3071935 ], [ 26.4414534, 39.3094393 ], [ 26.4351554, 39.3148255 ], [ 26.4328174, 39.3133846 ], [ 26.4320147, 39.3090713 ], [ 26.4326642, 39.3039899 ], [ 26.4354092, 39.3048989 ], [ 26.4364735, 39.3071935 ] ] ], [ [ [ 25.2202435, 39.8713195 ], [ 25.2178754, 39.869719 ], [ 25.2163531, 39.8657695 ], [ 25.2136929, 39.863016 ], [ 25.2167584, 39.8626646 ], [ 25.2235447, 39.8707775 ], [ 25.2202435, 39.8713195 ] ] ], [ [ [ 26.145647, 39.3361962 ], [ 26.1419302, 39.3342236 ], [ 26.1451054, 39.3314929 ], [ 26.148962, 39.3323441 ], [ 26.145647, 39.3361962 ] ] ], [ [ [ 25.1410309, 39.8089285 ], [ 25.1388156, 39.8111051 ], [ 25.1366279, 39.8070215 ], [ 25.1377308, 39.8042251 ], [ 25.140144, 39.8040724 ], [ 25.1393827, 39.8073942 ], [ 25.1410309, 39.8089285 ] ] ], [ [ [ 26.0992315, 39.105128 ], [ 26.1001685, 39.1029813 ], [ 26.1060437, 39.1027865 ], [ 26.103303, 39.1065001 ], [ 26.0992315, 39.105128 ] ] ], [ [ [ 26.5383102, 39.1589301 ], [ 26.5342088, 39.156919599999988 ], [ 26.538792, 39.1543972 ], [ 26.5412207, 39.1558879 ], [ 26.5383102, 39.1589301 ] ] ], [ [ [ 26.4342664, 39.3002008 ], [ 26.4324913, 39.297092899999988 ], [ 26.434537, 39.2957924 ], [ 26.4395569, 39.2973738 ], [ 26.4342664, 39.3002008 ] ] ], [ [ [ 26.4435559, 39.3161789 ], [ 26.4437614, 39.3124738 ], [ 26.4495533, 39.3118705 ], [ 26.4465881, 39.3156483 ], [ 26.4435559, 39.3161789 ] ] ], [ [ [ 25.2375453, 39.79899 ], [ 25.231606, 39.7967274 ], [ 25.2346169, 39.7942857 ], [ 25.2380909, 39.7965588 ], [ 25.2375453, 39.79899 ] ] ], [ [ [ 25.0519465, 39.8588641 ], [ 25.0467538, 39.8584467 ], [ 25.0492176, 39.8543238 ], [ 25.0510992, 39.8543264 ], [ 25.0519465, 39.8588641 ] ] ] ] } },
{ "type": "Feature", "properties": { "LEVL_CODE": 3.0, "MOUNT_TYPE": 3.0, "CNTR_CODE": "EL", "SVRG_UN": "UN Member State", "NAME_ENGL": "Greece", "NAME_LATN": "Kastoria", "NUTS_NAME": "Καστοριά", "URBN_TYPE": 2.0, "NUTS_ID": "EL532", "CAPT": "Athens", "COAST_TYPE": 3.0, "ISO3_CODE": "GRC", "NAME_FREN": "Grèce", "EU_STAT": "T", "NAME_GERM": "Griechenland", "EFTA_STAT": "F", "CC_STAT": "F", "geo": "EL532" }, "geometry": { "type": "MultiPolygon", "coordinates": [ [ [ [ 21.2961608, 40.6875501 ], [ 21.2836702, 40.6985209 ], [ 21.2797685, 40.7074262 ], [ 21.2874723, 40.7126247 ], [ 21.295041, 40.7227154 ], [ 21.2714537, 40.7367508 ], [ 21.262948, 40.749157 ], [ 21.2609314, 40.7493017 ], [ 21.2458303, 40.7509898 ], [ 21.2358395, 40.7202883 ], [ 21.2257162, 40.7056561 ], [ 21.2196483, 40.7014275 ], [ 21.2140306, 40.6781367 ], [ 21.2072707, 40.6665304 ], [ 21.1877805, 40.6466807 ], [ 21.1820212, 40.6458555 ], [ 21.1566543, 40.6422208 ], [ 21.1489913, 40.637317 ], [ 21.1054556, 40.6094507 ], [ 21.067527, 40.6046779 ], [ 21.0560685, 40.6166955 ], [ 21.0454959, 40.6133006 ], [ 21.0477544, 40.6008206 ], [ 21.0452061, 40.5971617 ], [ 21.040683, 40.5906671 ], [ 21.0463452, 40.576541899999988 ], [ 21.042389, 40.563371499999988 ], [ 21.0415805, 40.5582346 ], [ 21.0336348, 40.5550615 ], [ 21.0217334, 40.5558766 ], [ 21.0056852, 40.5513338 ], [ 20.9990803, 40.5419431 ], [ 20.9985348, 40.5343108 ], [ 20.9761165, 40.5202793 ], [ 20.9686342, 40.5188704 ], [ 20.9646364, 40.5078461 ], [ 20.9690601, 40.4984217 ], [ 20.9680229, 40.4891182 ], [ 20.9592314, 40.4807391 ], [ 20.9546982, 40.4763839 ], [ 20.9541407, 40.4748969 ], [ 20.9537802, 40.4689709 ], [ 20.9285322, 40.463017 ], [ 20.9088836, 40.4748969 ], [ 20.9072232, 40.475447 ], [ 20.8897387, 40.4752628 ], [ 20.8876242, 40.4748969 ], [ 20.8707926, 40.471074 ], [ 20.8629239, 40.4748969 ], [ 20.8561658, 40.4781801 ], [ 20.8449549, 40.479378 ], [ 20.8408096, 40.4748969 ], [ 20.8329884, 40.4664414 ], [ 20.8309544, 40.4554995 ], [ 20.822399, 40.445558 ], [ 20.8216838, 40.440396799999988 ], [ 20.8174924, 40.4387472 ], [ 20.8115172, 40.4399833 ], [ 20.795661, 40.43379 ], [ 20.792499, 40.430854 ], [ 20.7858404, 40.4246709 ], [ 20.7920345, 40.4127711 ], [ 20.7872299, 40.4000166 ], [ 20.7919757, 40.3842216 ], [ 20.7902945, 40.3634774 ], [ 20.7854113, 40.358692 ], [ 20.7767613, 40.3558003 ], [ 20.778501, 40.348789 ], [ 20.7894524, 40.3418357 ], [ 20.792499, 40.3412439 ], [ 20.8159387, 40.336691 ], [ 20.8406257, 40.3412671 ], [ 20.8444609, 40.3442361 ], [ 20.8477566, 40.3608316 ], [ 20.8559753, 40.3744175 ], [ 20.8684283, 40.3758618 ], [ 20.8749528, 40.354455 ], [ 20.8767743, 40.3329293 ], [ 20.9194016, 40.297391399999988 ], [ 20.9249153, 40.2878687 ], [ 20.9374934, 40.2758489 ], [ 20.9405602, 40.2612196 ], [ 20.9573109, 40.2516001 ], [ 20.9592314, 40.2469415 ], [ 20.9680931, 40.2254414 ], [ 20.9827301, 40.217439 ], [ 20.9911813, 40.2075415 ], [ 20.9909545, 40.2025127 ], [ 20.9821552, 40.1936252 ], [ 20.9980932, 40.1893638 ], [ 20.9981825, 40.1738056 ], [ 20.9982021, 40.1703851 ], [ 21.004012, 40.1540665 ], [ 21.0082238, 40.1484747 ], [ 21.0196486, 40.1479078 ], [ 21.0287557, 40.1432947 ], [ 21.0446323, 40.1463096 ], [ 21.0491235, 40.1490546 ], [ 21.0565597, 40.1628586 ], [ 21.0456915, 40.1703409 ], [ 21.0549472, 40.1738056 ], [ 21.0611394, 40.176123499999989 ], [ 21.0703975, 40.183988 ], [ 21.0704487, 40.1880937 ], [ 21.0818382, 40.1988221 ], [ 21.0846642, 40.2084554 ], [ 21.0841263, 40.2260209 ], [ 21.07999, 40.2361895 ], [ 21.0690416, 40.2413602 ], [ 21.0706591, 40.2536188 ], [ 21.0647389, 40.2644486 ], [ 21.0675389, 40.2805358 ], [ 21.0748812, 40.2948949 ], [ 21.0744715, 40.3113685 ], [ 21.0863792, 40.3207548 ], [ 21.0902415, 40.3325215 ], [ 21.1187582, 40.3360574 ], [ 21.1262448, 40.3420992 ], [ 21.1360425, 40.343313 ], [ 21.1403455, 40.3494752 ], [ 21.1468439, 40.3523448 ], [ 21.1489913, 40.3522654 ], [ 21.1608698, 40.3518258 ], [ 21.1688462, 40.3560199 ], [ 21.1820212, 40.349327 ], [ 21.1842956, 40.3481715 ], [ 21.2217846, 40.344754 ], [ 21.2307224, 40.3599946 ], [ 21.2269201, 40.3661533 ], [ 21.2286223, 40.37366 ], [ 21.2197134, 40.3794545 ], [ 21.2365275, 40.3968995 ], [ 21.2399192, 40.3956859 ], [ 21.2463672, 40.3862161 ], [ 21.2607297, 40.382214 ], [ 21.2618402, 40.3669261 ], [ 21.2778876, 40.3615881 ], [ 21.297242, 40.3743036 ], [ 21.3039427, 40.3842354 ], [ 21.3189398, 40.3922247 ], [ 21.3231884, 40.3981516 ], [ 21.3269976, 40.413239 ], [ 21.3353158, 40.4093386 ], [ 21.3389353, 40.4163038 ], [ 21.3460869, 40.4108247 ], [ 21.3582793, 40.4063455 ], [ 21.3567361, 40.401599 ], [ 21.3639076, 40.3949833 ], [ 21.3581116, 40.3935467 ], [ 21.3574704, 40.3901719 ], [ 21.370021, 40.377738 ], [ 21.3651074, 40.3725462 ], [ 21.3996826, 40.3700566 ], [ 21.4073381, 40.3762003 ], [ 21.4184292, 40.3954878 ], [ 21.422547, 40.3963866 ], [ 21.4330193, 40.3937624 ], [ 21.4592469, 40.408613 ], [ 21.4700913, 40.4292561 ], [ 21.4698633, 40.4459518 ], [ 21.4764295, 40.454562 ], [ 21.4706713, 40.4601754 ], [ 21.4709396, 40.4677538 ], [ 21.476545, 40.4748969 ], [ 21.4837696, 40.4841025 ], [ 21.4872254, 40.4833737 ], [ 21.4911305, 40.4825502 ], [ 21.4902455, 40.494172 ], [ 21.5011046, 40.4985442 ], [ 21.5158638, 40.5099699 ], [ 21.5098085, 40.524998 ], [ 21.4994993, 40.5226414 ], [ 21.4943658, 40.5270173 ], [ 21.4930742, 40.5379676 ], [ 21.4961557, 40.548733299999988 ], [ 21.4917244, 40.5613137 ], [ 21.4945935, 40.5673862 ], [ 21.4872254, 40.5669498 ], [ 21.4837696, 40.5667452 ], [ 21.4736319, 40.5661448 ], [ 21.4578945, 40.5762278 ], [ 21.4529416, 40.5852437 ], [ 21.4550055, 40.5946615 ], [ 21.4529049, 40.5971617 ], [ 21.4477867, 40.6032532 ], [ 21.4334839, 40.6026212 ], [ 21.4202245, 40.6062593 ], [ 21.4140837, 40.6051894 ], [ 21.4103732, 40.6000742 ], [ 21.410027, 40.5971617 ], [ 21.4091847, 40.5900758 ], [ 21.3996705, 40.5926577 ], [ 21.3929625, 40.5920382 ], [ 21.38935, 40.5947189 ], [ 21.3877217, 40.5971617 ], [ 21.3813922, 40.6066572 ], [ 21.3838287, 40.6265042 ], [ 21.3805544, 40.6392803 ], [ 21.385061, 40.6498195 ], [ 21.3875181, 40.6557861 ], [ 21.3842221, 40.6629857 ], [ 21.3663131, 40.6751323 ], [ 21.3593617, 40.6874076 ], [ 21.345341, 40.691933 ], [ 21.3275249, 40.7025239 ], [ 21.3250282, 40.7022427 ], [ 21.3251281, 40.692582 ], [ 21.3203593, 40.6847852 ], [ 21.3004662, 40.6856066 ], [ 21.2961608, 40.6875501 ] ] ] ] } },
{ "type": "Feature", "properties": { "LEVL_CODE": 3.0, "MOUNT_TYPE": 2.0, "CNTR_CODE": "EL", "SVRG_UN": "UN Member State", "NAME_ENGL": "Greece", "NAME_LATN": "Achaia", "NUTS_NAME": "Αχαΐα", "URBN_TYPE": 2.0, "NUTS_ID": "EL632", "CAPT": "Athens", "COAST_TYPE": 1.0, "ISO3_CODE": "GRC", "NAME_FREN": "Grèce", "EU_STAT": "T", "NAME_GERM": "Griechenland", "EFTA_STAT": "F", "CC_STAT": "F", "geo": "EL632" }, "geometry": { "type": "MultiPolygon", "coordinates": [ [ [ [ 21.8630625, 38.3373901 ], [ 21.8513275, 38.3383778 ], [ 21.8248149, 38.3166848 ], [ 21.8148838, 38.3183371 ], [ 21.7877467, 38.3092035 ], [ 21.7805965, 38.3116827 ], [ 21.7590651, 38.2847712 ], [ 21.7534978, 38.2814905 ], [ 21.7452842, 38.2812979 ], [ 21.7423337, 38.2764878 ], [ 21.7389597, 38.2709869 ], [ 21.7348972, 38.2517117 ], [ 21.7258986, 38.2433892 ], [ 21.7213948, 38.2250366 ], [ 21.7123106, 38.208378 ], [ 21.6985413, 38.1997922 ], [ 21.6872077, 38.187347 ], [ 21.6781053, 38.1838646 ], [ 21.6752769, 38.1730663 ], [ 21.6707546, 38.1676547 ], [ 21.6573845, 38.1647539 ], [ 21.6407598, 38.1562063 ], [ 21.6279899, 38.1547397 ], [ 21.6171915, 38.1471966 ], [ 21.6052225, 38.142891 ], [ 21.5478215, 38.1569458 ], [ 21.5291234, 38.1563335 ], [ 21.5100359, 38.165104 ], [ 21.4872254, 38.1796096 ], [ 21.4837696, 38.1806728 ], [ 21.476957, 38.1827687 ], [ 21.4520028, 38.198825 ], [ 21.4375204, 38.1983253 ], [ 21.4224462, 38.1903105 ], [ 21.4079524, 38.1922321 ], [ 21.3885639, 38.2143048 ], [ 21.3801335, 38.2128164 ], [ 21.3735447, 38.2161219 ], [ 21.3701643, 38.2118501 ], [ 21.3741352, 38.1978976 ], [ 21.3642205, 38.1803204 ], [ 21.3658078, 38.1735534 ], [ 21.3632365, 38.1677173 ], [ 21.3683647, 38.1453491 ], [ 21.3680412, 38.1325714 ], [ 21.3679963, 38.1307989 ], [ 21.3615572, 38.1127637 ], [ 21.360369, 38.1115595 ], [ 21.351074, 38.1021385 ], [ 21.3619981, 38.0897042 ], [ 21.3629228, 38.0749329 ], [ 21.381568, 38.0620262 ], [ 21.3922818, 38.0613823 ], [ 21.3983843, 38.0586639 ], [ 21.3996793, 38.0527678 ], [ 21.4291521, 38.0294091 ], [ 21.4384662, 38.0252797 ], [ 21.4494215, 38.0240964 ], [ 21.4452205, 38.0170896 ], [ 21.4494736, 38.0128903 ], [ 21.4475452, 38.0051241 ], [ 21.4591296, 37.9983022 ], [ 21.4596958, 37.9925518 ], [ 21.4561956, 37.9873917 ], [ 21.4421729, 37.9795313 ], [ 21.4409637, 37.9766794 ], [ 21.4522159, 37.9678767 ], [ 21.4590653, 37.9662187 ], [ 21.4623589, 37.9549227 ], [ 21.4772244, 37.9503822 ], [ 21.4837696, 37.9465871 ], [ 21.4872254, 37.9445833 ], [ 21.4973589, 37.9387071 ], [ 21.4987503, 37.9330821 ], [ 21.4939545, 37.9260313 ], [ 21.4965332, 37.9205961 ], [ 21.5347852, 37.9153922 ], [ 21.5422529, 37.9177196 ], [ 21.5449055, 37.9149365 ], [ 21.5508599, 37.9167168 ], [ 21.5582581, 37.9140553 ], [ 21.5722983, 37.9184639 ], [ 21.57621, 37.9177945 ], [ 21.5803667, 37.9089905 ], [ 21.5941613, 37.9067481 ], [ 21.5924385, 37.9019585 ], [ 21.6260934, 37.892659 ], [ 21.6335603, 37.8936327 ], [ 21.638679, 37.8916127 ], [ 21.646862, 37.8824085 ], [ 21.6618446, 37.8500658 ], [ 21.6734542, 37.8393363 ], [ 21.6832388, 37.8373448 ], [ 21.6903129, 37.8455465 ], [ 21.6910103, 37.855778099999988 ], [ 21.6966006, 37.8685666 ], [ 21.7180376, 37.8813279 ], [ 21.738307, 37.8999249 ], [ 21.7423337, 37.9022961 ], [ 21.7694782, 37.918279 ], [ 21.7800608, 37.9290752 ], [ 21.7957145, 37.9392015 ], [ 21.800521, 37.9514783 ], [ 21.8112725, 37.956804 ], [ 21.8144079, 37.9484144 ], [ 21.8294199, 37.9327273 ], [ 21.8268241, 37.920072 ], [ 21.8286131, 37.9163243 ], [ 21.8580785, 37.904907 ], [ 21.8706403, 37.8919591 ], [ 21.8815734, 37.8806882 ], [ 21.8897415, 37.8658945 ], [ 21.8955352, 37.8543507 ], [ 21.8910343, 37.844281099999989 ], [ 21.9010163, 37.8341527 ], [ 21.9110595, 37.8323778 ], [ 21.9265261, 37.8249813 ], [ 21.9290827, 37.8190454 ], [ 21.9352677, 37.8156879 ], [ 21.9474578, 37.8221031 ], [ 21.9601919, 37.814795 ], [ 21.9684787, 37.8129756 ], [ 21.9823493, 37.8010016 ], [ 21.9841086, 37.7964768 ], [ 21.9908349, 37.7990522 ], [ 22.0045445, 37.7987426 ], [ 22.012065, 37.791846 ], [ 22.0233405, 37.7888248 ], [ 22.0405421, 37.78833 ], [ 22.0552149, 37.781621 ], [ 22.0603784, 37.7905481 ], [ 22.0703928, 37.7976005 ], [ 22.0770653, 37.8079373 ], [ 22.0972607, 37.8155689 ], [ 22.1040492, 37.8223878 ], [ 22.1097801, 37.8230642 ], [ 22.1229049, 37.8246135 ], [ 22.1297132, 37.8218878 ], [ 22.1269771, 37.8148306 ], [ 22.136069, 37.8093113 ], [ 22.140838, 37.8025877 ], [ 22.1524539, 37.8044074 ], [ 22.1747355, 37.795525 ], [ 22.2000853, 37.8269206 ], [ 22.2194312, 37.8327253 ], [ 22.229416, 37.831959 ], [ 22.2370851, 37.8387973 ], [ 22.264305, 37.839156 ], [ 22.2465565, 37.8642167 ], [ 22.2381209, 37.8726528 ], [ 22.229091, 37.8766734 ], [ 22.2264066, 37.8839179 ], [ 22.2224368, 37.8867319 ], [ 22.2270759, 37.8919591 ], [ 22.2335272, 37.8992276 ], [ 22.2430497, 37.9045951 ], [ 22.2459214, 37.9096557 ], [ 22.247008, 37.9213507 ], [ 22.2406195, 37.9459427 ], [ 22.2430535, 37.9550755 ], [ 22.2670289, 37.9535339 ], [ 22.280403, 37.9615193 ], [ 22.2933964, 37.9637272 ], [ 22.3032987, 37.9734679 ], [ 22.3015259, 37.9871346 ], [ 22.3114643, 37.9904255 ], [ 22.3242668, 37.9861446 ], [ 22.3411641, 38.0064355 ], [ 22.355582, 38.0132315 ], [ 22.3620626, 38.0228254 ], [ 22.3595595, 38.039633699999989 ], [ 22.370743, 38.0481432 ], [ 22.3719835, 38.0720034 ], [ 22.3766813, 38.0804137 ], [ 22.3773652, 38.1082934 ], [ 22.3764678, 38.1115595 ], [ 22.3732268, 38.1233544 ], [ 22.3766515, 38.1325714 ], [ 22.3773714, 38.1345086 ], [ 22.3729725, 38.1422235 ], [ 22.3658944, 38.1486297 ], [ 22.3521308, 38.1512728 ], [ 22.3351602, 38.1760837 ], [ 22.3171951, 38.1716251 ], [ 22.2944659, 38.1744352 ], [ 22.2711904, 38.1709704 ], [ 22.2473052, 38.1765693 ], [ 22.23979, 38.1812452 ], [ 22.2297736, 38.1785872 ], [ 22.2148849, 38.1815299 ], [ 22.2071291, 38.1932295 ], [ 22.1980006, 38.2005892 ], [ 22.1889719, 38.2038595 ], [ 22.1753437, 38.201057 ], [ 22.1557389, 38.2134946 ], [ 22.1486091, 38.219562 ], [ 22.148876, 38.2277471 ], [ 22.1316772, 38.2492941 ], [ 22.1097801, 38.2651016 ], [ 22.089148, 38.2559345 ], [ 22.078325, 38.2552094 ], [ 22.0652753, 38.2720676 ], [ 22.0533773, 38.2772341 ], [ 22.0427112, 38.2766796 ], [ 22.0282195, 38.2855377 ], [ 22.0249944, 38.3003666 ], [ 22.0178263, 38.3100522 ], [ 22.0116637, 38.3126049 ], [ 21.9900391, 38.3118098 ], [ 21.9625988, 38.324794 ], [ 21.9476304, 38.3278894 ], [ 21.903698, 38.3237875 ], [ 21.8945017, 38.3266969 ], [ 21.8787761, 38.3253427 ], [ 21.8709846, 38.3341928 ], [ 21.8630625, 38.3373901 ] ] ] ] } },
{ "type": "Feature", "properties": { "LEVL_CODE": 3.0, "MOUNT_TYPE": 4.0, "CNTR_CODE": "EL", "SVRG_UN": "UN Member State", "NAME_ENGL": "Greece", "NAME_LATN": "Ileia", "NUTS_NAME": "Ηλεία", "URBN_TYPE": 3.0, "NUTS_ID": "EL633", "CAPT": "Athens", "COAST_TYPE": 1.0, "ISO3_CODE": "GRC", "NAME_FREN": "Grèce", "EU_STAT": "T", "NAME_GERM": "Griechenland", "EFTA_STAT": "F", "CC_STAT": "F", "geo": "EL633" }, "geometry": { "type": "MultiPolygon", "coordinates": [ [ [ [ 21.4973589, 37.9387071 ], [ 21.4872254, 37.9445833 ], [ 21.4837696, 37.9465871 ], [ 21.4772244, 37.9503822 ], [ 21.4623589, 37.9549227 ], [ 21.4590653, 37.9662187 ], [ 21.4522159, 37.9678767 ], [ 21.4409637, 37.9766794 ], [ 21.4421729, 37.9795313 ], [ 21.4561956, 37.9873917 ], [ 21.4596958, 37.9925518 ], [ 21.4591296, 37.9983022 ], [ 21.4475452, 38.0051241 ], [ 21.4494736, 38.0128903 ], [ 21.4452205, 38.0170896 ], [ 21.4494215, 38.0240964 ], [ 21.4384662, 38.0252797 ], [ 21.4291521, 38.0294091 ], [ 21.3996793, 38.0527678 ], [ 21.3983843, 38.0586639 ], [ 21.3922818, 38.0613823 ], [ 21.381568, 38.0620262 ], [ 21.3629228, 38.0749329 ], [ 21.3619981, 38.0897042 ], [ 21.351074, 38.1021385 ], [ 21.3464463, 38.1026602 ], [ 21.341665, 38.09879 ], [ 21.3251039, 38.0584606 ], [ 21.3038768, 38.0267848 ], [ 21.2836523, 38.0075287 ], [ 21.2567904, 37.9751671 ], [ 21.2346554, 37.9632112 ], [ 21.2082191, 37.9418178 ], [ 21.1964319, 37.9348888 ], [ 21.1771694, 37.9285398 ], [ 21.1728104, 37.9282057 ], [ 21.1653437, 37.9276334 ], [ 21.1515257, 37.9317455 ], [ 21.1489913, 37.9341426 ], [ 21.1395652, 37.9430576 ], [ 21.1271341, 37.9382561 ], [ 21.1236449, 37.9193991 ], [ 21.1129302, 37.8919591 ], [ 21.1076451, 37.8784203 ], [ 21.107664, 37.8547705 ], [ 21.1057694, 37.8492776 ], [ 21.1108371, 37.8427642 ], [ 21.1174241, 37.8396902 ], [ 21.1435435, 37.8317016 ], [ 21.1489913, 37.8308491 ], [ 21.1678629, 37.827896 ], [ 21.1728104, 37.8265998 ], [ 21.2042212, 37.8183698 ], [ 21.2082191, 37.8167078 ], [ 21.259241, 37.795494 ], [ 21.2838328, 37.7790955 ], [ 21.3028513, 37.7585703 ], [ 21.3093815, 37.7333715 ], [ 21.3073277, 37.7272938 ], [ 21.3197949, 37.7046796 ], [ 21.3171263, 37.6921952 ], [ 21.311292, 37.6838458 ], [ 21.3035957, 37.6799036 ], [ 21.3072128, 37.6768029 ], [ 21.3030937, 37.6684384 ], [ 21.3092003, 37.6654696 ], [ 21.3104721, 37.6621445 ], [ 21.3045563, 37.6436586 ], [ 21.3104541, 37.6337781 ], [ 21.3143716, 37.634603 ], [ 21.3194982, 37.6425213 ], [ 21.3191041, 37.6538772 ], [ 21.3278766, 37.6611338 ], [ 21.3460352, 37.662901 ], [ 21.3775243, 37.6575741 ], [ 21.4034752, 37.6459244 ], [ 21.4477871, 37.612795 ], [ 21.4521678, 37.6104611 ], [ 21.4837696, 37.5936223 ], [ 21.4872254, 37.5917807 ], [ 21.5301875, 37.568882 ], [ 21.533642, 37.567116 ], [ 21.5390625, 37.563175 ], [ 21.5526045, 37.5523375 ], [ 21.569458, 37.536888 ], [ 21.583462, 37.522392 ], [ 21.6151616, 37.4872343 ], [ 21.6398654, 37.4530094 ], [ 21.6604837, 37.4192118 ], [ 21.6614765, 37.4171123 ], [ 21.680233, 37.377434 ], [ 21.6842604, 37.3779039 ], [ 21.6875117, 37.3834785 ], [ 21.7030246, 37.393465 ], [ 21.7102755, 37.3950106 ], [ 21.7212009, 37.3932283 ], [ 21.7423337, 37.3936689 ], [ 21.7487828, 37.3938034 ], [ 21.7871089, 37.3978556 ], [ 21.7933855, 37.3944578 ], [ 21.8083463, 37.3917507 ], [ 21.8196515, 37.3962205 ], [ 21.8237421, 37.3938877 ], [ 21.849654, 37.3914155 ], [ 21.8512865, 37.392332 ], [ 21.85432, 37.3926535 ], [ 21.8561615, 37.3944335 ], [ 21.858862, 37.3947345 ], [ 21.8607365, 37.395375 ], [ 21.8641065, 37.395614 ], [ 21.8672485, 37.396661 ], [ 21.8800542, 37.4017685 ], [ 21.898507, 37.403899 ], [ 21.8989452, 37.4098293 ], [ 21.8928191, 37.4171123 ], [ 21.8919598, 37.4258804 ], [ 21.8866512, 37.4373383 ], [ 21.8881622, 37.4406702 ], [ 21.8844273, 37.4427994 ], [ 21.8862001, 37.4523456 ], [ 21.89437, 37.4474149 ], [ 21.8986151, 37.4477548 ], [ 21.9124283, 37.4695152 ], [ 21.9246409, 37.4662247 ], [ 21.9244804, 37.4729059 ], [ 21.9454806, 37.482703 ], [ 21.956314, 37.4850156 ], [ 21.9655925, 37.4834485 ], [ 21.976565, 37.4882628 ], [ 21.9841086, 37.4946086 ], [ 21.9981399, 37.5004019 ], [ 21.994914, 37.50668 ], [ 21.9841086, 37.5134233 ], [ 21.9633231, 37.5250699 ], [ 21.9483365, 37.5445705 ], [ 21.9298319, 37.5491134 ], [ 21.9184902, 37.5550646 ], [ 21.9127632, 37.5545472 ], [ 21.9114371, 37.5620875 ], [ 21.9016362, 37.5677677 ], [ 21.9017811, 37.5754841 ], [ 21.8931273, 37.5813742 ], [ 21.8879124, 37.5950939 ], [ 21.8765198, 37.6041417 ], [ 21.8644626, 37.6028788 ], [ 21.8543953, 37.6049565 ], [ 21.8432889, 37.6009265 ], [ 21.8344225, 37.6021429 ], [ 21.8061821, 37.5869026 ], [ 21.7971305, 37.585927 ], [ 21.7964667, 37.596992899999989 ], [ 21.7919218, 37.6069447 ], [ 21.7929032, 37.6104611 ], [ 21.7965146, 37.6234003 ], [ 21.7937419, 37.6350188 ], [ 21.8122575, 37.68805 ], [ 21.8086359, 37.7120524 ], [ 21.7963462, 37.7401273 ], [ 21.7949988, 37.7933106 ], [ 21.8105484, 37.8184703 ], [ 21.819493, 37.8256327 ], [ 21.8385961, 37.8367112 ], [ 21.8545629, 37.8516105 ], [ 21.8648782, 37.8540427 ], [ 21.8796272, 37.8630851 ], [ 21.8897415, 37.8658945 ], [ 21.8815734, 37.8806882 ], [ 21.8706403, 37.8919591 ], [ 21.8580785, 37.904907 ], [ 21.8286131, 37.9163243 ], [ 21.8268241, 37.920072 ], [ 21.8294199, 37.9327273 ], [ 21.8144079, 37.9484144 ], [ 21.8112725, 37.956804 ], [ 21.800521, 37.9514783 ], [ 21.7957145, 37.9392015 ], [ 21.7800608, 37.9290752 ], [ 21.7694782, 37.918279 ], [ 21.7423337, 37.9022961 ], [ 21.738307, 37.8999249 ], [ 21.7180376, 37.8813279 ], [ 21.6966006, 37.8685666 ], [ 21.6910103, 37.855778099999988 ], [ 21.6903129, 37.8455465 ], [ 21.6832388, 37.8373448 ], [ 21.6734542, 37.8393363 ], [ 21.6618446, 37.8500658 ], [ 21.646862, 37.8824085 ], [ 21.638679, 37.8916127 ], [ 21.6335603, 37.8936327 ], [ 21.6260934, 37.892659 ], [ 21.5924385, 37.9019585 ], [ 21.5941613, 37.9067481 ], [ 21.5803667, 37.9089905 ], [ 21.57621, 37.9177945 ], [ 21.5722983, 37.9184639 ], [ 21.5582581, 37.9140553 ], [ 21.5508599, 37.9167168 ], [ 21.5449055, 37.9149365 ], [ 21.5422529, 37.9177196 ], [ 21.5347852, 37.9153922 ], [ 21.4965332, 37.9205961 ], [ 21.4939545, 37.9260313 ], [ 21.4987503, 37.9330821 ], [ 21.4973589, 37.9387071 ] ] ] ] } },
{ "type": "Feature", "properties": { "LEVL_CODE": 3.0, "MOUNT_TYPE": 4.0, "CNTR_CODE": "EL", "SVRG_UN": "UN Member State", "NAME_ENGL": "Greece", "NAME_LATN": "Kentrikos Tomeas Athinon", "NUTS_NAME": "Κεντρικός Τομέας Αθηνών", "URBN_TYPE": 1.0, "NUTS_ID": "EL303", "CAPT": "Athens", "COAST_TYPE": 2.0, "ISO3_CODE": "GRC", "NAME_FREN": "Grèce", "EU_STAT": "T", "NAME_GERM": "Griechenland", "EFTA_STAT": "F", "CC_STAT": "F", "geo": "EL303" }, "geometry": { "type": "MultiPolygon", "coordinates": [ [ [ [ 23.750928, 38.050512 ], [ 23.745098, 38.0582395 ], [ 23.735471, 38.0503 ], [ 23.7361099, 38.046325 ], [ 23.7290625, 38.0293863 ], [ 23.7195615, 38.015718 ], [ 23.718335, 38.0123245 ], [ 23.702597, 38.0003032 ], [ 23.692632, 37.994485 ], [ 23.6967424, 37.9916269 ], [ 23.686925, 37.9781735 ], [ 23.690719, 37.9776325 ], [ 23.6962755, 37.9755865 ], [ 23.702597, 37.9752876 ], [ 23.7044985, 37.9748877 ], [ 23.7053272, 37.9722901 ], [ 23.702597, 37.9699483 ], [ 23.702597, 37.9673209 ], [ 23.705698, 37.9639135 ], [ 23.7184912, 37.9614949 ], [ 23.7193146, 37.9589377 ], [ 23.714806, 37.955384 ], [ 23.7245375, 37.949741 ], [ 23.728815, 37.943803 ], [ 23.7387653, 37.9478137 ], [ 23.742021, 37.940952 ], [ 23.741023, 37.9397305 ], [ 23.741476, 37.938096 ], [ 23.744123, 37.9343955 ], [ 23.7445305, 37.9321425 ], [ 23.7446905, 37.928617 ], [ 23.7447835, 37.919264 ], [ 23.783227, 37.9213762 ], [ 23.7972761, 37.9178063 ], [ 23.806792, 37.9178375 ], [ 23.801055, 37.9355215 ], [ 23.8029925, 37.937791 ], [ 23.8110275, 37.9422375 ], [ 23.8130885, 37.9440455 ], [ 23.815096, 37.946602 ], [ 23.817991, 37.951198 ], [ 23.8199495, 37.958205 ], [ 23.820347, 37.9610895 ], [ 23.820191, 37.9671525 ], [ 23.8206985, 37.9693 ], [ 23.821854, 37.9719525 ], [ 23.823103, 37.973922 ], [ 23.802998, 37.9854472 ], [ 23.793445, 37.9795857 ], [ 23.7885545, 37.9809765 ], [ 23.7902374, 37.9929984 ], [ 23.787016, 38.00064 ], [ 23.7737418, 38.001469 ], [ 23.7690768, 37.9997475 ], [ 23.7625345, 38.0051105 ], [ 23.7718255, 38.033787 ], [ 23.752912, 38.0271855 ], [ 23.7437885, 38.033828 ], [ 23.750928, 38.050512 ] ] ] ] } },
{ "type": "Feature", "properties": { "LEVL_CODE": 3.0, "MOUNT_TYPE": 3.0, "CNTR_CODE": "EL", "SVRG_UN": "UN Member State", "NAME_ENGL": "Greece", "NAME_LATN": "Thasos, Kavala", "NUTS_NAME": "Θάσος, Καβάλα", "URBN_TYPE": 3.0, "NUTS_ID": "EL515", "CAPT": "Athens", "COAST_TYPE": 1.0, "ISO3_CODE": "GRC", "NAME_FREN": "Grèce", "EU_STAT": "T", "NAME_GERM": "Griechenland", "EFTA_STAT": "F", "CC_STAT": "F", "geo": "EL515" }, "geometry": { "type": "MultiPolygon", "coordinates": [ [ [ [ 24.6340481, 41.2031914 ], [ 24.6179897, 41.1958533 ], [ 24.5997737, 41.1957898 ], [ 24.5735473, 41.189675199999989 ], [ 24.5667767, 41.192683599999988 ], [ 24.561289, 41.2008631 ], [ 24.5434128, 41.2029064 ], [ 24.5185901, 41.1948849 ], [ 24.4941615, 41.2014505 ], [ 24.4906973, 41.188262 ], [ 24.4920844, 41.1778344 ], [ 24.4825919, 41.1692234 ], [ 24.4837825, 41.1600761 ], [ 24.4958796, 41.14847 ], [ 24.4870173, 41.1372235 ], [ 24.471751, 41.1385795 ], [ 24.4648666, 41.1391328 ], [ 24.4600588, 41.1290737 ], [ 24.4344096, 41.1133032 ], [ 24.4288113, 41.1098606 ], [ 24.420516, 41.108554 ], [ 24.3890397, 41.0907408 ], [ 24.3766938, 41.0894102 ], [ 24.3359278, 41.0554156 ], [ 24.3004275, 41.0625816 ], [ 24.2849238, 41.0482731 ], [ 24.2693901, 41.0433806 ], [ 24.2684365, 41.0314329 ], [ 24.2410467, 41.0219771 ], [ 24.2431463, 41.011816 ], [ 24.2547135, 41.0118462 ], [ 24.2577612, 41.0066013 ], [ 24.2697213, 41.0055985 ], [ 24.2616926, 40.9943401 ], [ 24.252653, 40.967625 ], [ 24.241209, 40.9699519 ], [ 24.2433414, 40.979822 ], [ 24.230339, 40.9833828 ], [ 24.2268873, 40.9900481 ], [ 24.2002177, 40.9959044 ], [ 24.1934014, 40.9905434 ], [ 24.1672636, 41.004106799999988 ], [ 24.159896, 41.0003365 ], [ 24.1336525, 41.0005914 ], [ 24.11834, 41.00632 ], [ 24.1142652, 40.9927211 ], [ 24.1021065, 40.975259 ], [ 24.1128937, 40.9561137 ], [ 24.0914372, 40.9358466 ], [ 24.099058, 40.9207089 ], [ 24.0982834, 40.9165572 ], [ 24.0890153, 40.9148818 ], [ 24.0752953, 40.9229159 ], [ 24.058149, 40.9177471 ], [ 24.056876, 40.9149 ], [ 24.0655835, 40.8968442 ], [ 24.0549277, 40.8949825 ], [ 24.0407913, 40.8963768 ], [ 24.0263148, 40.890622199999989 ], [ 24.025436, 40.8823495 ], [ 23.9947106, 40.8637243 ], [ 23.9897344, 40.8541694 ], [ 23.9882713, 40.8513599 ], [ 23.9663122, 40.8396465 ], [ 23.9604623, 40.8327863 ], [ 23.958731, 40.8321962 ], [ 23.9476558, 40.8284212 ], [ 23.9343763, 40.8198921 ], [ 23.9258165, 40.8178839 ], [ 23.9220814, 40.8170077 ], [ 23.9138935, 40.8150867 ], [ 23.8945926, 40.8156859 ], [ 23.8837986, 40.8082234 ], [ 23.8626116, 40.7987763 ], [ 23.8612086, 40.7953577 ], [ 23.8671438, 40.7926156 ], [ 23.8732671, 40.7841533 ], [ 23.8677465, 40.7787285 ], [ 23.8836056, 40.7708719 ], [ 23.9148083, 40.7554113 ], [ 23.9220814, 40.7536603 ], [ 23.9258165, 40.7527611 ], [ 23.9392735, 40.7495211 ], [ 23.958731, 40.7417277 ], [ 23.9672001, 40.7383352 ], [ 23.9897344, 40.7328236 ], [ 24.0030837, 40.7295583 ], [ 24.0111987, 40.7293044 ], [ 24.0442534, 40.7191731 ], [ 24.0724869, 40.71823 ], [ 24.091029, 40.7225312 ], [ 24.1162434, 40.7325133 ], [ 24.1365157, 40.7360185 ], [ 24.1946078, 40.7700377 ], [ 24.196873, 40.7708719 ], [ 24.2238588, 40.7808084 ], [ 24.2369922, 40.7893153 ], [ 24.2739517, 40.804496799999988 ], [ 24.2797168, 40.8088231 ], [ 24.3393834, 40.8260562 ], [ 24.3321697, 40.8299982 ], [ 24.3239383, 40.8259778 ], [ 24.3150479, 40.8245214 ], [ 24.3103392, 40.8258501 ], [ 24.3060307, 40.8306741 ], [ 24.3059845, 40.8396465 ], [ 24.3098741, 40.8473305 ], [ 24.3160757, 40.8503889 ], [ 24.3257547, 40.8438397 ], [ 24.3311391, 40.8445175 ], [ 24.331945, 40.8534588 ], [ 24.3359373, 40.8592812 ], [ 24.3174329, 40.8670088 ], [ 24.315345, 40.8718288 ], [ 24.3207021, 40.8824641 ], [ 24.3297634, 40.8815554 ], [ 24.3358506, 40.893793 ], [ 24.3420903, 40.8990769 ], [ 24.352097, 40.9026119 ], [ 24.360794, 40.89938 ], [ 24.3683403, 40.9081587 ], [ 24.3766938, 40.9085514 ], [ 24.3837905, 40.9200533 ], [ 24.3909047, 40.923513 ], [ 24.3951669, 40.9335097 ], [ 24.4089413, 40.9347736 ], [ 24.4143593, 40.9302093 ], [ 24.4189569, 40.9359249 ], [ 24.4250241, 40.936489 ], [ 24.4263561, 40.9417587 ], [ 24.4307505, 40.9443375 ], [ 24.4441575, 40.9461904 ], [ 24.4588606, 40.9417899 ], [ 24.4682243, 40.9442863 ], [ 24.4733196, 40.9513805 ], [ 24.5035098, 40.9544589 ], [ 24.5108165, 40.9582894 ], [ 24.5489195, 40.9542235 ], [ 24.5546807, 40.9497495 ], [ 24.5664683, 40.9281633 ], [ 24.5830306, 40.9078714 ], [ 24.6096325, 40.8872091 ], [ 24.6279559, 40.8591439 ], [ 24.6552513, 40.8703669 ], [ 24.6690796, 40.8726772 ], [ 24.6741979, 40.8712214 ], [ 24.6961054, 40.8649901 ], [ 24.7020529, 40.8570822 ], [ 24.6885853, 40.8565623 ], [ 24.6890092, 40.8548038 ], [ 24.7046094, 40.8513968 ], [ 24.7162418, 40.851587 ], [ 24.7407063, 40.85435 ], [ 24.7628827, 40.8598912 ], [ 24.7987309, 40.845995 ], [ 24.8060873, 40.848373 ], [ 24.81349, 40.8580855 ], [ 24.8026767, 40.8698857 ], [ 24.7966333, 40.9052697 ], [ 24.7789195, 40.9256386 ], [ 24.7706865, 40.9430625 ], [ 24.7590984, 40.9567141 ], [ 24.7571083, 40.9786254 ], [ 24.7447787, 40.9923363 ], [ 24.7333459, 41.0182275 ], [ 24.7419806, 41.0448289 ], [ 24.7532908, 41.0596862 ], [ 24.759204, 41.0728995 ], [ 24.7725844, 41.087997 ], [ 24.7558562, 41.0948227 ], [ 24.7509981, 41.0947415 ], [ 24.7490675, 41.0983213 ], [ 24.7449649, 41.0979598 ], [ 24.741205, 41.1010696 ], [ 24.7310958, 41.0998385 ], [ 24.7328977, 41.1045405 ], [ 24.7169885, 41.1081129 ], [ 24.7099507, 41.1133032 ], [ 24.7026643, 41.1186765 ], [ 24.6935108, 41.1193641 ], [ 24.6870867, 41.1302618 ], [ 24.6929191, 41.1379687 ], [ 24.6904187, 41.1461206 ], [ 24.685644, 41.15106 ], [ 24.6740273, 41.1536903 ], [ 24.670239, 41.1583581 ], [ 24.6735948, 41.1650918 ], [ 24.69134, 41.1691315 ], [ 24.6983317, 41.173798 ], [ 24.7009166, 41.1832237 ], [ 24.6957457, 41.1996464 ], [ 24.6897978, 41.2033675 ], [ 24.6756529, 41.2031903 ], [ 24.6663788, 41.205625 ], [ 24.6340481, 41.2031914 ] ] ], [ [ [ 24.6672814, 40.784455 ], [ 24.6504097, 40.8007724 ], [ 24.6405457, 40.794281 ], [ 24.6301228, 40.7935984 ], [ 24.611239, 40.7801297 ], [ 24.5969565, 40.776206 ], [ 24.5924557, 40.7708719 ], [ 24.5834319, 40.760176 ], [ 24.5774199, 40.7589786 ], [ 24.5630053, 40.7621925 ], [ 24.5578219, 40.7401407 ], [ 24.5343798, 40.7145509 ], [ 24.5250495, 40.6967687 ], [ 24.5249296, 40.6860873 ], [ 24.5145857, 40.6720429 ], [ 24.5111501, 40.6612735 ], [ 24.5144258, 40.6441538 ], [ 24.5127774, 40.6383532 ], [ 24.5236691, 40.6357624 ], [ 24.5287454, 40.6216443 ], [ 24.5736337, 40.626028399999988 ], [ 24.5894025, 40.6213915 ], [ 24.6015024, 40.6139066 ], [ 24.6078947, 40.6063167 ], [ 24.608515, 40.6006698 ], [ 24.6036408, 40.5942937 ], [ 24.6172593, 40.595413 ], [ 24.6208787, 40.5923572 ], [ 24.6202396, 40.5855384 ], [ 24.6391678, 40.5824128 ], [ 24.6429231, 40.5770486 ], [ 24.6427905, 40.5686502 ], [ 24.6578292, 40.5755417 ], [ 24.6680371, 40.5753123 ], [ 24.6687781, 40.5808514 ], [ 24.6741979, 40.5836611 ], [ 24.6908411, 40.5922882 ], [ 24.6926918, 40.5974384 ], [ 24.7162431, 40.5945632 ], [ 24.7203942, 40.6040096 ], [ 24.7308987, 40.6018978 ], [ 24.7396198, 40.603940699999988 ], [ 24.7415203, 40.6017619 ], [ 24.7507794, 40.6114648 ], [ 24.7595307, 40.6159802 ], [ 24.7642757, 40.6158459 ], [ 24.773101, 40.6073687 ], [ 24.7759921, 40.6097831 ], [ 24.7773566, 40.619137 ], [ 24.7821555, 40.625133 ], [ 24.7719194, 40.6303139 ], [ 24.775246, 40.6401234 ], [ 24.7681221, 40.644626 ], [ 24.7692239, 40.65153 ], [ 24.7630606, 40.673887 ], [ 24.7820447, 40.685998 ], [ 24.7764745, 40.700101599999989 ], [ 24.7794813, 40.703771499999988 ], [ 24.7606844, 40.7084062 ], [ 24.757651, 40.7167346 ], [ 24.7588335, 40.7257229 ], [ 24.7631875, 40.7314851 ], [ 24.7701723, 40.731201 ], [ 24.774608, 40.7336279 ], [ 24.7815222, 40.7307135 ], [ 24.7835416, 40.7349347 ], [ 24.7715225, 40.7470944 ], [ 24.7666845, 40.745098 ], [ 24.752219, 40.747225 ], [ 24.7470762, 40.754119 ], [ 24.7361898, 40.7578949 ], [ 24.7269996, 40.7694386 ], [ 24.7275215, 40.7708719 ], [ 24.7295074, 40.7763254 ], [ 24.7162431, 40.7853044 ], [ 24.7085963, 40.7799954 ], [ 24.6921109, 40.7772467 ], [ 24.6741979, 40.7824471 ], [ 24.6672814, 40.784455 ] ] ], [ [ [ 24.7162418, 40.8273588 ], [ 24.7127269, 40.8301112 ], [ 24.7087798, 40.8303162 ], [ 24.7064175, 40.8320474 ], [ 24.700862, 40.8323464 ], [ 24.699258, 40.8313382 ], [ 24.7003395, 40.8296093 ], [ 24.7037044, 40.8287413 ], [ 24.7053642, 40.8270151 ], [ 24.7094103, 40.826769899999988 ], [ 24.7111291, 40.8245867 ], [ 24.7162418, 40.8232846 ], [ 24.7174731, 40.8249015 ], [ 24.7162418, 40.8273588 ] ] ], [ [ [ 24.7844404, 40.6574847 ], [ 24.7855463, 40.6648637 ], [ 24.7831018, 40.663743 ], [ 24.7810394, 40.659263 ], [ 24.7771864, 40.6566593 ], [ 24.7797569, 40.6543979 ], [ 24.7826702, 40.654729 ], [ 24.7844404, 40.6574847 ] ] ], [ [ [ 24.620433, 40.5628685 ], [ 24.6180795, 40.5602041 ], [ 24.6256073, 40.5575844 ], [ 24.6249739, 40.5610771 ], [ 24.620433, 40.5628685 ] ] ], [ [ [ 24.3497527, 40.8702257 ], [ 24.3456901, 40.8695831 ], [ 24.3477542, 40.865573 ], [ 24.3507638, 40.8660562 ], [ 24.3497527, 40.8702257 ] ] ] ] } },
{ "type": "Feature", "properties": { "LEVL_CODE": 3.0, "MOUNT_TYPE": 3.0, "CNTR_CODE": "EL", "SVRG_UN": "UN Member State", "NAME_ENGL": "Greece", "NAME_LATN": "Voiotia", "NUTS_NAME": "Βοιωτία", "URBN_TYPE": 3.0, "NUTS_ID": "EL641", "CAPT": "Athens", "COAST_TYPE": 1.0, "ISO3_CODE": "GRC", "NAME_FREN": "Grèce", "EU_STAT": "T", "NAME_GERM": "Griechenland", "EFTA_STAT": "F", "CC_STAT": "F", "geo": "EL641" }, "geometry": { "type": "MultiPolygon", "coordinates": [ [ [ [ 22.7912976, 38.5827485 ], [ 22.7698688, 38.5859043 ], [ 22.7601844, 38.5740483 ], [ 22.7441249, 38.5708145 ], [ 22.7375642, 38.5602389 ], [ 22.7238775, 38.555122399999988 ], [ 22.7163318, 38.546503 ], [ 22.6982402, 38.5421089 ], [ 22.6502986, 38.5180731 ], [ 22.6466, 38.5146535 ], [ 22.6450395, 38.5135725 ], [ 22.6432205, 38.5126905 ], [ 22.6409375, 38.511927 ], [ 22.6313171, 38.5166978 ], [ 22.6298342, 38.5180731 ], [ 22.5962181, 38.5492438 ], [ 22.5815192, 38.5593474 ], [ 22.5709135, 38.5589018 ], [ 22.5656375, 38.5586801 ], [ 22.5504304, 38.5672385 ], [ 22.5364117, 38.5680526 ], [ 22.4978289, 38.580019 ], [ 22.4884527, 38.5636521 ], [ 22.5138795, 38.5381807 ], [ 22.5223667, 38.5180731 ], [ 22.5241446, 38.5138602 ], [ 22.5269864, 38.4974003 ], [ 22.5497829, 38.4797448 ], [ 22.5472411, 38.4636649 ], [ 22.5395216, 38.4553548 ], [ 22.55821, 38.4392002 ], [ 22.5767829, 38.4294078 ], [ 22.5931537, 38.4341244 ], [ 22.602149, 38.432619 ], [ 22.6046989, 38.4213097 ], [ 22.6117631, 38.4085134 ], [ 22.6073729, 38.3816017 ], [ 22.6120031, 38.3679669 ], [ 22.608279, 38.3586565 ], [ 22.6087944, 38.3568318 ], [ 22.6118407, 38.3586565 ], [ 22.6201823, 38.3636525 ], [ 22.6209877, 38.3586565 ], [ 22.6214066, 38.3560576 ], [ 22.6254162, 38.3520523 ], [ 22.6284291, 38.3501445 ], [ 22.6343756, 38.349605 ], [ 22.6385751, 38.3520523 ], [ 22.6463618, 38.3586565 ], [ 22.6464958, 38.3666615 ], [ 22.6322166, 38.3700948 ], [ 22.6295765, 38.3749539 ], [ 22.6467812, 38.3842251 ], [ 22.6560234, 38.3855776 ], [ 22.664614, 38.3827255 ], [ 22.6785509, 38.3731799 ], [ 22.6866947, 38.3586565 ], [ 22.688349, 38.355465 ], [ 22.6856281, 38.3465779 ], [ 22.6781569, 38.3439043 ], [ 22.685217, 38.3254671 ], [ 22.6964503, 38.3151772 ], [ 22.7122284, 38.3076194 ], [ 22.7468811, 38.2973435 ], [ 22.7563274, 38.2870147 ], [ 22.7828777, 38.281755 ], [ 22.7957987, 38.2745318 ], [ 22.7963004, 38.2698921 ], [ 22.7870741, 38.2646917 ], [ 22.7850346, 38.2584078 ], [ 22.7735619, 38.2553516 ], [ 22.7652455, 38.2480385 ], [ 22.7652013, 38.2437152 ], [ 22.7792956, 38.2345692 ], [ 22.791363, 38.2325241 ], [ 22.8030658, 38.2271011 ], [ 22.8095369, 38.2307785 ], [ 22.8358856, 38.225655599999989 ], [ 22.8648673, 38.2322674 ], [ 22.8697972, 38.2311901 ], [ 22.880291, 38.2228545 ], [ 22.8862955, 38.2302175 ], [ 22.8868842, 38.235978 ], [ 22.8945483, 38.2358896 ], [ 22.8964499, 38.2323878 ], [ 22.894465, 38.2199201 ], [ 22.9001267, 38.2090949 ], [ 22.906382, 38.1854698 ], [ 22.9146012, 38.1929639 ], [ 22.9164928, 38.1925278 ], [ 22.9354245, 38.1881628 ], [ 22.942709, 38.1829711 ], [ 22.9471409, 38.1835393 ], [ 22.9535653, 38.188527 ], [ 22.965848, 38.1883759 ], [ 22.9596114, 38.200963 ], [ 22.9446933, 38.2074641 ], [ 22.9365359, 38.2065193 ], [ 22.9309176, 38.1989453 ], [ 22.9212366, 38.1997422 ], [ 22.9187678, 38.2040304 ], [ 22.9231408, 38.2146514 ], [ 22.9304873, 38.2184865 ], [ 22.9379043, 38.2158805 ], [ 22.9518869, 38.2222818 ], [ 22.9543528, 38.2130149 ], [ 22.9572825, 38.2109963 ], [ 22.9628172, 38.2132439 ], [ 22.9697728, 38.2111812 ], [ 22.971931, 38.2135022 ], [ 22.9896693, 38.210798 ], [ 23.0193313, 38.2122529 ], [ 23.0244007, 38.2128202 ], [ 23.0289528, 38.2052031 ], [ 23.0413931, 38.2009948 ], [ 23.0512503, 38.1946809 ], [ 23.0497581, 38.1892155 ], [ 23.0421917, 38.1898285 ], [ 23.0297902, 38.1794038 ], [ 23.0473042, 38.1766996 ], [ 23.0498776, 38.1784182 ], [ 23.0588723, 38.1774408 ], [ 23.0688542, 38.1704945 ], [ 23.0741395, 38.1726062 ], [ 23.1072114, 38.2051793 ], [ 23.1143904, 38.2057672 ], [ 23.1236556, 38.2000556 ], [ 23.1255962, 38.1926049 ], [ 23.1422544, 38.1827275 ], [ 23.126179, 38.1684 ], [ 23.1497794, 38.1717274 ], [ 23.156328, 38.1736849 ], [ 23.1818417, 38.1813109 ], [ 23.1906867, 38.1818461 ], [ 23.2069914, 38.1828448 ], [ 23.2117268, 38.1831348 ], [ 23.2236467, 38.189965 ], [ 23.2430746, 38.1846868 ], [ 23.2450869, 38.1845488 ], [ 23.2741642, 38.1825547 ], [ 23.2843228, 38.1840852 ], [ 23.2875256, 38.1865066 ], [ 23.2898662, 38.188276 ], [ 23.2925873, 38.1948679 ], [ 23.288775, 38.2290375 ], [ 23.2922118, 38.2391266 ], [ 23.3086926, 38.2452027 ], [ 23.3179617, 38.257143 ], [ 23.3246329, 38.2615607 ], [ 23.3645116, 38.2607901 ], [ 23.3819549, 38.2683633 ], [ 23.39591, 38.2664035 ], [ 23.3931526, 38.261951 ], [ 23.394299, 38.2542385 ], [ 23.3901426, 38.2361425 ], [ 23.3767775, 38.2321491 ], [ 23.371056, 38.2278305 ], [ 23.3749281, 38.2138404 ], [ 23.3946969, 38.2125622 ], [ 23.4091735, 38.2060081 ], [ 23.4207454, 38.2087496 ], [ 23.4414368, 38.2088467 ], [ 23.4453942, 38.205534 ], [ 23.4602149, 38.2072359 ], [ 23.4584043, 38.2002471 ], [ 23.4641619, 38.1798706 ], [ 23.460312, 38.1717876 ], [ 23.4611209, 38.1658569 ], [ 23.4669219, 38.1628448 ], [ 23.4765947, 38.157822 ], [ 23.4987512, 38.155758 ], [ 23.5084198, 38.1526405 ], [ 23.5157136, 38.1448566 ], [ 23.5156908, 38.1371303 ], [ 23.5045245, 38.1355697 ], [ 23.502847, 38.130593 ], [ 23.5316625, 38.1277195 ], [ 23.5343907, 38.1305806 ], [ 23.5394822, 38.1359199 ], [ 23.5584499, 38.1390987 ], [ 23.5719245, 38.1442079 ], [ 23.5811365, 38.1573032 ], [ 23.5985351, 38.159142 ], [ 23.6088305, 38.1660388 ], [ 23.6289075, 38.1728933 ], [ 23.6261186, 38.1889534 ], [ 23.6372119, 38.199362 ], [ 23.6372119, 38.2069994 ], [ 23.6344945, 38.211341 ], [ 23.6372119, 38.2207684 ], [ 23.6388361, 38.2264024 ], [ 23.6372119, 38.2284529 ], [ 23.6351389, 38.23107 ], [ 23.6372119, 38.2372878 ], [ 23.6372119, 38.2387385 ], [ 23.6328822, 38.2428364 ], [ 23.6368038, 38.2605676 ], [ 23.6372119, 38.277696 ], [ 23.6451879, 38.2852946 ], [ 23.6492908, 38.2953275 ], [ 23.6641322, 38.3004382 ], [ 23.6598286, 38.3138849 ], [ 23.6638396, 38.3200757 ], [ 23.6844794, 38.3245115 ], [ 23.6889184, 38.331027 ], [ 23.690418, 38.3402975 ], [ 23.6775648, 38.3400818 ], [ 23.6661056, 38.3496899 ], [ 23.6555732, 38.3520523 ], [ 23.6429252, 38.349397 ], [ 23.6372119, 38.3498168 ], [ 23.6316691, 38.3502242 ], [ 23.6152417, 38.354227 ], [ 23.609445, 38.3586565 ], [ 23.6077037, 38.3599871 ], [ 23.5905982, 38.3666523 ], [ 23.5584499, 38.3687189 ], [ 23.5505303, 38.3691571 ], [ 23.545245, 38.364846 ], [ 23.5102223, 38.3748853 ], [ 23.495457, 38.3822677 ], [ 23.4828085, 38.396251 ], [ 23.4669219, 38.4036393 ], [ 23.4427817, 38.4148645 ], [ 23.4335759, 38.4293283 ], [ 23.435087, 38.4332451 ], [ 23.4425582, 38.4356668 ], [ 23.4574489, 38.4457983 ], [ 23.46379, 38.4550739 ], [ 23.4425103, 38.4541138 ], [ 23.4273729, 38.4592368 ], [ 23.4125932, 38.4569119 ], [ 23.3945295, 38.4693983 ], [ 23.3662779, 38.4610139 ], [ 23.3225369, 38.4436711 ], [ 23.3205614, 38.4275985 ], [ 23.288109, 38.411854 ], [ 23.2875256, 38.4158589 ], [ 23.2860334, 38.4261016 ], [ 23.2843228, 38.427587 ], [ 23.2730665, 38.4290901 ], [ 23.2698396, 38.4319621 ], [ 23.2706316, 38.4424166 ], [ 23.2763123, 38.4473997 ], [ 23.2791191, 38.4542747 ], [ 23.2843228, 38.458404 ], [ 23.2875256, 38.4609454 ], [ 23.2947517, 38.4666791 ], [ 23.2995669, 38.4874459 ], [ 23.3230599, 38.4970525 ], [ 23.328289, 38.5012205 ], [ 23.3283154, 38.5108412 ], [ 23.3324562, 38.517837199999988 ], [ 23.3352078, 38.5180731 ], [ 23.3668381, 38.5207849 ], [ 23.3734421, 38.5220986 ], [ 23.3777905, 38.525757 ], [ 23.3668381, 38.526187899999989 ], [ 23.3376198, 38.5262656 ], [ 23.3154271, 38.5180731 ], [ 23.2971163, 38.5113129 ], [ 23.2875256, 38.5087959 ], [ 23.2843228, 38.5079553 ], [ 23.2738666, 38.505211 ], [ 23.2572919, 38.5051705 ], [ 23.2485379, 38.5009858 ], [ 23.2450869, 38.5011665 ], [ 23.2313444, 38.5018861 ], [ 23.2263427, 38.5047708 ], [ 23.2102789, 38.5065906 ], [ 23.2110201, 38.5180731 ], [ 23.211657, 38.5279396 ], [ 23.2069914, 38.534696 ], [ 23.2051408, 38.5373757 ], [ 23.1804426, 38.5373773 ], [ 23.156328, 38.5519066 ], [ 23.1496863, 38.5559077 ], [ 23.1378796, 38.5527564 ], [ 23.1322013, 38.5536022 ], [ 23.1286949, 38.5697116 ], [ 23.1361058, 38.5822964 ], [ 23.127607, 38.5854395 ], [ 23.1113323, 38.5799706 ], [ 23.0667475, 38.5793127 ], [ 23.0618896, 38.5588102 ], [ 23.0532541, 38.5423946 ], [ 23.0374862, 38.5372801 ], [ 23.0170195, 38.5417182 ], [ 23.0077029, 38.5413307 ], [ 22.9854837, 38.5512247 ], [ 22.9692926, 38.553822 ], [ 22.9506726, 38.5648332 ], [ 22.933242, 38.5567479 ], [ 22.9164928, 38.5576663 ], [ 22.9049342, 38.5583002 ], [ 22.8759345, 38.551098 ], [ 22.861773, 38.5881405 ], [ 22.8508005, 38.5899232 ], [ 22.8256995, 38.5850658 ], [ 22.8066166, 38.5942623 ], [ 22.7912976, 38.5827485 ] ] ], [ [ [ 22.9955046, 38.1828463 ], [ 22.9909072, 38.1812965 ], [ 22.9921988, 38.1790459 ], [ 22.9961532, 38.1773817 ], [ 23.0059363, 38.1781511 ], [ 23.0067915, 38.1800566 ], [ 23.0134098, 38.1779445 ], [ 23.015547, 38.1798805 ], [ 23.0097784, 38.1829953 ], [ 22.9955046, 38.1828463 ] ] ], [ [ [ 22.9558625, 38.1777427 ], [ 22.9522513, 38.175494 ], [ 22.9494365, 38.1758565 ], [ 22.9465274, 38.1737584 ], [ 22.9518406, 38.1723842 ], [ 22.954655, 38.1742021 ], [ 22.9637492, 38.175135 ], [ 22.9637812, 38.1769337 ], [ 22.9693132, 38.1759194 ], [ 22.9701884, 38.1790526 ], [ 22.9558625, 38.1777427 ] ] ], [ [ [ 22.9896489, 38.1831396 ], [ 22.9828478, 38.1836889 ], [ 22.9813256, 38.1815517 ], [ 22.9830239, 38.1784116 ], [ 22.988809, 38.1791332 ], [ 22.9896489, 38.1831396 ] ] ], [ [ [ 22.8819832, 38.1825588 ], [ 22.8804361, 38.1815115 ], [ 22.8813276, 38.1770988 ], [ 22.8859953, 38.1794308 ], [ 22.8819832, 38.1825588 ] ] ], [ [ [ 22.991264, 38.2074688 ], [ 22.9859247, 38.2055516 ], [ 22.9879833, 38.2028326 ], [ 22.992812, 38.2056201 ], [ 22.991264, 38.2074688 ] ] ], [ [ [ 22.701042, 38.2994912 ], [ 22.6991981, 38.2996085 ], [ 22.6985717, 38.2959155 ], [ 22.7002739, 38.2926327 ], [ 22.7018762, 38.2931566 ], [ 22.701042, 38.2994912 ] ] ] ] } },
{ "type": "Feature", "properties": { "LEVL_CODE": 3.0, "MOUNT_TYPE": 3.0, "CNTR_CODE": "EL", "SVRG_UN": "UN Member State", "NAME_ENGL": "Greece", "NAME_LATN": "Evrytania", "NUTS_NAME": "Ευρυτανία", "URBN_TYPE": 3.0, "NUTS_ID": "EL643", "CAPT": "Athens", "COAST_TYPE": 2.0, "ISO3_CODE": "GRC", "NAME_FREN": "Grèce", "EU_STAT": "T", "NAME_GERM": "Griechenland", "EFTA_STAT": "F", "CC_STAT": "F", "geo": "EL643" }, "geometry": { "type": "MultiPolygon", "coordinates": [ [ [ [ 21.6352332, 39.2554958 ], [ 21.6285335, 39.2545905 ], [ 21.6268579, 39.2538412 ], [ 21.6095381, 39.242359 ], [ 21.5804576, 39.2413373 ], [ 21.5670498, 39.2329865 ], [ 21.559193, 39.2188834 ], [ 21.5502303, 39.2166951 ], [ 21.5392399, 39.2168788 ], [ 21.5069008, 39.2350682 ], [ 21.4936596, 39.2229577 ], [ 21.4872254, 39.2203111 ], [ 21.4837696, 39.2188896 ], [ 21.4679021, 39.2123622 ], [ 21.4608654, 39.2027924 ], [ 21.4458583, 39.2048929 ], [ 21.4450592, 39.200057 ], [ 21.4483148, 39.1933682 ], [ 21.446213, 39.188856099999988 ], [ 21.396378, 39.1647415 ], [ 21.3945572, 39.1524185 ], [ 21.3971217, 39.1364715 ], [ 21.4095331, 39.1195662 ], [ 21.4209717, 39.1107622 ], [ 21.4328972, 39.1068741 ], [ 21.4345245, 39.1034711 ], [ 21.4217415, 39.0817933 ], [ 21.4145006, 39.0748328 ], [ 21.4125006, 39.0601319 ], [ 21.4166316, 39.0536977 ], [ 21.3949227, 39.0491394 ], [ 21.3907884, 39.0426692 ], [ 21.3773672, 39.0315621 ], [ 21.3754439, 39.0185033 ], [ 21.3811213, 39.0133754 ], [ 21.3911334, 39.0092895 ], [ 21.4001149, 39.0123755 ], [ 21.4131862, 39.0073188 ], [ 21.4335542, 38.9912886 ], [ 21.4522522, 38.9851888 ], [ 21.4665701, 38.9858279 ], [ 21.4837696, 38.9753154 ], [ 21.4872254, 38.973203 ], [ 21.4893045, 38.9719155 ], [ 21.5026214, 38.9715614 ], [ 21.5096658, 38.9676224 ], [ 21.511043, 38.9640924 ], [ 21.5023297, 38.9558691 ], [ 21.502523, 38.9502715 ], [ 21.4933671, 38.9335113 ], [ 21.4945371, 38.9311863 ], [ 21.5002778, 38.919776399999989 ], [ 21.4986399, 38.9137373 ], [ 21.501295, 38.9075377 ], [ 21.4975459, 38.9010875 ], [ 21.5075438, 38.895659 ], [ 21.509896, 38.889554 ], [ 21.5385048, 38.8886001 ], [ 21.5524476, 38.8905313 ], [ 21.5630548, 38.8852741 ], [ 21.5762537, 38.888322 ], [ 21.5904674, 38.8830127 ], [ 21.6087087, 38.8824551 ], [ 21.6213367, 38.8730858 ], [ 21.6268579, 38.8739292 ], [ 21.6317475, 38.8749195 ], [ 21.6373277, 38.8687785 ], [ 21.6330339, 38.8572421 ], [ 21.6268579, 38.8494122 ], [ 21.6210472, 38.842856 ], [ 21.6182602, 38.8503277 ], [ 21.5743182, 38.8476922 ], [ 21.5660101, 38.832415 ], [ 21.5706945, 38.8223043 ], [ 21.5699065, 38.8178864 ], [ 21.5599572, 38.8066361 ], [ 21.5494886, 38.801752 ], [ 21.5530917, 38.7932182 ], [ 21.5622291, 38.7841501 ], [ 21.5618748, 38.7671167 ], [ 21.5706749, 38.7501351 ], [ 21.5686743, 38.7427607 ], [ 21.5709385, 38.7376714 ], [ 21.5937406, 38.7264342 ], [ 21.607759, 38.7256804 ], [ 21.624319, 38.720506 ], [ 21.6268579, 38.7201589 ], [ 21.6427957, 38.7144172 ], [ 21.6681368, 38.7154886 ], [ 21.682889, 38.7097967 ], [ 21.6863677, 38.703498499999988 ], [ 21.690935, 38.702452099999988 ], [ 21.7302522, 38.7056011 ], [ 21.7423337, 38.708786 ], [ 21.76208, 38.7139911 ], [ 21.7726841, 38.7045002 ], [ 21.7691625, 38.6982592 ], [ 21.7724446, 38.6902305 ], [ 21.7679488, 38.6826369 ], [ 21.7702031, 38.6756105 ], [ 21.7754817, 38.6766827 ], [ 21.782946, 38.6824885 ], [ 21.8004549, 38.6857108 ], [ 21.8075736, 38.6848701 ], [ 21.8191845, 38.694515 ], [ 21.8193422, 38.6999572 ], [ 21.8275323, 38.7126948 ], [ 21.8311724, 38.7372318 ], [ 21.8418435, 38.7380886 ], [ 21.8573994, 38.7340668 ], [ 21.8749659, 38.737516 ], [ 21.8884246, 38.7278849 ], [ 21.898604, 38.725152099999988 ], [ 21.9427909, 38.7430342 ], [ 21.946002, 38.784002 ], [ 21.9446123, 38.7960856 ], [ 21.9365107, 38.816015199999988 ], [ 21.9135736, 38.829189 ], [ 21.9044426, 38.8315684 ], [ 21.891797, 38.8447588 ], [ 21.8885213, 38.8572421 ], [ 21.8773949, 38.8629132 ], [ 21.875305, 38.8669563 ], [ 21.8760695, 38.8816699 ], [ 21.8803755, 38.8896091 ], [ 21.8832946, 38.9117529 ], [ 21.8715164, 38.9261044 ], [ 21.8612197, 38.9311863 ], [ 21.8558339, 38.9338443 ], [ 21.8491001, 38.9401126 ], [ 21.832688, 38.9438103 ], [ 21.8269104, 38.9486763 ], [ 21.829233, 38.9520337 ], [ 21.8412033, 38.9574251 ], [ 21.8506295, 38.9717302 ], [ 21.8633619, 39.0002859 ], [ 21.8617246, 39.0165847 ], [ 21.8847482, 39.0257886 ], [ 21.9022002, 39.0466351 ], [ 21.9166123, 39.058902 ], [ 21.93851, 39.0650815 ], [ 21.9401442, 39.0838152 ], [ 21.9342151, 39.0904689 ], [ 21.9301161, 39.1010977 ], [ 21.9070565, 39.1068955 ], [ 21.9009597, 39.1079776 ], [ 21.900007, 39.1167942 ], [ 21.8959842, 39.1221588 ], [ 21.8740025, 39.1237831 ], [ 21.8719282, 39.1342713 ], [ 21.8639808, 39.1408214 ], [ 21.8576033, 39.1515904 ], [ 21.8363823, 39.1538745 ], [ 21.8305208, 39.1500327 ], [ 21.8253256, 39.1419257 ], [ 21.8132635, 39.1370105 ], [ 21.8173805, 39.1270208 ], [ 21.8098625, 39.1190024 ], [ 21.7980001, 39.1162432 ], [ 21.770403, 39.1021805 ], [ 21.7640724, 39.1131573 ], [ 21.7338955, 39.114164099999989 ], [ 21.7287004, 39.1178897 ], [ 21.73013, 39.1252255 ], [ 21.7239415, 39.1481499 ], [ 21.7328365, 39.1538125 ], [ 21.7340833, 39.1670069 ], [ 21.7417491, 39.1774736 ], [ 21.7298686, 39.1821965 ], [ 21.7054554, 39.1814845 ], [ 21.6993312, 39.184340299999988 ], [ 21.6959045, 39.1987829 ], [ 21.6892704, 39.2090863 ], [ 21.6890511, 39.2168793 ], [ 21.6924543, 39.221951 ], [ 21.704927, 39.2269015 ], [ 21.7020919, 39.2310711 ], [ 21.6949537, 39.2317068 ], [ 21.6919101, 39.2341722 ], [ 21.6860515, 39.2505058 ], [ 21.6728108, 39.248252099999988 ], [ 21.665323, 39.2494836 ], [ 21.6472263, 39.2453682 ], [ 21.6417363, 39.2475683 ], [ 21.6352332, 39.2554958 ] ] ] ] } },
{ "type": "Feature", "properties": { "LEVL_CODE": 3.0, "MOUNT_TYPE": 3.0, "CNTR_CODE": "EL", "SVRG_UN": "UN Member State", "NAME_ENGL": "Greece", "NAME_LATN": "Fthiotida", "NUTS_NAME": "Φθιώτιδα", "URBN_TYPE": 3.0, "NUTS_ID": "EL644", "CAPT": "Athens", "COAST_TYPE": 1.0, "ISO3_CODE": "GRC", "NAME_FREN": "Grèce", "EU_STAT": "T", "NAME_GERM": "Griechenland", "EFTA_STAT": "F", "CC_STAT": "F", "geo": "EL644" }, "geometry": { "type": "MultiPolygon", "coordinates": [ [ [ [ 22.2771542, 39.2614479 ], [ 22.2665428, 39.2729297 ], [ 22.2582015, 39.272195 ], [ 22.2529752, 39.2625842 ], [ 22.2531219, 39.2571384 ], [ 22.2479134, 39.2552092 ], [ 22.2465726, 39.2476334 ], [ 22.2317219, 39.2391489 ], [ 22.2083591, 39.2025815 ], [ 22.1987635, 39.1993301 ], [ 22.1867186, 39.1884775 ], [ 22.1825473, 39.1735771 ], [ 22.1705691, 39.1684526 ], [ 22.1657888, 39.1631014 ], [ 22.1554902, 39.162351 ], [ 22.1511571, 39.1589753 ], [ 22.1499361, 39.1511139 ], [ 22.166126, 39.1250934 ], [ 22.1354348, 39.1134509 ], [ 22.1181321, 39.099254 ], [ 22.1097801, 39.0989269 ], [ 22.1053826, 39.0987546 ], [ 22.093379, 39.092137 ], [ 22.0784345, 39.1073576 ], [ 22.066139, 39.0861305 ], [ 22.0513297, 39.08226 ], [ 22.0446322, 39.0833308 ], [ 22.0432259, 39.0815164 ], [ 22.0451382, 39.0683435 ], [ 22.0514985, 39.0583583 ], [ 22.0609412, 39.0520955 ], [ 22.0300906, 39.0430688 ], [ 22.0209643, 39.0445251 ], [ 22.0078551, 39.0300165 ], [ 21.991282, 39.0369114 ], [ 21.9841086, 39.0340491 ], [ 21.9510766, 39.0263263 ], [ 21.944658, 39.0364503 ], [ 21.93851, 39.0650815 ], [ 21.9166123, 39.058902 ], [ 21.9022002, 39.0466351 ], [ 21.8847482, 39.0257886 ], [ 21.8617246, 39.0165847 ], [ 21.8633619, 39.0002859 ], [ 21.8506295, 38.9717302 ], [ 21.8412033, 38.9574251 ], [ 21.829233, 38.9520337 ], [ 21.8269104, 38.9486763 ], [ 21.832688, 38.9438103 ], [ 21.8491001, 38.9401126 ], [ 21.8558339, 38.9338443 ], [ 21.8612197, 38.9311863 ], [ 21.8715164, 38.9261044 ], [ 21.8832946, 38.9117529 ], [ 21.8803755, 38.8896091 ], [ 21.8760695, 38.8816699 ], [ 21.875305, 38.8669563 ], [ 21.8773949, 38.8629132 ], [ 21.8885213, 38.8572421 ], [ 21.891797, 38.8447588 ], [ 21.9044426, 38.8315684 ], [ 21.9135736, 38.829189 ], [ 21.9365107, 38.816015199999988 ], [ 21.9446123, 38.7960856 ], [ 21.946002, 38.784002 ], [ 21.9705309, 38.7700982 ], [ 21.9841086, 38.7725458 ], [ 21.9904586, 38.7745508 ], [ 21.9959494, 38.7728148 ], [ 21.9994255, 38.76861 ], [ 22.0061044, 38.7698175 ], [ 22.0265793, 38.7677394 ], [ 22.0417495, 38.7586309 ], [ 22.0570712, 38.7571199 ], [ 22.0699813, 38.7477708 ], [ 22.0703029, 38.7382788 ], [ 22.0884189, 38.7416208 ], [ 22.100161, 38.737485 ], [ 22.103532, 38.739219 ], [ 22.106738, 38.7396775 ], [ 22.1097801, 38.7383339 ], [ 22.1220673, 38.7329068 ], [ 22.1338533, 38.712538599999988 ], [ 22.1538536, 38.7240353 ], [ 22.1708442, 38.7229001 ], [ 22.1797014, 38.734255 ], [ 22.1799258, 38.7397659 ], [ 22.1867095, 38.7456273 ], [ 22.1848716, 38.757856499999988 ], [ 22.2094169, 38.7578306 ], [ 22.2183347, 38.7652154 ], [ 22.2461378, 38.7770641 ], [ 22.2506051, 38.7839821 ], [ 22.2599421, 38.7807008 ], [ 22.2594545, 38.7899348 ], [ 22.2676341, 38.7983525 ], [ 22.2754433, 38.7990927 ], [ 22.2847044, 38.8046114 ], [ 22.2953098, 38.8072208 ], [ 22.3144996, 38.7883873 ], [ 22.3043735, 38.7776005 ], [ 22.3076526, 38.7651606 ], [ 22.3043787, 38.7629554 ], [ 22.2966034, 38.7439787 ], [ 22.3071088, 38.7183057 ], [ 22.3545049, 38.7252478 ], [ 22.3748913, 38.7341386 ], [ 22.3911146, 38.7275409 ], [ 22.4006727, 38.7297941 ], [ 22.4058566, 38.7338091 ], [ 22.4265065, 38.733116 ], [ 22.4296081, 38.7222581 ], [ 22.4488475, 38.7014527 ], [ 22.4580087, 38.6986728 ], [ 22.4797816, 38.6863609 ], [ 22.4941367, 38.68327 ], [ 22.4948278, 38.6636366 ], [ 22.5015095, 38.6556501 ], [ 22.5068631, 38.654233 ], [ 22.5170064, 38.6566046 ], [ 22.5266405, 38.6560081 ], [ 22.5354731, 38.6678504 ], [ 22.5402981, 38.668496 ], [ 22.5448432, 38.6658548 ], [ 22.5528795, 38.6534085 ], [ 22.5525912, 38.639182 ], [ 22.5673936, 38.6242939 ], [ 22.5688829, 38.59725 ], [ 22.5709135, 38.591191 ], [ 22.5729535, 38.5851034 ], [ 22.5718511, 38.5707472 ], [ 22.5815192, 38.5593474 ], [ 22.5962181, 38.5492438 ], [ 22.6298342, 38.5180731 ], [ 22.6313171, 38.5166978 ], [ 22.6409375, 38.511927 ], [ 22.6432205, 38.5126905 ], [ 22.6450395, 38.5135725 ], [ 22.6466, 38.5146535 ], [ 22.6502986, 38.5180731 ], [ 22.6982402, 38.5421089 ], [ 22.7163318, 38.546503 ], [ 22.7238775, 38.555122399999988 ], [ 22.7375642, 38.5602389 ], [ 22.7441249, 38.5708145 ], [ 22.7601844, 38.5740483 ], [ 22.7698688, 38.5859043 ], [ 22.7912976, 38.5827485 ], [ 22.8066166, 38.5942623 ], [ 22.8256995, 38.5850658 ], [ 22.8508005, 38.5899232 ], [ 22.861773, 38.5881405 ], [ 22.8759345, 38.551098 ], [ 22.9049342, 38.5583002 ], [ 22.9164928, 38.5576663 ], [ 22.933242, 38.5567479 ], [ 22.9506726, 38.5648332 ], [ 22.9692926, 38.553822 ], [ 22.9854837, 38.5512247 ], [ 23.0077029, 38.5413307 ], [ 23.0170195, 38.5417182 ], [ 23.0374862, 38.5372801 ], [ 23.0532541, 38.5423946 ], [ 23.0618896, 38.5588102 ], [ 23.0667475, 38.5793127 ], [ 23.1113323, 38.5799706 ], [ 23.127607, 38.5854395 ], [ 23.1361058, 38.5822964 ], [ 23.1286949, 38.5697116 ], [ 23.1322013, 38.5536022 ], [ 23.1378796, 38.5527564 ], [ 23.1496863, 38.5559077 ], [ 23.156328, 38.5519066 ], [ 23.1804426, 38.5373773 ], [ 23.2051408, 38.5373757 ], [ 23.2069914, 38.534696 ], [ 23.211657, 38.5279396 ], [ 23.2110201, 38.5180731 ], [ 23.2102789, 38.5065906 ], [ 23.2263427, 38.5047708 ], [ 23.2313444, 38.5018861 ], [ 23.2450869, 38.5011665 ], [ 23.2485379, 38.5009858 ], [ 23.2572919, 38.5051705 ], [ 23.2738666, 38.505211 ], [ 23.2843228, 38.5079553 ], [ 23.2875256, 38.5087959 ], [ 23.2971163, 38.5113129 ], [ 23.3154271, 38.5180731 ], [ 23.3376198, 38.5262656 ], [ 23.3668381, 38.526187899999989 ], [ 23.3777905, 38.525757 ], [ 23.3598001, 38.5354951 ], [ 23.346501, 38.537957 ], [ 23.3369919, 38.5334281 ], [ 23.3323662, 38.5353062 ], [ 23.3313477, 38.5420096 ], [ 23.3194024, 38.5556752 ], [ 23.3156322, 38.5686594 ], [ 23.2994561, 38.5679124 ], [ 23.2910039, 38.561947 ], [ 23.2883306, 38.5623792 ], [ 23.2897999, 38.5711368 ], [ 23.307132, 38.5875049 ], [ 23.3239174, 38.5929454 ], [ 23.3388701, 38.6046881 ], [ 23.3359758, 38.6225063 ], [ 23.3218508, 38.636429 ], [ 23.2841114, 38.6487324 ], [ 23.2704329, 38.6484799 ], [ 23.2608543, 38.645701 ], [ 23.2576844, 38.6447813 ], [ 23.2490456, 38.646102 ], [ 23.2303607, 38.6553128 ], [ 23.2112578, 38.6700936 ], [ 23.1911466, 38.6788691 ], [ 23.1686485, 38.6728155 ], [ 23.1721045, 38.6679837 ], [ 23.1879078, 38.6581924 ], [ 23.1876064, 38.6510201 ], [ 23.1671266, 38.6430522 ], [ 23.156328, 38.6458364 ], [ 23.1407328, 38.6453139 ], [ 23.1297291, 38.6345135 ], [ 23.1232629, 38.6369175 ], [ 23.1145519, 38.6275827 ], [ 23.1066464, 38.6261674 ], [ 23.0971358, 38.637306 ], [ 23.0868129, 38.6428011 ], [ 23.0833627, 38.6601824 ], [ 23.0638359, 38.6857294 ], [ 23.0612282, 38.6971894 ], [ 23.0659784, 38.7139955 ], [ 23.0643602, 38.7212449 ], [ 23.0366501, 38.7526412 ], [ 23.0150735, 38.7485924 ], [ 22.9691375, 38.7458243 ], [ 22.9419726, 38.7528938 ], [ 22.930723, 38.7590065 ], [ 22.9229151, 38.7706752 ], [ 22.9164928, 38.7723211 ], [ 22.8992202, 38.7767474 ], [ 22.8836196, 38.7694088 ], [ 22.8744989, 38.7580608 ], [ 22.8641671, 38.7551474 ], [ 22.8577834, 38.7621151 ], [ 22.8403173, 38.7727008 ], [ 22.8249585, 38.7888766 ], [ 22.8085153, 38.7819016 ], [ 22.7897223, 38.7831967 ], [ 22.778951, 38.7783173 ], [ 22.7683169, 38.780342 ], [ 22.7589815, 38.7860692 ], [ 22.7438738, 38.8061794 ], [ 22.7307503, 38.8182887 ], [ 22.7074269, 38.8315571 ], [ 22.696993, 38.8505704 ], [ 22.685402, 38.8416958 ], [ 22.6715675, 38.8399063 ], [ 22.662543, 38.834466 ], [ 22.6426234, 38.8316998 ], [ 22.6301031, 38.8363072 ], [ 22.6072958, 38.8222627 ], [ 22.6001693, 38.8270229 ], [ 22.5997004, 38.8416256 ], [ 22.5933287, 38.8422167 ], [ 22.5928504, 38.8347875 ], [ 22.5854231, 38.8269363 ], [ 22.5778053, 38.8281186 ], [ 22.5709135, 38.8373473 ], [ 22.5614613, 38.8350584 ], [ 22.555836, 38.8368671 ], [ 22.5559569, 38.8445484 ], [ 22.5709135, 38.863518 ], [ 22.5709135, 38.8657413 ], [ 22.5651718, 38.8665057 ], [ 22.5421365, 38.8578232 ], [ 22.5370351, 38.8589678 ], [ 22.556776, 38.871887 ], [ 22.5551347, 38.8754889 ], [ 22.5483023, 38.877512 ], [ 22.5502102, 38.8834049 ], [ 22.5709135, 38.8887071 ], [ 22.5760821, 38.8900307 ], [ 22.5815192, 38.893644 ], [ 22.5849549, 38.8959272 ], [ 22.6037919, 38.9084438 ], [ 22.6173205, 38.9113034 ], [ 22.626582, 38.9065747 ], [ 22.6467825, 38.9031654 ], [ 22.6710993, 38.8818339 ], [ 22.6931885, 38.8785532 ], [ 22.7020664, 38.8854207 ], [ 22.7091379, 38.8869842 ], [ 22.7257435, 38.8755314 ], [ 22.7552475, 38.870544 ], [ 22.7731476, 38.8794652 ], [ 22.7866935, 38.8779409 ], [ 22.8049803, 38.8864636 ], [ 22.8320975, 38.8902318 ], [ 22.8396172, 38.8957697 ], [ 22.8393929, 38.9111035 ], [ 22.8577834, 38.9264289 ], [ 22.8931616, 38.9206964 ], [ 22.9164928, 38.9202872 ], [ 22.9379753, 38.9288856 ], [ 22.9346505, 38.9385758 ], [ 22.9376542, 38.9428795 ], [ 22.948558, 38.9385455 ], [ 22.9566363, 38.9466874 ], [ 22.9685947, 38.9515838 ], [ 22.9910121, 38.9470462 ], [ 22.9951736, 38.9539528 ], [ 22.9954648, 38.9653391 ], [ 23.0101613, 38.9784268 ], [ 23.011755, 38.9841763 ], [ 23.0170195, 39.0031658 ], [ 23.0122403, 39.0044791 ], [ 23.0008162, 39.0025224 ], [ 22.9964183, 38.99275 ], [ 22.9866606, 38.9886071 ], [ 22.9800696, 38.9841763 ], [ 22.9696702, 38.977184799999989 ], [ 22.9376654, 38.9697478 ], [ 22.9164928, 38.9752345 ], [ 22.8955003, 38.975572 ], [ 22.8857978, 38.9799477 ], [ 22.883113, 38.9841763 ], [ 22.8764581, 38.9946567 ], [ 22.8660419, 39.0035398 ], [ 22.8543011, 39.000013 ], [ 22.8161127, 39.0019979 ], [ 22.7978775, 38.9996163 ], [ 22.7591371, 39.0000411 ], [ 22.7524582, 39.0050366 ], [ 22.7451746, 39.0177377 ], [ 22.7304124, 39.0137276 ], [ 22.7032942, 39.0205657 ], [ 22.6861532, 39.034628 ], [ 22.6858262, 39.0473505 ], [ 22.6730793, 39.049972 ], [ 22.6648192, 39.0541665 ], [ 22.6464111, 39.0497564 ], [ 22.6281752, 39.0508969 ], [ 22.6102199, 39.045795 ], [ 22.6031075, 39.0390905 ], [ 22.5815192, 39.0375139 ], [ 22.5709135, 39.0367394 ], [ 22.5471031, 39.0384666 ], [ 22.5157762, 39.0476065 ], [ 22.4964466, 39.0479387 ], [ 22.5033333, 39.0632222 ], [ 22.5019458, 39.0877951 ], [ 22.5008097, 39.092053 ], [ 22.4945188, 39.0960394 ], [ 22.497746, 39.1055183 ], [ 22.4920444, 39.1152429 ], [ 22.5048995, 39.1305235 ], [ 22.4928715, 39.1320484 ], [ 22.4792075, 39.1428395 ], [ 22.4731271, 39.140684899999989 ], [ 22.4595346, 39.1358681 ], [ 22.4465154, 39.1403578 ], [ 22.4442487, 39.1476719 ], [ 22.4511693, 39.1678284 ], [ 22.4414523, 39.1859747 ], [ 22.4342043, 39.1910377 ], [ 22.409507, 39.1985477 ], [ 22.4045355, 39.2076542 ], [ 22.4057523, 39.2182604 ], [ 22.3919127, 39.2279159 ], [ 22.3773358, 39.2269143 ], [ 22.2886327, 39.2374499 ], [ 22.2771542, 39.2614479 ] ] ], [ [ [ 23.0973079, 38.6696485 ], [ 23.0991074, 38.6713336 ], [ 23.1028839, 38.671939 ], [ 23.1008031, 38.6766886 ], [ 23.1033713, 38.6784913 ], [ 23.0975699, 38.6809481 ], [ 23.0945871, 38.683355 ], [ 23.0895122, 38.679547 ], [ 23.0907134, 38.677284 ], [ 23.089617, 38.673279 ], [ 23.0909347, 38.6712715 ], [ 23.0877422, 38.6697966 ], [ 23.0888253, 38.6653912 ], [ 23.0928481, 38.6648479 ], [ 23.0987055, 38.6671103 ], [ 23.0973079, 38.6696485 ] ] ], [ [ [ 23.1037332, 38.6478592 ], [ 23.1002061, 38.6455592 ], [ 23.1031551, 38.6396536 ], [ 23.1074107, 38.6392594 ], [ 23.1082192, 38.637659 ], [ 23.1025877, 38.6349028 ], [ 23.1026546, 38.6331947 ], [ 23.1100005, 38.6339096 ], [ 23.1134328, 38.6370683 ], [ 23.1142348, 38.6405153 ], [ 23.1209272, 38.6413234 ], [ 23.1234628, 38.6449953 ], [ 23.1176747, 38.6449872 ], [ 23.109807, 38.6470937 ], [ 23.1037332, 38.6478592 ] ] ], [ [ [ 23.0894084, 38.6507519 ], [ 23.0868737, 38.6494697 ], [ 23.0931885, 38.6436036 ], [ 23.0951258, 38.645034 ], [ 23.0894084, 38.6507519 ] ] ] ] } },
{ "type": "Feature", "properties": { "LEVL_CODE": 3.0, "MOUNT_TYPE": 2.0, "CNTR_CODE": "EL", "SVRG_UN": "UN Member State", "NAME_ENGL": "Greece", "NAME_LATN": "Arta, Preveza", "NUTS_NAME": "Άρτα, Πρέβεζα", "URBN_TYPE": 3.0, "NUTS_ID": "EL541", "CAPT": "Athens", "COAST_TYPE": 1.0, "ISO3_CODE": "GRC", "NAME_FREN": "Grèce", "EU_STAT": "T", "NAME_GERM": "Griechenland", "EFTA_STAT": "F", "CC_STAT": "F", "geo": "EL541" }, "geometry": { "type": "MultiPolygon", "coordinates": [ [ [ [ 21.1820212, 39.5004499 ], [ 21.1816095, 39.5010885 ], [ 21.1762748, 39.5065884 ], [ 21.170091, 39.5204151 ], [ 21.1489913, 39.5356089 ], [ 21.1452346, 39.5383137 ], [ 21.1339934, 39.5304093 ], [ 21.1393515, 39.5213772 ], [ 21.135856, 39.5139259 ], [ 21.1165048, 39.4976226 ], [ 21.1043184, 39.4939863 ], [ 21.0955374, 39.4941179 ], [ 21.0888931, 39.4983683 ], [ 21.0753951, 39.5198354 ], [ 21.0615154, 39.5316387 ], [ 21.0574037, 39.5169464 ], [ 21.0586493, 39.5056326 ], [ 21.0474585, 39.4916062 ], [ 21.0438211, 39.4773374 ], [ 21.0371912, 39.4642737 ], [ 21.0335757, 39.4592094 ], [ 21.0321431, 39.4519974 ], [ 21.0232408, 39.4401623 ], [ 21.0265538, 39.4253343 ], [ 21.021183, 39.412176 ], [ 20.9992618, 39.3957186 ], [ 20.993314, 39.3942065 ], [ 20.979008, 39.406409 ], [ 20.9653573, 39.4017839 ], [ 20.9592314, 39.3957584 ], [ 20.9570005, 39.3935639 ], [ 20.9425773, 39.3863482 ], [ 20.9395299, 39.3871277 ], [ 20.9350405, 39.3947037 ], [ 20.9128509, 39.393421 ], [ 20.9088288, 39.3876694 ], [ 20.9068055, 39.3768103 ], [ 20.8819004, 39.3671339 ], [ 20.8620732, 39.3681998 ], [ 20.8489938, 39.3627497 ], [ 20.8405228, 39.3530466 ], [ 20.8168241, 39.3486331 ], [ 20.8039921, 39.3521002 ], [ 20.7990488, 39.3627748 ], [ 20.7895937, 39.3727448 ], [ 20.7737788, 39.374863 ], [ 20.7649966, 39.3724474 ], [ 20.7523905, 39.37717 ], [ 20.7431794, 39.3806205 ], [ 20.7358427, 39.3765252 ], [ 20.7293362, 39.3593907 ], [ 20.7222845, 39.3537289 ], [ 20.7209437, 39.3473877 ], [ 20.7152705, 39.3404035 ], [ 20.7137011, 39.3357588 ], [ 20.7054665, 39.3331338 ], [ 20.7003567, 39.3065924 ], [ 20.7032709, 39.3018569 ], [ 20.6958679, 39.2920846 ], [ 20.697371, 39.2881943 ], [ 20.6921165, 39.2878315 ], [ 20.6849031, 39.2822087 ], [ 20.680453, 39.288344 ], [ 20.6629021, 39.3034729 ], [ 20.6398885, 39.333354 ], [ 20.6267073, 39.3277317 ], [ 20.6095188, 39.3267922 ], [ 20.5937117, 39.3087014 ], [ 20.5796521, 39.3032351 ], [ 20.5644935, 39.3138252 ], [ 20.5552279, 39.3147143 ], [ 20.5479985, 39.31076 ], [ 20.5450381, 39.3073873 ], [ 20.549153, 39.2931774 ], [ 20.5451464, 39.2918355 ], [ 20.5338683, 39.2947525 ], [ 20.5243019, 39.3029741 ], [ 20.5224317, 39.302975 ], [ 20.5070523, 39.2865415 ], [ 20.4832808, 39.2800594 ], [ 20.4778215, 39.2748415 ], [ 20.4707899, 39.2626446 ], [ 20.4767321, 39.2491743 ], [ 20.4727681, 39.2414316 ], [ 20.4802175, 39.2376099 ], [ 20.4744264, 39.2327872 ], [ 20.4775261, 39.2248601 ], [ 20.4756446, 39.217804 ], [ 20.4803453, 39.2150726 ], [ 20.4851162, 39.2155597 ], [ 20.4841093, 39.2110271 ], [ 20.4882348, 39.2080282 ], [ 20.4933382, 39.2105595 ], [ 20.5224317, 39.1943032 ], [ 20.5338683, 39.1879119 ], [ 20.5379743, 39.1846076 ], [ 20.540846, 39.1822965 ], [ 20.548058, 39.1754225 ], [ 20.5651191, 39.1531507 ], [ 20.5758882, 39.1439119 ], [ 20.5795119, 39.1373531 ], [ 20.6047669, 39.115941 ], [ 20.6189825, 39.1096972 ], [ 20.6371375, 39.0936587 ], [ 20.6501639, 39.0936499 ], [ 20.6767115, 39.0757408 ], [ 20.7040719, 39.0493371 ], [ 20.7137011, 39.0308925 ], [ 20.7153554, 39.0215033 ], [ 20.7152885, 39.0129454 ], [ 20.7137011, 39.0069656 ], [ 20.7098366, 39.001495899999988 ], [ 20.7023173, 39.0010715 ], [ 20.7005592, 38.9970869 ], [ 20.7137011, 38.9724024 ], [ 20.7258889, 38.9509932 ], [ 20.7398072, 38.945126 ], [ 20.7467765, 38.9453752 ], [ 20.7523905, 38.9480979 ], [ 20.7561312, 38.949912 ], [ 20.7557635, 38.9628345 ], [ 20.759075, 38.9713576 ], [ 20.7737788, 38.9696744 ], [ 20.7881369, 38.9708832 ], [ 20.8032131, 38.9605948 ], [ 20.8105857, 38.960533 ], [ 20.8202775, 38.9557468 ], [ 20.8295804, 38.9607456 ], [ 20.8262994, 38.9695001 ], [ 20.8107596, 38.9736644 ], [ 20.7809057, 38.9936134 ], [ 20.7737788, 38.9953085 ], [ 20.7661001, 38.995758099999989 ], [ 20.75958, 39.0021275 ], [ 20.756934, 39.0051609 ], [ 20.7523905, 39.0057733 ], [ 20.7446644, 39.0068145 ], [ 20.7400839, 39.0170718 ], [ 20.7523905, 39.0197372 ], [ 20.7554766, 39.0204055 ], [ 20.7641832, 39.0367647 ], [ 20.7737788, 39.042629 ], [ 20.779497, 39.0461235 ], [ 20.7846807, 39.0533102 ], [ 20.7828924, 39.0589482 ], [ 20.787753, 39.0649655 ], [ 20.7904896, 39.0750071 ], [ 20.8139736, 39.075383 ], [ 20.8227817, 39.0711038 ], [ 20.8331593, 39.0741815 ], [ 20.8404384, 39.0673712 ], [ 20.8470008, 39.067877 ], [ 20.8501595, 39.0622325 ], [ 20.8607224, 39.0612161 ], [ 20.8594483, 39.0501529 ], [ 20.8561763, 39.045339 ], [ 20.8607298, 39.0347405 ], [ 20.8695065, 39.0325776 ], [ 20.872849, 39.0354932 ], [ 20.8659258, 39.0446791 ], [ 20.8674965, 39.0546014 ], [ 20.8765425, 39.0602204 ], [ 20.8886874, 39.0616779 ], [ 20.889097, 39.071392 ], [ 20.8934088, 39.0750208 ], [ 20.9124104, 39.0634011 ], [ 20.9189214, 39.0639626 ], [ 20.9293513, 39.0610737 ], [ 20.939129, 39.063444 ], [ 20.9378906, 39.0582835 ], [ 20.9328205, 39.0565863 ], [ 20.931698, 39.0539032 ], [ 20.9360818, 39.053773 ], [ 20.9355313, 39.0474905 ], [ 20.9457113, 39.0318673 ], [ 20.95487, 39.036152 ], [ 20.9592314, 39.0351642 ], [ 20.9690384, 39.0329429 ], [ 20.9883495, 39.0166891 ], [ 21.0335757, 39.0057904 ], [ 21.0435269, 39.0033921 ], [ 21.0494856, 39.0070366 ], [ 21.0471998, 39.0124587 ], [ 21.0597622, 39.0098486 ], [ 21.0679479, 39.0118548 ], [ 21.0471575, 39.0230383 ], [ 21.0621415, 39.0383503 ], [ 21.0673999, 39.0389488 ], [ 21.0734451, 39.0360839 ], [ 21.0758441, 39.0459806 ], [ 21.0832851, 39.0514386 ], [ 21.0950798, 39.0514027 ], [ 21.1086085, 39.0461465 ], [ 21.097548, 39.0609609 ], [ 21.0973348, 39.0662736 ], [ 21.0884826, 39.0810274 ], [ 21.1073046, 39.0872135 ], [ 21.0957586, 39.1003996 ], [ 21.1193117, 39.1204758 ], [ 21.127224, 39.1245515 ], [ 21.146933, 39.1232122 ], [ 21.1489913, 39.1239112 ], [ 21.1591811, 39.1273714 ], [ 21.1761248, 39.1262122 ], [ 21.1820212, 39.1323097 ], [ 21.1834772, 39.1338153 ], [ 21.1905061, 39.1354995 ], [ 21.1961715, 39.1274163 ], [ 21.2023586, 39.1241444 ], [ 21.2082191, 39.1234326 ], [ 21.2109635, 39.1230992 ], [ 21.2224872, 39.1305778 ], [ 21.2323421, 39.1316223 ], [ 21.2637793, 39.1207679 ], [ 21.2722213, 39.1184049 ], [ 21.2910187, 39.1273523 ], [ 21.297511, 39.133684 ], [ 21.3224994, 39.1451918 ], [ 21.3248809, 39.1485102 ], [ 21.3246506, 39.1604874 ], [ 21.3362778, 39.1629098 ], [ 21.3543534, 39.1710246 ], [ 21.3728945, 39.174614 ], [ 21.3713655, 39.179217199999989 ], [ 21.364468, 39.1814507 ], [ 21.3619386, 39.1869184 ], [ 21.3545355, 39.1907018 ], [ 21.3499402, 39.2099297 ], [ 21.3543543, 39.217416299999989 ], [ 21.364951, 39.2253415 ], [ 21.3683747, 39.2347372 ], [ 21.3780173, 39.2387941 ], [ 21.3824716, 39.2448284 ], [ 21.3938963, 39.2474068 ], [ 21.3994864, 39.2550797 ], [ 21.4136611, 39.2647377 ], [ 21.4253047, 39.2823816 ], [ 21.4281309, 39.2953642 ], [ 21.4133316, 39.3012848 ], [ 21.4119255, 39.3065388 ], [ 21.4146459, 39.3174482 ], [ 21.4092535, 39.3276181 ], [ 21.406171, 39.328734 ], [ 21.4017184, 39.3297919 ], [ 21.3968345, 39.3371147 ], [ 21.3969044, 39.3451748 ], [ 21.3916927, 39.3484675 ], [ 21.3898344, 39.3538873 ], [ 21.381054, 39.356567 ], [ 21.3722816, 39.3584294 ], [ 21.3265626, 39.3568548 ], [ 21.3181885, 39.3596092 ], [ 21.3137632, 39.3569819 ], [ 21.2958741, 39.3636919 ], [ 21.2937344, 39.3680875 ], [ 21.2879456, 39.3688809 ], [ 21.2722396, 39.3784251 ], [ 21.2730641, 39.3812904 ], [ 21.2767971, 39.3942619 ], [ 21.273261, 39.3988427 ], [ 21.2715211, 39.4087456 ], [ 21.2637793, 39.419423 ], [ 21.2549751, 39.4216811 ], [ 21.2423733, 39.4312188 ], [ 21.2292266, 39.4356939 ], [ 21.2082191, 39.4563364 ], [ 21.2001398, 39.4642737 ], [ 21.1949417, 39.47471 ], [ 21.2037634, 39.4773374 ], [ 21.2082191, 39.4786644 ], [ 21.2141078, 39.4804182 ], [ 21.2150823, 39.4979286 ], [ 21.2082191, 39.4972145 ], [ 21.1957468, 39.4959168 ], [ 21.1833824, 39.4983385 ], [ 21.1820212, 39.5004499 ] ], [ [ 20.7934456, 39.1145219 ], [ 20.8044077, 39.1167785 ], [ 20.8095057, 39.109153 ], [ 20.8044328, 39.1076199 ], [ 20.7964832, 39.1100294 ], [ 20.792499, 39.1090291 ], [ 20.792499, 39.1131718 ], [ 20.7934456, 39.1145219 ] ] ], [ [ [ 20.3953283, 39.3299676 ], [ 20.3908849, 39.3405155 ], [ 20.3763756, 39.3532184 ], [ 20.369283, 39.3565069 ], [ 20.3606716, 39.3560178 ], [ 20.3359464, 39.3471339 ], [ 20.3247869, 39.3395131 ], [ 20.3202927, 39.3364438 ], [ 20.3006785, 39.315735 ], [ 20.3247869, 39.3001218 ], [ 20.3338059, 39.2942799 ], [ 20.3412534, 39.2839314 ], [ 20.3566462, 39.2848906 ], [ 20.3643833, 39.2820526 ], [ 20.3802865, 39.2815809 ], [ 20.3872546, 39.2785648 ], [ 20.3882514, 39.2831716 ], [ 20.3936316, 39.2849858 ], [ 20.3968672, 39.2826856 ], [ 20.4034435, 39.2828177 ], [ 20.4139715, 39.27671 ], [ 20.4312274, 39.2743217 ], [ 20.4345876, 39.2802664 ], [ 20.4404386, 39.2814308 ], [ 20.4589213, 39.2706832 ], [ 20.4624835, 39.2703022 ], [ 20.464247, 39.273102 ], [ 20.4468799, 39.2968682 ], [ 20.4504177, 39.3026175 ], [ 20.4450757, 39.3095105 ], [ 20.434584, 39.3134023 ], [ 20.4183553, 39.3118327 ], [ 20.406913, 39.3183225 ], [ 20.3953283, 39.3299676 ] ] ], [ [ [ 20.9180335, 39.018637 ], [ 20.9133488, 39.0186467 ], [ 20.9179862, 39.0113135 ], [ 20.9221619, 39.0114598 ], [ 20.9221212, 39.0090059 ], [ 20.925815, 39.0076335 ], [ 20.925825, 39.0123647 ], [ 20.9180335, 39.018637 ] ] ], [ [ [ 20.8271964, 39.0439363 ], [ 20.8287053, 39.0353843 ], [ 20.8316762, 39.034413199999989 ], [ 20.8297913, 39.0444964 ], [ 20.8271964, 39.0439363 ] ] ], [ [ [ 20.9886053, 39.0093653 ], [ 20.9845592, 39.0086164 ], [ 20.9867286, 39.0039294 ], [ 20.9899787, 39.0054069 ], [ 20.9886053, 39.0093653 ] ] ], [ [ [ 20.9141897, 38.9877002 ], [ 20.9145489, 38.9849896 ], [ 20.9193247, 38.9841977 ], [ 20.9191619, 38.9879508 ], [ 20.9141897, 38.9877002 ] ] ], [ [ [ 20.9175193, 39.00877 ], [ 20.9150302, 39.0066951 ], [ 20.9213542, 39.0049413 ], [ 20.9212399, 39.0086712 ], [ 20.9175193, 39.00877 ] ] ], [ [ [ 20.8798431, 39.0580396 ], [ 20.8757983, 39.0543432 ], [ 20.8778179, 39.0522446 ], [ 20.8813881, 39.054867 ], [ 20.8798431, 39.0580396 ] ] ] ] } },
{ "type": "Feature", "properties": { "LEVL_CODE": 3.0, "MOUNT_TYPE": 2.0, "CNTR_CODE": "EL", "SVRG_UN": "UN Member State", "NAME_ENGL": "Greece", "NAME_LATN": "Rodopi", "NUTS_NAME": "Ροδόπη", "URBN_TYPE": 3.0, "NUTS_ID": "EL513", "CAPT": "Athens", "COAST_TYPE": 1.0, "ISO3_CODE": "GRC", "NAME_FREN": "Grèce", "EU_STAT": "T", "NAME_GERM": "Griechenland", "EFTA_STAT": "F", "CC_STAT": "F", "geo": "EL513" }, "geometry": { "type": "MultiPolygon", "coordinates": [ [ [ [ 25.8461562, 41.3370475 ], [ 25.8228207, 41.3473072 ], [ 25.8156541, 41.3372634 ], [ 25.7987902, 41.3341549 ], [ 25.7896257, 41.3324656 ], [ 25.780137, 41.3214232 ], [ 25.7695856, 41.3202047 ], [ 25.762638, 41.32451 ], [ 25.7562148, 41.3191528 ], [ 25.745997, 41.3159771 ], [ 25.7390233, 41.3184549 ], [ 25.7198015, 41.3171279 ], [ 25.7122412, 41.3018973 ], [ 25.7136311, 41.2934622 ], [ 25.7112677, 41.2918764 ], [ 25.701131, 41.2932417 ], [ 25.6938038, 41.3013751 ], [ 25.6834655, 41.306717 ], [ 25.6655018, 41.3085924 ], [ 25.6579867, 41.3138825 ], [ 25.6513055, 41.313001 ], [ 25.6465735, 41.313204 ], [ 25.6229526, 41.3040877 ], [ 25.6101327, 41.3042166 ], [ 25.586752, 41.309512 ], [ 25.5837125, 41.314392 ], [ 25.5733596, 41.3182077 ], [ 25.5607079, 41.3182604 ], [ 25.55784, 41.315905 ], [ 25.544851, 41.310181 ], [ 25.5437355, 41.3031001 ], [ 25.5290526, 41.2771895 ], [ 25.5247967, 41.2769951 ], [ 25.5167901, 41.2829668 ], [ 25.5021372, 41.2865224 ], [ 25.472625, 41.28767 ], [ 25.4691189, 41.2830704 ], [ 25.4618837, 41.2829754 ], [ 25.4430145, 41.276278 ], [ 25.4360538, 41.2756844 ], [ 25.4329651, 41.2754209 ], [ 25.4294245, 41.265554 ], [ 25.4163268, 41.2659465 ], [ 25.4095352, 41.2620466 ], [ 25.3938668, 41.2591655 ], [ 25.391915, 41.2588066 ], [ 25.3888965, 41.2582515 ], [ 25.3846207, 41.2567669 ], [ 25.3679516, 41.2598085 ], [ 25.36029, 41.2558015 ], [ 25.3569307, 41.2512481 ], [ 25.34155, 41.247813 ], [ 25.3357075, 41.2409405 ], [ 25.3149675, 41.2442375 ], [ 25.296153, 41.24491 ], [ 25.2872924, 41.2358084 ], [ 25.276568, 41.239537 ], [ 25.2639365, 41.2444275 ], [ 25.2351024, 41.2472178 ], [ 25.2325811, 41.249198 ], [ 25.2324816, 41.2563205 ], [ 25.2246985, 41.264631 ], [ 25.2028156, 41.2532404 ], [ 25.1976801, 41.2475296 ], [ 25.1862922, 41.2440132 ], [ 25.1774011, 41.2363068 ], [ 25.1722257, 41.2249891 ], [ 25.1727043, 41.2159403 ], [ 25.1650066, 41.2105972 ], [ 25.1623354, 41.2199903 ], [ 25.1650448, 41.2293623 ], [ 25.1519019, 41.2302041 ], [ 25.1413511, 41.2405169 ], [ 25.1437316, 41.246561 ], [ 25.1400285, 41.2511856 ], [ 25.1215831, 41.2492399 ], [ 25.1155488, 41.2423122 ], [ 25.1181412, 41.2308863 ], [ 25.1129706, 41.222352 ], [ 25.1210075, 41.208297 ], [ 25.113275, 41.2017888 ], [ 25.094023, 41.197163 ], [ 25.0986407, 41.1808885 ], [ 25.0830707, 41.1737618 ], [ 25.0703059, 41.162024 ], [ 25.0583426, 41.1589381 ], [ 25.0533638, 41.1519279 ], [ 25.0486955, 41.1517405 ], [ 25.0464138, 41.1359744 ], [ 25.0509901, 41.1312574 ], [ 25.0536094, 41.1225178 ], [ 25.0594449, 41.1170934 ], [ 25.0593433, 41.1133032 ], [ 25.0592309, 41.1091112 ], [ 25.0766699, 41.0928125 ], [ 25.097538, 41.0879177 ], [ 25.1073444, 41.0796264 ], [ 25.1201069, 41.0450316 ], [ 25.156769, 41.0113008 ], [ 25.1584204, 41.0047578 ], [ 25.1552725, 40.999368 ], [ 25.139545, 40.9906875 ], [ 25.1389787, 40.9802448 ], [ 25.1310199, 40.9738883 ], [ 25.1246741, 40.9625394 ], [ 25.1306163, 40.9558324 ], [ 25.1628275, 40.9496205 ], [ 25.1734458, 40.940568 ], [ 25.2131638, 40.9410859 ], [ 25.2498967, 40.9356964 ], [ 25.2565361, 40.9316623 ], [ 25.2577719, 40.9253694 ], [ 25.265935, 40.9226736 ], [ 25.2734512, 40.933079 ], [ 25.2871306, 40.934836 ], [ 25.2954105, 40.9421485 ], [ 25.313781, 40.9449435 ], [ 25.3581385, 40.9357651 ], [ 25.378365, 40.9114833 ], [ 25.391915, 40.9080144 ], [ 25.3938668, 40.9075147 ], [ 25.4360538, 40.9006754 ], [ 25.4541144, 40.8977473 ], [ 25.4780014, 40.887881 ], [ 25.5030237, 40.8818578 ], [ 25.5080962, 40.8789826 ], [ 25.509992, 40.8727631 ], [ 25.5237101, 40.8699694 ], [ 25.5329975, 40.8646952 ], [ 25.5505385, 40.8593774 ], [ 25.561771, 40.8577308 ], [ 25.588978, 40.8684005 ], [ 25.632429, 40.8628045 ], [ 25.6279616, 40.8871922 ], [ 25.6294232, 40.8939767 ], [ 25.6252176, 40.902903 ], [ 25.6270079, 40.9101895 ], [ 25.6220336, 40.9206582 ], [ 25.6235409, 40.9274982 ], [ 25.6190683, 40.955247199999988 ], [ 25.6216833, 40.9642358 ], [ 25.6316698, 40.9687563 ], [ 25.6503566, 40.9684567 ], [ 25.6621197, 40.957747 ], [ 25.6776677, 40.9494208 ], [ 25.6898553, 40.9475935 ], [ 25.6994208, 40.9568939 ], [ 25.6784386, 40.9716924 ], [ 25.6777627, 40.9744017 ], [ 25.681648, 40.9781028 ], [ 25.6978453, 40.9791026 ], [ 25.7170698, 40.9768998 ], [ 25.7314601, 40.9800023 ], [ 25.7545393, 40.9957798 ], [ 25.7651717, 40.9993464 ], [ 25.7705973, 40.998854 ], [ 25.7787442, 40.9929146 ], [ 25.7987902, 40.9973097 ], [ 25.8027013, 40.9981671 ], [ 25.8224013, 40.9976013 ], [ 25.8240454, 41.004873 ], [ 25.8192405, 41.0247694 ], [ 25.829701, 41.031403 ], [ 25.850757, 41.0330854 ], [ 25.8599805, 41.0389675 ], [ 25.8627913, 41.0441126 ], [ 25.859619, 41.0565913 ], [ 25.8712393, 41.0680714 ], [ 25.875111, 41.0875095 ], [ 25.8828034, 41.10536 ], [ 25.8973622, 41.1104348 ], [ 25.9170419, 41.1084337 ], [ 25.9252124, 41.105519 ], [ 25.9447969, 41.1083551 ], [ 25.9596298, 41.1069003 ], [ 25.963506, 41.1089955 ], [ 25.9584928, 41.1133032 ], [ 25.9470069, 41.1155133 ], [ 25.9371466, 41.1212244 ], [ 25.920112, 41.137226 ], [ 25.920302, 41.139581 ], [ 25.9209455, 41.14231 ], [ 25.922348, 41.1462425 ], [ 25.922612, 41.1492005 ], [ 25.921637, 41.156707 ], [ 25.9023913, 41.1760708 ], [ 25.8951522, 41.193122099999989 ], [ 25.8982317, 41.2082669 ], [ 25.9122134, 41.2176495 ], [ 25.9040502, 41.229257 ], [ 25.9082026, 41.2427636 ], [ 25.919678, 41.256765 ], [ 25.9256804, 41.2767775 ], [ 25.9064375, 41.307575 ], [ 25.8855377, 41.3046696 ], [ 25.8798716, 41.3065503 ], [ 25.8694807, 41.3135439 ], [ 25.872879, 41.3280455 ], [ 25.8648515, 41.3289774 ], [ 25.8591355, 41.3269405 ], [ 25.8533368, 41.3283981 ], [ 25.8461562, 41.3370475 ] ] ] ] } },
{ "type": "Feature", "properties": { "LEVL_CODE": 3.0, "MOUNT_TYPE": 2.0, "CNTR_CODE": "EL", "SVRG_UN": "UN Member State", "NAME_ENGL": "Greece", "NAME_LATN": "Drama", "NUTS_NAME": "Δράμα", "URBN_TYPE": 2.0, "NUTS_ID": "EL514", "CAPT": "Athens", "COAST_TYPE": 2.0, "ISO3_CODE": "GRC", "NAME_FREN": "Grèce", "EU_STAT": "T", "NAME_GERM": "Griechenland", "EFTA_STAT": "F", "CC_STAT": "F", "geo": "EL514" }, "geometry": { "type": "MultiPolygon", "coordinates": [ [ [ [ 24.2719146, 41.5581625 ], [ 24.2743395, 41.5682 ], [ 24.2618365, 41.5735895 ], [ 24.2414444, 41.562199 ], [ 24.2396661, 41.5562968 ], [ 24.2295486, 41.5474727 ], [ 24.2131574, 41.5515626 ], [ 24.2107745, 41.550339 ], [ 24.2087118, 41.5437487 ], [ 24.1979115, 41.539377 ], [ 24.1959359, 41.5338967 ], [ 24.1906986, 41.531154 ], [ 24.1926075, 41.5192185 ], [ 24.1837661, 41.5150509 ], [ 24.175227, 41.5154455 ], [ 24.1728054, 41.518088899999988 ], [ 24.1740594, 41.5226458 ], [ 24.1613388, 41.528788 ], [ 24.1584262, 41.5368468 ], [ 24.1502343, 41.538885 ], [ 24.1339462, 41.5341285 ], [ 24.1310842, 41.5407202 ], [ 24.1162294, 41.54026 ], [ 24.1074831, 41.5432759 ], [ 24.1015912, 41.549997 ], [ 24.0784673, 41.5418349 ], [ 24.0750167, 41.5316157 ], [ 24.0636755, 41.5265008 ], [ 24.059744, 41.522112 ], [ 24.0601925, 41.5113626 ], [ 24.0663416, 41.4999417 ], [ 24.0654745, 41.4978967 ], [ 24.060523, 41.486216 ], [ 24.0701144, 41.4800156 ], [ 24.072692, 41.4660508 ], [ 24.0556498, 41.4596198 ], [ 24.0474296, 41.451652 ], [ 24.0407913, 41.4516648 ], [ 24.0347592, 41.4562409 ], [ 24.0234825, 41.4568211 ], [ 24.019738, 41.4665615 ], [ 24.0172775, 41.4678125 ], [ 24.007906, 41.4571153 ], [ 24.002445, 41.4544622 ], [ 23.996992, 41.454879 ], [ 23.99453, 41.4501746 ], [ 23.9897344, 41.4479932 ], [ 23.9843496, 41.445543799999989 ], [ 23.9811187, 41.4407323 ], [ 23.9736438, 41.4385785 ], [ 23.9657988, 41.4401334 ], [ 23.958731, 41.4448372 ], [ 23.9526097, 41.4489108 ], [ 23.9438543, 41.4507403 ], [ 23.941226, 41.4610963 ], [ 23.937763, 41.463002 ], [ 23.9335705, 41.4648115 ], [ 23.9310016, 41.4722162 ], [ 23.9258165, 41.4752341 ], [ 23.9220814, 41.4774079 ], [ 23.9159913, 41.4809523 ], [ 23.909233, 41.4784845 ], [ 23.909996, 41.469789 ], [ 23.9058277, 41.457576 ], [ 23.8910089, 41.4508266 ], [ 23.8821906, 41.4538334 ], [ 23.8700579, 41.4492891 ], [ 23.8564875, 41.449791499999989 ], [ 23.8501601, 41.4405369 ], [ 23.8431363, 41.4413442 ], [ 23.8229401, 41.4367607 ], [ 23.8009272, 41.437096 ], [ 23.790831, 41.4262059 ], [ 23.7886265, 41.4181504 ], [ 23.780613, 41.4129225 ], [ 23.7675462, 41.3968708 ], [ 23.7627916, 41.3979094 ], [ 23.7588295, 41.4026945 ], [ 23.7300125, 41.4073893 ], [ 23.6913272, 41.4047581 ], [ 23.6742375, 41.4107005 ], [ 23.661873, 41.4004838 ], [ 23.647978, 41.3937215 ], [ 23.6458232, 41.3804603 ], [ 23.6377749, 41.3760376 ], [ 23.624223, 41.3757275 ], [ 23.6261743, 41.3631875 ], [ 23.6234349, 41.3537497 ], [ 23.6321552, 41.3392362 ], [ 23.6312511, 41.3238095 ], [ 23.653046, 41.313757 ], [ 23.6830314, 41.3149284 ], [ 23.7055225, 41.3125558 ], [ 23.7131585, 41.3079361 ], [ 23.7209898, 41.2876877 ], [ 23.7159419, 41.2823754 ], [ 23.706418, 41.2778608 ], [ 23.7000324, 41.2658792 ], [ 23.6975193, 41.2498394 ], [ 23.709741, 41.237466 ], [ 23.7056644, 41.2246074 ], [ 23.7146401, 41.2182771 ], [ 23.7269787, 41.2179733 ], [ 23.7279935, 41.213921 ], [ 23.7211914, 41.2068452 ], [ 23.7213275, 41.1936965 ], [ 23.7369995, 41.188317 ], [ 23.7509701, 41.1917032 ], [ 23.7685365, 41.1765055 ], [ 23.7756082, 41.1642324 ], [ 23.7934144, 41.1542879 ], [ 23.7990375, 41.1440968 ], [ 23.8124572, 41.1420245 ], [ 23.8202568, 41.1361541 ], [ 23.8275495, 41.1346265 ], [ 23.8410571, 41.1286299 ], [ 23.8609653, 41.1292733 ], [ 23.8732264, 41.118945 ], [ 23.8771678, 41.1156245 ], [ 23.8890274, 41.1120017 ], [ 23.8944192, 41.107872 ], [ 23.9054714, 41.1083226 ], [ 23.9112503, 41.1063471 ], [ 23.9220814, 41.0968281 ], [ 23.9258165, 41.0885484 ], [ 23.9405914, 41.0849366 ], [ 23.9527035, 41.0868823 ], [ 23.9744852, 41.1080539 ], [ 23.981844, 41.1117196 ], [ 23.9892486, 41.1114473 ], [ 24.0018132, 41.1002991 ], [ 24.0332985, 41.0851132 ], [ 24.0366584, 41.0756464 ], [ 24.0344086, 41.0645851 ], [ 24.0370265, 41.0491105 ], [ 24.0407913, 41.0493415 ], [ 24.0491456, 41.0481394 ], [ 24.0511008, 41.0419674 ], [ 24.0575019, 41.0403227 ], [ 24.0635145, 41.033775 ], [ 24.0791939, 41.0287517 ], [ 24.0940075, 41.0158175 ], [ 24.102694, 41.0119195 ], [ 24.107107, 41.010207 ], [ 24.113208, 41.0072495 ], [ 24.11834, 41.00632 ], [ 24.1336525, 41.0005914 ], [ 24.159896, 41.0003365 ], [ 24.1672636, 41.004106799999988 ], [ 24.1934014, 40.9905434 ], [ 24.2002177, 40.9959044 ], [ 24.2268873, 40.9900481 ], [ 24.230339, 40.9833828 ], [ 24.2433414, 40.979822 ], [ 24.241209, 40.9699519 ], [ 24.252653, 40.967625 ], [ 24.2616926, 40.9943401 ], [ 24.2697213, 41.0055985 ], [ 24.2577612, 41.0066013 ], [ 24.2547135, 41.0118462 ], [ 24.2431463, 41.011816 ], [ 24.2410467, 41.0219771 ], [ 24.2684365, 41.0314329 ], [ 24.2693901, 41.0433806 ], [ 24.2849238, 41.0482731 ], [ 24.3004275, 41.0625816 ], [ 24.3359278, 41.0554156 ], [ 24.3766938, 41.0894102 ], [ 24.3890397, 41.0907408 ], [ 24.420516, 41.108554 ], [ 24.4288113, 41.1098606 ], [ 24.4344096, 41.1133032 ], [ 24.4600588, 41.1290737 ], [ 24.4648666, 41.1391328 ], [ 24.471751, 41.1385795 ], [ 24.4870173, 41.1372235 ], [ 24.4958796, 41.14847 ], [ 24.4837825, 41.1600761 ], [ 24.4825919, 41.1692234 ], [ 24.4920844, 41.1778344 ], [ 24.4906973, 41.188262 ], [ 24.4941615, 41.2014505 ], [ 24.483202, 41.2083692 ], [ 24.4744081, 41.2240695 ], [ 24.4668427, 41.2305588 ], [ 24.4809627, 41.2314559 ], [ 24.4992523, 41.223281 ], [ 24.5072672, 41.2246214 ], [ 24.5127997, 41.2348085 ], [ 24.5084083, 41.2542128 ], [ 24.5122699, 41.2626517 ], [ 24.5198016, 41.2649861 ], [ 24.5399212, 41.264037599999988 ], [ 24.5503083, 41.2606981 ], [ 24.5568478, 41.2535967 ], [ 24.581232, 41.2427813 ], [ 24.5962954, 41.263277 ], [ 24.6061474, 41.2696374 ], [ 24.5975707, 41.2794305 ], [ 24.6047604, 41.2972727 ], [ 24.6027027, 41.307518 ], [ 24.6215419, 41.3134791 ], [ 24.63024, 41.3122979 ], [ 24.6378165, 41.3082339 ], [ 24.6440755, 41.3082752 ], [ 24.6539884, 41.3145415 ], [ 24.6599955, 41.3221589 ], [ 24.6688537, 41.3254487 ], [ 24.692541, 41.3192757 ], [ 24.7006589, 41.3352414 ], [ 24.7052707, 41.3546604 ], [ 24.7091373, 41.3575129 ], [ 24.7162023, 41.356548 ], [ 24.723936, 41.347665 ], [ 24.737784, 41.3384045 ], [ 24.7441525, 41.3431774 ], [ 24.7619602, 41.3460456 ], [ 24.7707216, 41.350661 ], [ 24.778514, 41.3590931 ], [ 24.783956, 41.360189 ], [ 24.7645156, 41.36836 ], [ 24.7610044, 41.3717681 ], [ 24.761958, 41.375924 ], [ 24.7466048, 41.3813552 ], [ 24.7377335, 41.3992985 ], [ 24.7341975, 41.4127105 ], [ 24.7284403, 41.4167544 ], [ 24.7225845, 41.416139 ], [ 24.7162418, 41.4194852 ], [ 24.704882, 41.4202305 ], [ 24.6937498, 41.4189261 ], [ 24.6815423, 41.4244644 ], [ 24.6729795, 41.4185282 ], [ 24.6582186, 41.4177404 ], [ 24.6583935, 41.4264919 ], [ 24.6639475, 41.4324255 ], [ 24.6513027, 41.4346206 ], [ 24.6416371, 41.431114 ], [ 24.6278475, 41.431817 ], [ 24.6169455, 41.424301 ], [ 24.608221, 41.4277051 ], [ 24.5971742, 41.4426974 ], [ 24.5982805, 41.4588905 ], [ 24.5949625, 41.4663219 ], [ 24.5859709, 41.4684794 ], [ 24.58164, 41.4732775 ], [ 24.5733191, 41.4756547 ], [ 24.5680922, 41.4913361 ], [ 24.5628051, 41.4978967 ], [ 24.5597446, 41.501694 ], [ 24.5633473, 41.5135188 ], [ 24.559393, 41.521645 ], [ 24.5563253, 41.5245427 ], [ 24.556494, 41.5296334 ], [ 24.5467164, 41.539276699999988 ], [ 24.5525134, 41.5509988 ], [ 24.5424812, 41.5574919 ], [ 24.5342544, 41.556272 ], [ 24.5345485, 41.564277 ], [ 24.52517, 41.568804 ], [ 24.5098277, 41.5592877 ], [ 24.499159, 41.558613 ], [ 24.4946606, 41.5541804 ], [ 24.4847895, 41.5570314 ], [ 24.475104, 41.5520514 ], [ 24.4719136, 41.5463594 ], [ 24.4676555, 41.545396 ], [ 24.4620731, 41.5407215 ], [ 24.4627883, 41.5297507 ], [ 24.4506964, 41.5222968 ], [ 24.4403555, 41.5285193 ], [ 24.4319299, 41.5273229 ], [ 24.4146624, 41.5293694 ], [ 24.4077294, 41.5391347 ], [ 24.3952085, 41.538774 ], [ 24.3924426, 41.5356573 ], [ 24.3843931, 41.5356679 ], [ 24.3766938, 41.5269287 ], [ 24.3705065, 41.522751 ], [ 24.368362, 41.5180527 ], [ 24.3624826, 41.5171056 ], [ 24.3522618, 41.5239807 ], [ 24.343232, 41.524819 ], [ 24.3380233, 41.5262047 ], [ 24.3308544, 41.5207637 ], [ 24.323076, 41.520255 ], [ 24.3137963, 41.5136438 ], [ 24.3033894, 41.5117954 ], [ 24.2994708, 41.5230497 ], [ 24.296106, 41.5251632 ], [ 24.3022148, 41.5378584 ], [ 24.2893038, 41.5502221 ], [ 24.2719146, 41.5581625 ] ] ] ] } },
{ "type": "Feature", "properties": { "LEVL_CODE": 3.0, "MOUNT_TYPE": 4.0, "CNTR_CODE": "EL", "SVRG_UN": "UN Member State", "NAME_ENGL": "Greece", "NAME_LATN": "Voreios Tomeas Athinon", "NUTS_NAME": "Βόρειος Τομέας Αθηνών", "URBN_TYPE": 1.0, "NUTS_ID": "EL301", "CAPT": "Athens", "COAST_TYPE": 2.0, "ISO3_CODE": "GRC", "NAME_FREN": "Grèce", "EU_STAT": "T", "NAME_GERM": "Griechenland", "EFTA_STAT": "F", "CC_STAT": "F", "geo": "EL301" }, "geometry": { "type": "MultiPolygon", "coordinates": [ [ [ [ 23.844452, 38.1164323 ], [ 23.830341, 38.1196875 ], [ 23.8086925, 38.106917 ], [ 23.8067786, 38.1051696 ], [ 23.7866679, 38.0998832 ], [ 23.780724, 38.0916272 ], [ 23.772466, 38.0874061 ], [ 23.7674225, 38.0791215 ], [ 23.7510383, 38.0671136 ], [ 23.745098, 38.0582395 ], [ 23.750928, 38.050512 ], [ 23.7437885, 38.033828 ], [ 23.752912, 38.0271855 ], [ 23.7718255, 38.033787 ], [ 23.7625345, 38.0051105 ], [ 23.7690768, 37.9997475 ], [ 23.7737418, 38.001469 ], [ 23.787016, 38.00064 ], [ 23.7902374, 37.9929984 ], [ 23.7885545, 37.9809765 ], [ 23.793445, 37.9795857 ], [ 23.802998, 37.9854472 ], [ 23.823103, 37.973922 ], [ 23.8243215, 37.9758595 ], [ 23.8260955, 37.97948 ], [ 23.826884, 37.9813255 ], [ 23.827297, 37.983233 ], [ 23.8274055, 37.9856875 ], [ 23.8403362, 38.0093975 ], [ 23.844313, 38.0104625 ], [ 23.8472319, 38.0217283 ], [ 23.842657, 38.023465 ], [ 23.8546023, 38.0381214 ], [ 23.853454, 38.0435925 ], [ 23.8821415, 38.0404216 ], [ 23.894908, 38.042601 ], [ 23.8938544, 38.0449699 ], [ 23.8963997, 38.0458449 ], [ 23.898902, 38.0455699 ], [ 23.9094689, 38.044409 ], [ 23.9109101, 38.0409803 ], [ 23.916681, 38.041403 ], [ 23.9220814, 38.040127 ], [ 23.9258165, 38.0392444 ], [ 23.9458011, 38.0345221 ], [ 23.9649465, 38.0418325 ], [ 23.9530446, 38.0470827 ], [ 23.9283055, 38.065181 ], [ 23.9258165, 38.0660853 ], [ 23.9220814, 38.066774 ], [ 23.9202391, 38.0671136 ], [ 23.905609, 38.069811 ], [ 23.898902, 38.071013 ], [ 23.895584, 38.0716076 ], [ 23.884092, 38.0792745 ], [ 23.846448, 38.1004145 ], [ 23.8463916, 38.1039735 ], [ 23.8568347, 38.1126672 ], [ 23.8568643, 38.1216078 ], [ 23.844452, 38.1164323 ] ] ] ] } },
{ "type": "Feature", "properties": { "LEVL_CODE": 3.0, "MOUNT_TYPE": 4.0, "CNTR_CODE": "EL", "SVRG_UN": "UN Member State", "NAME_ENGL": "Greece", "NAME_LATN": "Dytikos Tomeas Athinon", "NUTS_NAME": "Δυτικός Τομέας Αθηνών", "URBN_TYPE": 1.0, "NUTS_ID": "EL302", "CAPT": "Athens", "COAST_TYPE": 1.0, "ISO3_CODE": "GRC", "NAME_FREN": "Grèce", "EU_STAT": "T", "NAME_GERM": "Griechenland", "EFTA_STAT": "F", "CC_STAT": "F", "geo": "EL302" }, "geometry": { "type": "MultiPolygon", "coordinates": [ [ [ [ 23.702597, 38.066819099999989 ], [ 23.6943948, 38.0642547 ], [ 23.683583, 38.0646915 ], [ 23.67922, 38.0607585 ], [ 23.6604737, 38.0498133 ], [ 23.6553733, 38.0442955 ], [ 23.6557855, 38.0366545 ], [ 23.6498021, 38.0302618 ], [ 23.6200926, 38.0202196 ], [ 23.5969505, 38.015175 ], [ 23.5931763, 38.0127753 ], [ 23.5961827, 38.0080319 ], [ 23.5895565, 38.0003166 ], [ 23.5829311, 37.9967726 ], [ 23.578481, 37.997431399999989 ], [ 23.5703297, 37.9986382 ], [ 23.5681239, 37.9955595 ], [ 23.5713945, 37.9932245 ], [ 23.578481, 37.9920116 ], [ 23.5928447, 37.989553 ], [ 23.607241, 37.992766 ], [ 23.611808, 37.994641 ], [ 23.6190713, 37.9963508 ], [ 23.6246855, 37.9941725 ], [ 23.643935, 37.998545 ], [ 23.6456284, 37.9934082 ], [ 23.6553733, 37.9872601 ], [ 23.663707, 37.982002 ], [ 23.666309, 37.9837215 ], [ 23.6692757, 37.9766305 ], [ 23.685493, 37.976383 ], [ 23.686925, 37.9781735 ], [ 23.6967424, 37.9916269 ], [ 23.692632, 37.994485 ], [ 23.702597, 38.0003032 ], [ 23.718335, 38.0123245 ], [ 23.7195615, 38.015718 ], [ 23.7290625, 38.0293863 ], [ 23.7361099, 38.046325 ], [ 23.735471, 38.0503 ], [ 23.7288408, 38.0532978 ], [ 23.7200475, 38.0629565 ], [ 23.7168662, 38.0622543 ], [ 23.7126454, 38.066319 ], [ 23.702597, 38.066819099999989 ] ] ], [ [ [ 23.5627713, 38.0019005 ], [ 23.5565838, 37.9987444 ], [ 23.5597857, 37.9971202 ], [ 23.5629673, 37.9983156 ], [ 23.5627713, 38.0019005 ] ] ] ] } },
{ "type": "Feature", "properties": { "LEVL_CODE": 3.0, "MOUNT_TYPE": 4.0, "CNTR_CODE": "EL", "SVRG_UN": "UN Member State", "NAME_ENGL": "Greece", "NAME_LATN": "Notios Tomeas Athinon", "NUTS_NAME": "Νότιος Τομέας Αθηνών", "URBN_TYPE": 1.0, "NUTS_ID": "EL304", "CAPT": "Athens", "COAST_TYPE": 1.0, "ISO3_CODE": "GRC", "NAME_FREN": "Grèce", "EU_STAT": "T", "NAME_GERM": "Griechenland", "EFTA_STAT": "F", "CC_STAT": "F", "geo": "EL304" }, "geometry": { "type": "MultiPolygon", "coordinates": [ [ [ [ 23.714806, 37.955384 ], [ 23.7193146, 37.9589377 ], [ 23.7184912, 37.9614949 ], [ 23.705698, 37.9639135 ], [ 23.702597, 37.9673209 ], [ 23.702597, 37.9699483 ], [ 23.7053272, 37.9722901 ], [ 23.7044985, 37.9748877 ], [ 23.702597, 37.9752876 ], [ 23.6962755, 37.9755865 ], [ 23.690719, 37.9776325 ], [ 23.686925, 37.9781735 ], [ 23.685493, 37.976383 ], [ 23.6856219, 37.9694594 ], [ 23.6901125, 37.9620201 ], [ 23.6844078, 37.9614352 ], [ 23.67385, 37.9546885 ], [ 23.6722255, 37.94182 ], [ 23.6796396, 37.9404775 ], [ 23.68213, 37.9423655 ], [ 23.682174, 37.9395843 ], [ 23.688727, 37.935444 ], [ 23.6840089, 37.932554 ], [ 23.685329, 37.9283893 ], [ 23.70051, 37.917221 ], [ 23.702597, 37.9168183 ], [ 23.7153091, 37.9074064 ], [ 23.7181435, 37.900944 ], [ 23.7185359, 37.8917405 ], [ 23.7233519, 37.8880277 ], [ 23.7311975, 37.8739205 ], [ 23.7490498, 37.859433 ], [ 23.7489487, 37.8568405 ], [ 23.743593, 37.8538095 ], [ 23.7732585, 37.8544291 ], [ 23.7891158, 37.8656993 ], [ 23.7943225, 37.873034 ], [ 23.7922251, 37.881607 ], [ 23.8097837, 37.8936171 ], [ 23.8025446, 37.9030874 ], [ 23.802395, 37.9120465 ], [ 23.806792, 37.9178375 ], [ 23.7972761, 37.9178063 ], [ 23.783227, 37.9213762 ], [ 23.7447835, 37.919264 ], [ 23.7446905, 37.928617 ], [ 23.7445305, 37.9321425 ], [ 23.744123, 37.9343955 ], [ 23.741476, 37.938096 ], [ 23.741023, 37.9397305 ], [ 23.742021, 37.940952 ], [ 23.7387653, 37.9478137 ], [ 23.728815, 37.943803 ], [ 23.7245375, 37.949741 ], [ 23.714806, 37.955384 ] ] ] ] } },
{ "type": "Feature", "properties": { "LEVL_CODE": 3.0, "MOUNT_TYPE": 2.0, "CNTR_CODE": "EL", "SVRG_UN": "UN Member State", "NAME_ENGL": "Greece", "NAME_LATN": "Chios", "NUTS_NAME": "Χίος", "URBN_TYPE": 2.0, "NUTS_ID": "EL413", "CAPT": "Athens", "COAST_TYPE": 1.0, "ISO3_CODE": "GRC", "NAME_FREN": "Grèce", "EU_STAT": "T", "NAME_GERM": "Griechenland", "EFTA_STAT": "F", "CC_STAT": "F", "geo": "EL413" }, "geometry": { "type": "MultiPolygon", "coordinates": [ [ [ [ 25.9910003, 38.5982783 ], [ 25.9708455, 38.596658 ], [ 25.9372158, 38.588276 ], [ 25.8935898, 38.5885776 ], [ 25.8592987, 38.5803979 ], [ 25.8505691, 38.5742418 ], [ 25.8322116, 38.5434234 ], [ 25.843569, 38.528687 ], [ 25.8531061, 38.5065159 ], [ 25.8648449, 38.4918799 ], [ 25.8890394, 38.4766114 ], [ 25.9240527, 38.4687657 ], [ 25.9427315, 38.4581252 ], [ 25.9465892, 38.4489625 ], [ 25.9566449, 38.4398926 ], [ 25.955772, 38.4219747 ], [ 25.961401, 38.4154615 ], [ 25.9620981, 38.4040828 ], [ 25.9746144, 38.3985065 ], [ 25.9832735, 38.3882564 ], [ 25.9898534, 38.3887629 ], [ 25.988191, 38.3795905 ], [ 25.9920215, 38.3684721 ], [ 25.988388, 38.3634648 ], [ 25.9945848, 38.3522561 ], [ 25.9935577, 38.3432755 ], [ 25.9868902, 38.3414739 ], [ 25.9831092, 38.3329876 ], [ 25.9720366, 38.3257166 ], [ 25.9687888, 38.3182534 ], [ 25.9710618, 38.3089552 ], [ 25.9637046, 38.2978606 ], [ 25.9535131, 38.2946874 ], [ 25.9441424, 38.2969295 ], [ 25.9381993, 38.2955723 ], [ 25.9325598, 38.2983647 ], [ 25.9274459, 38.2892882 ], [ 25.9237436, 38.2923857 ], [ 25.9232943, 38.298829 ], [ 25.9192431, 38.2987832 ], [ 25.8894587, 38.2770774 ], [ 25.8760765, 38.2714154 ], [ 25.8662805, 38.2538567 ], [ 25.8659407, 38.2443424 ], [ 25.8703121, 38.241999799999988 ], [ 25.8782621, 38.2443861 ], [ 25.884243, 38.2432431 ], [ 25.8875664, 38.2380604 ], [ 25.8895643, 38.2213973 ], [ 25.9110499, 38.2208168 ], [ 25.9109005, 38.2109355 ], [ 25.9228895, 38.203653 ], [ 25.9265946, 38.1949222 ], [ 25.9480538, 38.1946011 ], [ 25.9514195, 38.1857569 ], [ 25.9688224, 38.169056 ], [ 25.990601, 38.1631554 ], [ 25.9977721, 38.1565689 ], [ 26.0076848, 38.1544356 ], [ 26.0118698, 38.1499797 ], [ 26.0216545, 38.1583683 ], [ 26.0246533, 38.1797259 ], [ 26.0375241, 38.1970883 ], [ 26.052694, 38.2023636 ], [ 26.0897315, 38.2101028 ], [ 26.0993681, 38.2121055 ], [ 26.1135758, 38.2319913 ], [ 26.104498, 38.2463036 ], [ 26.1047727, 38.2723985 ], [ 26.1333271, 38.2943032 ], [ 26.1516239, 38.3031028 ], [ 26.1543388, 38.3064159 ], [ 26.1569985, 38.3096615 ], [ 26.1552816, 38.320137699999989 ], [ 26.1587434, 38.3290113 ], [ 26.1543388, 38.3327923 ], [ 26.1435441, 38.3420576 ], [ 26.1432988, 38.3621846 ], [ 26.1378913, 38.3734438 ], [ 26.1344282, 38.4155824 ], [ 26.1454434, 38.4447126 ], [ 26.1522078, 38.4533575 ], [ 26.1528185, 38.4597799 ], [ 26.1496015, 38.4647644 ], [ 26.1396865, 38.4654606 ], [ 26.1404812, 38.4762321 ], [ 26.127711, 38.478172 ], [ 26.1257411, 38.4808385 ], [ 26.1281849, 38.4881641 ], [ 26.1422097, 38.4903865 ], [ 26.1519121, 38.4983034 ], [ 26.1514459, 38.520543499999988 ], [ 26.1543388, 38.5247803 ], [ 26.1612246, 38.534864 ], [ 26.1609178, 38.5491458 ], [ 26.1641803, 38.5528838 ], [ 26.1543388, 38.5543804 ], [ 26.1507904, 38.55492 ], [ 26.1361047, 38.5648616 ], [ 26.1290794, 38.555914 ], [ 26.1278922, 38.5501482 ], [ 26.1186831, 38.5537012 ], [ 26.114131, 38.5431946 ], [ 26.1098932, 38.545913 ], [ 26.1044149, 38.5563479 ], [ 26.0968241, 38.5585546 ], [ 26.0897315, 38.5576129 ], [ 26.0630819, 38.591924 ], [ 26.042561, 38.5899342 ], [ 26.0032852, 38.6040943 ], [ 25.9910003, 38.5982783 ] ] ], [ [ [ 25.5907349, 38.608822 ], [ 25.5862677, 38.6061532 ], [ 25.5820674, 38.6022239 ], [ 25.5783711, 38.6068863 ], [ 25.5741789, 38.6064019 ], [ 25.5733597, 38.6049239 ], [ 25.5689849, 38.6046209 ], [ 25.5674622, 38.60085 ], [ 25.5642886, 38.6022289 ], [ 25.5631404, 38.6048162 ], [ 25.5570666, 38.5980339 ], [ 25.5529271, 38.5958292 ], [ 25.5501411, 38.5982447 ], [ 25.5458529, 38.598111 ], [ 25.5419394, 38.602434 ], [ 25.538324, 38.6004038 ], [ 25.5359686, 38.6017963 ], [ 25.5326863, 38.5984184 ], [ 25.5334011, 38.5964584 ], [ 25.5298733, 38.5945649 ], [ 25.5341557, 38.5917009 ], [ 25.5407628, 38.5879501 ], [ 25.5446163, 38.5800361 ], [ 25.5519754, 38.5766449 ], [ 25.5548667, 38.5693816 ], [ 25.5653458, 38.5633023 ], [ 25.5640711, 38.5558557 ], [ 25.5562574, 38.5490376 ], [ 25.56289, 38.5333531 ], [ 25.5650834, 38.5329671 ], [ 25.5645596, 38.5396678 ], [ 25.569535, 38.543869 ], [ 25.580361, 38.5396087 ], [ 25.5844972, 38.5347996 ], [ 25.592539, 38.536039 ], [ 25.6023122, 38.5325091 ], [ 25.6100178, 38.5352853 ], [ 25.6110444, 38.5570111 ], [ 25.6158581, 38.5623866 ], [ 25.6152378, 38.5692175 ], [ 25.6209933, 38.5744143 ], [ 25.620126, 38.588417 ], [ 25.6164532, 38.5917009 ], [ 25.6133662, 38.5931022 ], [ 25.6067406, 38.5928954 ], [ 25.6049825, 38.5949484 ], [ 25.6059625, 38.5981676 ], [ 25.6012841, 38.5999486 ], [ 25.5968668, 38.599881 ], [ 25.5973835, 38.6018048 ], [ 25.5926547, 38.6049103 ], [ 25.5907349, 38.608822 ] ] ], [ [ [ 26.1844549, 38.542181 ], [ 26.1878958, 38.5366693 ], [ 26.1985841, 38.5297225 ], [ 26.2027702, 38.5172185 ], [ 26.2064503, 38.517057 ], [ 26.2100932, 38.5189782 ], [ 26.2221671, 38.5124034 ], [ 26.230014, 38.5142553 ], [ 26.2380232, 38.5072448 ], [ 26.2491091, 38.5113415 ], [ 26.2503666, 38.5040433 ], [ 26.2566085, 38.5049104 ], [ 26.260858, 38.5136966 ], [ 26.2682597, 38.510839 ], [ 26.2717369, 38.5202163 ], [ 26.2382796, 38.5268374 ], [ 26.2362825, 38.5337702 ], [ 26.2234209, 38.5378288 ], [ 26.2142915, 38.5361466 ], [ 26.2064503, 38.5415673 ], [ 26.1844549, 38.542181 ] ] ], [ [ [ 25.5179553, 38.5539785 ], [ 25.5154502, 38.5515368 ], [ 25.5104919, 38.5530474 ], [ 25.5076191, 38.5499669 ], [ 25.5073357, 38.5469872 ], [ 25.5055548, 38.5469387 ], [ 25.5022654, 38.5420965 ], [ 25.4996236, 38.5405844 ], [ 25.4988767, 38.5364755 ], [ 25.4956963, 38.5333001 ], [ 25.5024979, 38.5306225 ], [ 25.5059265, 38.5320019 ], [ 25.50726, 38.5307874 ], [ 25.5107098, 38.532242 ], [ 25.5120069, 38.5303991 ], [ 25.5164876, 38.5325587 ], [ 25.5200055, 38.5305421 ], [ 25.5255911, 38.5311879 ], [ 25.5263376, 38.5331654 ], [ 25.5240155, 38.5343507 ], [ 25.5213818, 38.5389297 ], [ 25.521168, 38.54262 ], [ 25.5249874, 38.5446243 ], [ 25.5281119, 38.5502735 ], [ 25.5267516, 38.5517548 ], [ 25.5228379, 38.5494983 ], [ 25.5214413, 38.551897 ], [ 25.5179553, 38.5539785 ] ] ], [ [ [ 26.2872679, 38.5106079 ], [ 26.2847215, 38.511593 ], [ 26.2852064, 38.5140718 ], [ 26.2827032, 38.5151805 ], [ 26.2775538, 38.5200825 ], [ 26.2753971, 38.5199475 ], [ 26.275753, 38.5171017 ], [ 26.2738937, 38.5142293 ], [ 26.2773595, 38.5137537 ], [ 26.2768574, 38.5108288 ], [ 26.2702931, 38.5059328 ], [ 26.2735622, 38.5036781 ], [ 26.2770068, 38.5044226 ], [ 26.2765047, 38.507181 ], [ 26.2801886, 38.5068707 ], [ 26.282205, 38.5044441 ], [ 26.2796419, 38.5010966 ], [ 26.2826958, 38.4994709 ], [ 26.2824916, 38.4979469 ], [ 26.2781738, 38.4973741 ], [ 26.2790013, 38.4959173 ], [ 26.2890168, 38.4936781 ], [ 26.2942667, 38.4988309 ], [ 26.295454, 38.5015231 ], [ 26.2918086, 38.5038673 ], [ 26.2885451, 38.5044328 ], [ 26.2902733, 38.5070018 ], [ 26.2867364, 38.5088478 ], [ 26.2872679, 38.5106079 ] ] ], [ [ [ 26.2787244, 38.4887653 ], [ 26.2825668, 38.4869032 ], [ 26.286509, 38.4876001 ], [ 26.2870232, 38.4853946 ], [ 26.2908132, 38.4871882 ], [ 26.2888513, 38.4920141 ], [ 26.2787244, 38.4887653 ] ] ], [ [ [ 26.2669918, 38.5012707 ], [ 26.2635316, 38.5006949 ], [ 26.2607117, 38.4983854 ], [ 26.2628687, 38.4958822 ], [ 26.2670682, 38.4973848 ], [ 26.2669918, 38.5012707 ] ] ], [ [ [ 25.2891638, 38.1654518 ], [ 25.2894952, 38.1622447 ], [ 25.2873895, 38.161135 ], [ 25.2927921, 38.1596072 ], [ 25.2921811, 38.1641227 ], [ 25.2891638, 38.1654518 ] ] ], [ [ [ 25.9630979, 38.31403 ], [ 25.9575751, 38.3144078 ], [ 25.9569071, 38.3131709 ], [ 25.9605078, 38.3107234 ], [ 25.9641193, 38.3128902 ], [ 25.9630979, 38.31403 ] ] ], [ [ [ 25.9436383, 38.3197407 ], [ 25.9396231, 38.3176377 ], [ 25.94188, 38.3156489 ], [ 25.9476578, 38.3183311 ], [ 25.9436383, 38.3197407 ] ] ], [ [ [ 26.2133987, 38.512586 ], [ 26.2143605, 38.5092103 ], [ 26.2181053, 38.507978799999989 ], [ 26.2193689, 38.511015799999988 ], [ 26.2133987, 38.512586 ] ] ], [ [ [ 25.5226815, 38.5262414 ], [ 25.5201188, 38.5264805 ], [ 25.5171834, 38.5228029 ], [ 25.5188324, 38.5214882 ], [ 25.5219652, 38.5231377 ], [ 25.5226815, 38.5262414 ] ] ], [ [ [ 26.1166367, 38.5625615 ], [ 26.1145895, 38.5609095 ], [ 26.1150701, 38.5587568 ], [ 26.119352, 38.558069 ], [ 26.1190561, 38.5618659 ], [ 26.1166367, 38.5625615 ] ] ], [ [ [ 26.1543388, 38.4747191 ], [ 26.1522448, 38.4751361 ], [ 26.150498, 38.4736122 ], [ 26.153273, 38.4697457 ], [ 26.1543388, 38.4714099 ], [ 26.1543388, 38.4747191 ] ] ] ] } },
{ "type": "Feature", "properties": { "LEVL_CODE": 3.0, "MOUNT_TYPE": 2.0, "CNTR_CODE": "EL", "SVRG_UN": "UN Member State", "NAME_ENGL": "Greece", "NAME_LATN": "Anatoliki Attiki", "NUTS_NAME": "Ανατολική Αττική", "URBN_TYPE": 1.0, "NUTS_ID": "EL305", "CAPT": "Athens", "COAST_TYPE": 1.0, "ISO3_CODE": "GRC", "NAME_FREN": "Grèce", "EU_STAT": "T", "NAME_GERM": "Griechenland", "EFTA_STAT": "F", "CC_STAT": "F", "geo": "EL305" }, "geometry": { "type": "MultiPolygon", "coordinates": [ [ [ [ 23.6889184, 38.331027 ], [ 23.6844794, 38.3245115 ], [ 23.6638396, 38.3200757 ], [ 23.6598286, 38.3138849 ], [ 23.6641322, 38.3004382 ], [ 23.6492908, 38.2953275 ], [ 23.6451879, 38.2852946 ], [ 23.6372119, 38.277696 ], [ 23.6368038, 38.2605676 ], [ 23.6328822, 38.2428364 ], [ 23.6372119, 38.2387385 ], [ 23.6372119, 38.2372878 ], [ 23.6351389, 38.23107 ], [ 23.6372119, 38.2284529 ], [ 23.6388361, 38.2264024 ], [ 23.6372119, 38.2207684 ], [ 23.6344945, 38.211341 ], [ 23.6372119, 38.2106177 ], [ 23.6647312, 38.2047226 ], [ 23.678643, 38.1967345 ], [ 23.6852451, 38.1933029 ], [ 23.6872808, 38.177667 ], [ 23.6987322, 38.1626551 ], [ 23.6989484, 38.1562412 ], [ 23.6935533, 38.1495411 ], [ 23.702597, 38.1415846 ], [ 23.7224687, 38.1305806 ], [ 23.7294468, 38.1267161 ], [ 23.7294147, 38.1180866 ], [ 23.7126236, 38.1066606 ], [ 23.7125809, 38.0986725 ], [ 23.7173164, 38.0886099 ], [ 23.7165757, 38.0794698 ], [ 23.7229388, 38.0761035 ], [ 23.7209617, 38.0671136 ], [ 23.7200475, 38.0629565 ], [ 23.7288408, 38.0532978 ], [ 23.735471, 38.0503 ], [ 23.745098, 38.0582395 ], [ 23.7510383, 38.0671136 ], [ 23.7674225, 38.0791215 ], [ 23.772466, 38.0874061 ], [ 23.780724, 38.0916272 ], [ 23.7866679, 38.0998832 ], [ 23.8067786, 38.1051696 ], [ 23.8086925, 38.106917 ], [ 23.830341, 38.1196875 ], [ 23.844452, 38.1164323 ], [ 23.8568643, 38.1216078 ], [ 23.8568347, 38.1126672 ], [ 23.8463916, 38.1039735 ], [ 23.846448, 38.1004145 ], [ 23.884092, 38.0792745 ], [ 23.895584, 38.0716076 ], [ 23.898902, 38.071013 ], [ 23.905609, 38.069811 ], [ 23.9202391, 38.0671136 ], [ 23.9220814, 38.066774 ], [ 23.9258165, 38.0660853 ], [ 23.9283055, 38.065181 ], [ 23.9530446, 38.0470827 ], [ 23.9649465, 38.0418325 ], [ 23.9458011, 38.0345221 ], [ 23.9258165, 38.0392444 ], [ 23.9220814, 38.040127 ], [ 23.916681, 38.041403 ], [ 23.9109101, 38.0409803 ], [ 23.9094689, 38.044409 ], [ 23.898902, 38.0455699 ], [ 23.8963997, 38.0458449 ], [ 23.8938544, 38.0449699 ], [ 23.894908, 38.042601 ], [ 23.8821415, 38.0404216 ], [ 23.853454, 38.0435925 ], [ 23.8546023, 38.0381214 ], [ 23.842657, 38.023465 ], [ 23.8472319, 38.0217283 ], [ 23.844313, 38.0104625 ], [ 23.8403362, 38.0093975 ], [ 23.8274055, 37.9856875 ], [ 23.827297, 37.983233 ], [ 23.826884, 37.9813255 ], [ 23.8260955, 37.97948 ], [ 23.8243215, 37.9758595 ], [ 23.823103, 37.973922 ], [ 23.821854, 37.9719525 ], [ 23.8206985, 37.9693 ], [ 23.820191, 37.9671525 ], [ 23.820347, 37.9610895 ], [ 23.8199495, 37.958205 ], [ 23.817991, 37.951198 ], [ 23.815096, 37.946602 ], [ 23.8130885, 37.9440455 ], [ 23.8110275, 37.9422375 ], [ 23.8029925, 37.937791 ], [ 23.801055, 37.9355215 ], [ 23.806792, 37.9178375 ], [ 23.802395, 37.9120465 ], [ 23.8025446, 37.9030874 ], [ 23.8097837, 37.8936171 ], [ 23.7922251, 37.881607 ], [ 23.7943225, 37.873034 ], [ 23.7891158, 37.8656993 ], [ 23.7732585, 37.8544291 ], [ 23.743593, 37.8538095 ], [ 23.7428102, 37.8501549 ], [ 23.7515931, 37.8481924 ], [ 23.7692068, 37.832981 ], [ 23.7679058, 37.8191465 ], [ 23.7584076, 37.8160821 ], [ 23.757281, 37.8136429 ], [ 23.7681632, 37.8134318 ], [ 23.7727796, 37.8110238 ], [ 23.7796608, 37.8122663 ], [ 23.7874815, 37.7974737 ], [ 23.7973472, 37.8013936 ], [ 23.805046, 37.8190566 ], [ 23.8152894, 37.8197277 ], [ 23.827114, 37.809696 ], [ 23.8319357, 37.8105225 ], [ 23.8346033, 37.8144225 ], [ 23.8408373, 37.8144234 ], [ 23.8488775, 37.8059093 ], [ 23.8651915, 37.8014335 ], [ 23.8722314, 37.793257 ], [ 23.8840132, 37.7861175 ], [ 23.8887449, 37.7795873 ], [ 23.898902, 37.7727 ], [ 23.9040443, 37.7353339 ], [ 23.9090646, 37.7242439 ], [ 23.9236864, 37.7147146 ], [ 23.9258165, 37.7172503 ], [ 23.9277817, 37.7195896 ], [ 23.9353834, 37.7231109 ], [ 23.9428563, 37.7209728 ], [ 23.9437111, 37.7152968 ], [ 23.9373388, 37.7048865 ], [ 23.9403231, 37.6738263 ], [ 23.9466121, 37.6692657 ], [ 23.9638595, 37.665377 ], [ 23.9719794, 37.6648618 ], [ 23.9738355, 37.6636879 ], [ 23.9814389, 37.6588789 ], [ 23.9897344, 37.6616896 ], [ 24.0079645, 37.6563052 ], [ 24.0195634, 37.6562794 ], [ 24.0272102, 37.6506934 ], [ 24.0387696, 37.663890699999989 ], [ 24.0501124, 37.66966 ], [ 24.0526347, 37.675375 ], [ 24.0631734, 37.6770885 ], [ 24.0696856, 37.6817217 ], [ 24.0707808, 37.6854166 ], [ 24.067881, 37.6887975 ], [ 24.0587824, 37.6950433 ], [ 24.0648263, 37.6994417 ], [ 24.0577152, 37.7100102 ], [ 24.0641599, 37.7154126 ], [ 24.062833, 37.7215469 ], [ 24.054718, 37.7253895 ], [ 24.0536497, 37.730612 ], [ 24.0599178, 37.7367952 ], [ 24.0678875, 37.7366937 ], [ 24.0670315, 37.7436725 ], [ 24.0796161, 37.7455442 ], [ 24.0746751, 37.7564044 ], [ 24.0847824, 37.7793582 ], [ 24.0844243, 37.7861175 ], [ 24.0840282, 37.7935934 ], [ 24.0734387, 37.8032245 ], [ 24.0635225, 37.8061432 ], [ 24.0613374, 37.8145571 ], [ 24.0470301, 37.8214084 ], [ 24.0495987, 37.8263991 ], [ 24.0587302, 37.8302029 ], [ 24.0490335, 37.8371095 ], [ 24.0577345, 37.8570595 ], [ 24.0519684, 37.8595622 ], [ 24.0407694, 37.8639712 ], [ 24.0454385, 37.8692722 ], [ 24.0434797, 37.8751283 ], [ 24.0379707, 37.8745168 ], [ 24.0329514, 37.8695441 ], [ 24.0230871, 37.8716323 ], [ 24.0152588, 37.87954 ], [ 24.0182101, 37.8854325 ], [ 24.0091586, 37.8886187 ], [ 24.0122858, 37.8932152 ], [ 24.0305416, 37.8914109 ], [ 24.0417487, 37.895497 ], [ 24.0456204, 37.9024725 ], [ 24.0301665, 37.9228052 ], [ 24.0155564, 37.9218929 ], [ 24.0039864, 37.9254198 ], [ 24.0096605, 37.9303055 ], [ 24.0170141, 37.9423403 ], [ 24.0070173, 37.9674596 ], [ 24.0122107, 37.9844195 ], [ 24.0301958, 37.9923995 ], [ 24.0239455, 38.0002285 ], [ 24.0245888, 38.0061365 ], [ 24.0187625, 38.0159111 ], [ 24.0102487, 38.0203329 ], [ 24.0092944, 38.0262278 ], [ 24.0008574, 38.0330544 ], [ 24.002146, 38.0405005 ], [ 23.9975555, 38.0513315 ], [ 23.9990614, 38.0671691 ], [ 23.9897344, 38.0807511 ], [ 23.9840297, 38.0890571 ], [ 23.9817284, 38.0995997 ], [ 23.9830558, 38.1089202 ], [ 23.9873859, 38.1144525 ], [ 23.9897344, 38.1160752 ], [ 24.0107316, 38.1305806 ], [ 24.0161307, 38.1341665 ], [ 24.0337943, 38.1409739 ], [ 24.0512018, 38.1420197 ], [ 24.0562481, 38.1305806 ], [ 24.0570221, 38.128826 ], [ 24.0593646, 38.1282734 ], [ 24.058864, 38.1305806 ], [ 24.0564447, 38.1417294 ], [ 24.0619927, 38.1579152 ], [ 24.069393, 38.1621531 ], [ 24.0787649, 38.1637447 ], [ 24.0748806, 38.1688796 ], [ 24.0643633, 38.1727801 ], [ 24.0589474, 38.1814075 ], [ 24.0629727, 38.1888384 ], [ 24.0724571, 38.1924348 ], [ 24.0727166, 38.1971929 ], [ 24.0499177, 38.2080745 ], [ 24.0452674, 38.2156612 ], [ 24.0303916, 38.2223633 ], [ 24.0113955, 38.2392795 ], [ 24.0008847, 38.24441 ], [ 23.9897344, 38.2533511 ], [ 23.9814389, 38.2600023 ], [ 23.9738861, 38.2660575 ], [ 23.9566428, 38.2828405 ], [ 23.9355505, 38.288349 ], [ 23.9258165, 38.2928648 ], [ 23.9220814, 38.2945974 ], [ 23.907784, 38.2978668 ], [ 23.898902, 38.2971072 ], [ 23.8898034, 38.2963291 ], [ 23.8680367, 38.3073943 ], [ 23.8329572, 38.3131123 ], [ 23.8090315, 38.3268158 ], [ 23.7972179, 38.322502299999989 ], [ 23.7866974, 38.3223958 ], [ 23.7769543, 38.3345815 ], [ 23.770117, 38.3380479 ], [ 23.7371152, 38.3327877 ], [ 23.7275118, 38.3397088 ], [ 23.7129144, 38.335821 ], [ 23.690418, 38.3402975 ], [ 23.6889184, 38.331027 ] ] ], [ [ [ 23.9530365, 37.6572876 ], [ 23.946607, 37.6560029 ], [ 23.9414062, 37.6566032 ], [ 23.9414457, 37.6549592 ], [ 23.9378432, 37.6538469 ], [ 23.9362338, 37.6497187 ], [ 23.9370826, 37.6480212 ], [ 23.9435141, 37.6440419 ], [ 23.9488162, 37.645066 ], [ 23.9568515, 37.6436325 ], [ 23.9625304, 37.6442212 ], [ 23.9654185, 37.6466142 ], [ 23.964243, 37.649604 ], [ 23.9599826, 37.6512209 ], [ 23.9578606, 37.6564769 ], [ 23.9530365, 37.6572876 ] ] ], [ [ [ 23.7665844, 37.7728789 ], [ 23.7691002, 37.7750607 ], [ 23.7659083, 37.7769399 ], [ 23.7566319, 37.7760109 ], [ 23.7547428, 37.7724803 ], [ 23.7585071, 37.7717813 ], [ 23.7588488, 37.7696215 ], [ 23.753383, 37.769272 ], [ 23.7568795, 37.7629573 ], [ 23.7621833, 37.7645715 ], [ 23.7632158, 37.7634247 ], [ 23.7681304, 37.7695747 ], [ 23.7665844, 37.7728789 ] ] ], [ [ [ 23.9050666, 37.7103239 ], [ 23.9075568, 37.7127132 ], [ 23.905523, 37.7147551 ], [ 23.898902, 37.7138121 ], [ 23.8960872, 37.7129101 ], [ 23.8937301, 37.70964 ], [ 23.898902, 37.7059234 ], [ 23.9055204, 37.7085115 ], [ 23.9050666, 37.7103239 ] ] ], [ [ [ 23.773295, 37.8044049 ], [ 23.7758783, 37.8098869 ], [ 23.7733796, 37.8098736 ], [ 23.7719467, 37.8060307 ], [ 23.7647111, 37.8040691 ], [ 23.766937, 37.8015739 ], [ 23.7710846, 37.7997392 ], [ 23.775668, 37.8037332 ], [ 23.773295, 37.8044049 ] ] ], [ [ [ 23.8866233, 37.7773699 ], [ 23.8842335, 37.7738244 ], [ 23.8851608, 37.7713698 ], [ 23.8899817, 37.7756001 ], [ 23.8866233, 37.7773699 ] ] ], [ [ [ 23.7462112, 37.8374215 ], [ 23.7414698, 37.836344 ], [ 23.7426729, 37.8333751 ], [ 23.7486092, 37.8355026 ], [ 23.7462112, 37.8374215 ] ] ], [ [ [ 24.0534821, 37.8697446 ], [ 24.0501767, 37.872442 ], [ 24.0477451, 37.8690838 ], [ 24.0488195, 37.8674897 ], [ 24.0526747, 37.868424 ], [ 24.0534821, 37.8697446 ] ] ], [ [ [ 24.0259606, 37.8820528 ], [ 24.0214773, 37.8830293 ], [ 24.0199853, 37.8814051 ], [ 24.0213662, 37.8789768 ], [ 24.0249649, 37.8797094 ], [ 24.0259606, 37.8820528 ] ] ], [ [ [ 24.0403469, 37.883905 ], [ 24.0411262, 37.881944 ], [ 24.047137, 37.8816595 ], [ 24.046076, 37.8849971 ], [ 24.0403469, 37.883905 ] ] ], [ [ [ 24.105504, 38.1837655 ], [ 24.1014158, 38.185834 ], [ 24.0997715, 38.1852377 ], [ 24.1017151, 38.1812112 ], [ 24.1051786, 38.1820534 ], [ 24.105504, 38.1837655 ] ] ], [ [ [ 24.0965265, 38.1876133 ], [ 24.0950241, 38.1850789 ], [ 24.0969075, 38.1833197 ], [ 24.0997451, 38.1851497 ], [ 24.0965265, 38.1876133 ] ] ] ] } },
{ "type": "Feature", "properties": { "LEVL_CODE": 3.0, "MOUNT_TYPE": 2.0, "CNTR_CODE": "EL", "SVRG_UN": "UN Member State", "NAME_ENGL": "Greece", "NAME_LATN": "Dytiki Attiki", "NUTS_NAME": "Δυτική Αττική", "URBN_TYPE": 1.0, "NUTS_ID": "EL306", "CAPT": "Athens", "COAST_TYPE": 1.0, "ISO3_CODE": "GRC", "NAME_FREN": "Grèce", "EU_STAT": "T", "NAME_GERM": "Griechenland", "EFTA_STAT": "F", "CC_STAT": "F", "geo": "EL306" }, "geometry": { "type": "MultiPolygon", "coordinates": [ [ [ [ 23.39591, 38.2664035 ], [ 23.3819549, 38.2683633 ], [ 23.3645116, 38.2607901 ], [ 23.3246329, 38.2615607 ], [ 23.3179617, 38.257143 ], [ 23.3086926, 38.2452027 ], [ 23.2922118, 38.2391266 ], [ 23.288775, 38.2290375 ], [ 23.2925873, 38.1948679 ], [ 23.2898662, 38.188276 ], [ 23.2875256, 38.1865066 ], [ 23.2843228, 38.1840852 ], [ 23.2741642, 38.1825547 ], [ 23.2450869, 38.1845488 ], [ 23.2430746, 38.1846868 ], [ 23.2236467, 38.189965 ], [ 23.2117268, 38.1831348 ], [ 23.2069914, 38.1828448 ], [ 23.1906867, 38.1818461 ], [ 23.1818417, 38.1813109 ], [ 23.156328, 38.1736849 ], [ 23.1497794, 38.1717274 ], [ 23.126179, 38.1684 ], [ 23.1255313, 38.1642758 ], [ 23.1293471, 38.1631821 ], [ 23.1521285, 38.1638131 ], [ 23.156328, 38.1653648 ], [ 23.162491, 38.1676419 ], [ 23.1906867, 38.1644341 ], [ 23.2069914, 38.1602761 ], [ 23.2207897, 38.1567571 ], [ 23.2242995, 38.1509855 ], [ 23.220168, 38.1448189 ], [ 23.2069914, 38.1441825 ], [ 23.1906867, 38.1433949 ], [ 23.1756368, 38.1415942 ], [ 23.1794619, 38.1346589 ], [ 23.1791885, 38.1305806 ], [ 23.1789506, 38.1270324 ], [ 23.1906867, 38.125424 ], [ 23.1989412, 38.1229962 ], [ 23.2069914, 38.1243926 ], [ 23.2158234, 38.116122399999988 ], [ 23.2171987, 38.1117174 ], [ 23.2144175, 38.100294 ], [ 23.2069914, 38.0962664 ], [ 23.1906867, 38.0893072 ], [ 23.1843329, 38.0894093 ], [ 23.178221, 38.086006 ], [ 23.1695406, 38.0741397 ], [ 23.1586011, 38.0731845 ], [ 23.156328, 38.0720796 ], [ 23.1461124, 38.0671136 ], [ 23.1441491, 38.0661593 ], [ 23.1336844, 38.0654586 ], [ 23.117532, 38.060646 ], [ 23.1190648, 38.0485742 ], [ 23.1153419, 38.0299224 ], [ 23.1298886, 38.0206904 ], [ 23.1146287, 38.0135383 ], [ 23.106571, 37.9999021 ], [ 23.1072789, 37.9936124 ], [ 23.1143536, 37.985034 ], [ 23.139269, 37.9753078 ], [ 23.156328, 37.9733205 ], [ 23.1626777, 37.9725808 ], [ 23.1694721, 37.9697775 ], [ 23.1796995, 37.95159 ], [ 23.1828675, 37.952291 ], [ 23.185072, 37.9515165 ], [ 23.1878765, 37.953344 ], [ 23.1906867, 37.9541332 ], [ 23.20084, 37.9557169 ], [ 23.2069914, 37.9596517 ], [ 23.211281, 37.9623955 ], [ 23.22333, 37.9697982 ], [ 23.243013, 37.9753878 ], [ 23.2450869, 37.9755339 ], [ 23.2739693, 37.9775677 ], [ 23.2843228, 37.9754414 ], [ 23.2875256, 37.9747836 ], [ 23.3056164, 37.9710681 ], [ 23.3179449, 37.9724807 ], [ 23.3278495, 37.9772357 ], [ 23.3505487, 37.9776658 ], [ 23.3676993, 37.972883 ], [ 23.3887204, 37.9741167 ], [ 23.4015277, 37.9698321 ], [ 23.4166397, 37.9706738 ], [ 23.4149078, 37.9737954 ], [ 23.3916402, 37.9774917 ], [ 23.3897191, 37.981769 ], [ 23.3943651, 37.9849469 ], [ 23.4060469, 37.9852583 ], [ 23.4133572, 37.9882151 ], [ 23.4196444, 37.9999818 ], [ 23.4403766, 38.0118671 ], [ 23.4525558, 38.0232994 ], [ 23.4669219, 38.0245117 ], [ 23.4838485, 38.02594 ], [ 23.4864409, 38.0249899 ], [ 23.4938701, 38.026766 ], [ 23.4955476, 38.0313399 ], [ 23.4989901, 38.036203 ], [ 23.5056257, 38.0379131 ], [ 23.5114212, 38.0365426 ], [ 23.5216467, 38.0439238 ], [ 23.5314376, 38.0411624 ], [ 23.5365217, 38.0367148 ], [ 23.547378, 38.033870799999988 ], [ 23.5566978, 38.0399083 ], [ 23.5640882, 38.0384796 ], [ 23.567239, 38.0459805 ], [ 23.578481, 38.0432275 ], [ 23.596528, 38.0296719 ], [ 23.5986731, 38.021972 ], [ 23.5969505, 38.015175 ], [ 23.6200926, 38.0202196 ], [ 23.6498021, 38.0302618 ], [ 23.6557855, 38.0366545 ], [ 23.6553733, 38.0442955 ], [ 23.6604737, 38.0498133 ], [ 23.67922, 38.0607585 ], [ 23.683583, 38.0646915 ], [ 23.6943948, 38.0642547 ], [ 23.702597, 38.066819099999989 ], [ 23.7126454, 38.066319 ], [ 23.7168662, 38.0622543 ], [ 23.7200475, 38.0629565 ], [ 23.7209617, 38.0671136 ], [ 23.7229388, 38.0761035 ], [ 23.7165757, 38.0794698 ], [ 23.7173164, 38.0886099 ], [ 23.7125809, 38.0986725 ], [ 23.7126236, 38.1066606 ], [ 23.7294147, 38.1180866 ], [ 23.7294468, 38.1267161 ], [ 23.7224687, 38.1305806 ], [ 23.702597, 38.1415846 ], [ 23.6935533, 38.1495411 ], [ 23.6989484, 38.1562412 ], [ 23.6987322, 38.1626551 ], [ 23.6872808, 38.177667 ], [ 23.6852451, 38.1933029 ], [ 23.678643, 38.1967345 ], [ 23.6647312, 38.2047226 ], [ 23.6372119, 38.2106177 ], [ 23.6344945, 38.211341 ], [ 23.6372119, 38.2069994 ], [ 23.6372119, 38.199362 ], [ 23.6261186, 38.1889534 ], [ 23.6289075, 38.1728933 ], [ 23.6088305, 38.1660388 ], [ 23.5985351, 38.159142 ], [ 23.5811365, 38.1573032 ], [ 23.5719245, 38.1442079 ], [ 23.5584499, 38.1390987 ], [ 23.5394822, 38.1359199 ], [ 23.5343907, 38.1305806 ], [ 23.5316625, 38.1277195 ], [ 23.502847, 38.130593 ], [ 23.5045245, 38.1355697 ], [ 23.5156908, 38.1371303 ], [ 23.5157136, 38.1448566 ], [ 23.5084198, 38.1526405 ], [ 23.4987512, 38.155758 ], [ 23.4765947, 38.157822 ], [ 23.4669219, 38.1628448 ], [ 23.4611209, 38.1658569 ], [ 23.460312, 38.1717876 ], [ 23.4641619, 38.1798706 ], [ 23.4584043, 38.2002471 ], [ 23.4602149, 38.2072359 ], [ 23.4453942, 38.205534 ], [ 23.4414368, 38.2088467 ], [ 23.4207454, 38.2087496 ], [ 23.4091735, 38.2060081 ], [ 23.3946969, 38.2125622 ], [ 23.3749281, 38.2138404 ], [ 23.371056, 38.2278305 ], [ 23.3767775, 38.2321491 ], [ 23.3901426, 38.2361425 ], [ 23.394299, 38.2542385 ], [ 23.3931526, 38.261951 ], [ 23.39591, 38.2664035 ] ] ], [ [ [ 23.4163791, 37.9671446 ], [ 23.4158562, 37.9664051 ], [ 23.417752, 37.9652082 ], [ 23.4255872, 37.9650888 ], [ 23.4245654, 37.967215 ], [ 23.4163791, 37.9671446 ] ] ], [ [ [ 23.4130786, 37.9677776 ], [ 23.4121599, 37.9668534 ], [ 23.4134995, 37.9656105 ], [ 23.4159504, 37.9662314 ], [ 23.4130786, 37.9677776 ] ] ] ] } },
{ "type": "Feature", "properties": { "LEVL_CODE": 3.0, "MOUNT_TYPE": 3.0, "CNTR_CODE": "EL", "SVRG_UN": "UN Member State", "NAME_ENGL": "Greece", "NAME_LATN": "Ikaria, Samos", "NUTS_NAME": "Ικαρία, Σάμος", "URBN_TYPE": 3.0, "NUTS_ID": "EL412", "CAPT": "Athens", "COAST_TYPE": 1.0, "ISO3_CODE": "GRC", "NAME_FREN": "Grèce", "EU_STAT": "T", "NAME_GERM": "Griechenland", "EFTA_STAT": "F", "CC_STAT": "F", "geo": "EL412" }, "geometry": { "type": "MultiPolygon", "coordinates": [ [ [ [ 26.9292696, 37.7704143 ], [ 26.8797919, 37.781228 ], [ 26.867946, 37.790608 ], [ 26.8503223, 37.8045608 ], [ 26.7902984, 37.8100545 ], [ 26.7352568, 37.8118847 ], [ 26.6897769, 37.7961511 ], [ 26.6727754, 37.7958395 ], [ 26.6565145, 37.787909299999988 ], [ 26.6547807, 37.7861175 ], [ 26.6406558, 37.7726856 ], [ 26.6267228, 37.7685284 ], [ 26.61072, 37.767998 ], [ 26.5993991, 37.7628418 ], [ 26.5689321, 37.7319722 ], [ 26.571725, 37.7218177 ], [ 26.5832768, 37.7053659 ], [ 26.5805537, 37.6907573 ], [ 26.5909017, 37.6784503 ], [ 26.6069914, 37.6795527 ], [ 26.6303263, 37.6894202 ], [ 26.6448638, 37.7025332 ], [ 26.7068711, 37.7099467 ], [ 26.7222292, 37.7088593 ], [ 26.7325763, 37.7026114 ], [ 26.7352568, 37.7016468 ], [ 26.7520131, 37.6950856 ], [ 26.7748547, 37.6680779 ], [ 26.7857699, 37.6507101 ], [ 26.7994088, 37.6415995 ], [ 26.8136387, 37.6383972 ], [ 26.8573162, 37.6374176 ], [ 26.867946, 37.6389489 ], [ 26.8731536, 37.6396991 ], [ 26.878112, 37.6428684 ], [ 26.8819936, 37.6468669 ], [ 26.8832273, 37.6604701 ], [ 26.88727, 37.6682864 ], [ 26.9117168, 37.6824716 ], [ 26.9313248, 37.6882388 ], [ 26.956041, 37.6906188 ], [ 26.9820756, 37.7054155 ], [ 27.0363985, 37.7063305 ], [ 27.0636981, 37.7132144 ], [ 27.0673496, 37.7184816 ], [ 27.0627268, 37.7261878 ], [ 27.0403562, 37.7312016 ], [ 27.0399787, 37.74279 ], [ 27.0280969, 37.7546848 ], [ 27.0320412, 37.7616095 ], [ 27.0505147, 37.7690153 ], [ 27.0564952, 37.777183 ], [ 27.0252246, 37.7755379 ], [ 27.0016277, 37.7785243 ], [ 26.9895795, 37.7858869 ], [ 26.9872045, 37.7943133 ], [ 26.9792175, 37.7917108 ], [ 26.9770636, 37.7826682 ], [ 26.9619932, 37.7867983 ], [ 26.9539014, 37.7861265 ], [ 26.9518807, 37.7810975 ], [ 26.9744495, 37.7556726 ], [ 26.9726927, 37.7507281 ], [ 26.9671128, 37.7491407 ], [ 26.9544588, 37.7585765 ], [ 26.9292696, 37.7704143 ] ] ], [ [ [ 26.3445736, 37.6881847 ], [ 26.3327988, 37.6821924 ], [ 26.3180932, 37.6830081 ], [ 26.2964738, 37.6795921 ], [ 26.2523407, 37.6562232 ], [ 26.2234913, 37.6370019 ], [ 26.2000706, 37.6275573 ], [ 26.1826437, 37.6295467 ], [ 26.1755826, 37.6332621 ], [ 26.1602842, 37.6326478 ], [ 26.1543388, 37.6351292 ], [ 26.1486571, 37.6381096 ], [ 26.1434889, 37.6377626 ], [ 26.1252559, 37.6365384 ], [ 26.1062621, 37.631478 ], [ 26.0914458, 37.6321101 ], [ 26.0897315, 37.6330526 ], [ 26.0821314, 37.6357066 ], [ 26.0640144, 37.6266887 ], [ 26.0089458, 37.5753792 ], [ 25.9791923, 37.5364173 ], [ 25.9745687, 37.5204034 ], [ 25.9786134, 37.5121965 ], [ 25.9876408, 37.5094768 ], [ 25.9957988, 37.5132407 ], [ 26.0247069, 37.517068699999989 ], [ 26.0629406, 37.5169816 ], [ 26.0830899, 37.5285303 ], [ 26.0897315, 37.5357816 ], [ 26.0972907, 37.5449119 ], [ 26.1092624, 37.5539429 ], [ 26.1272561, 37.5594927 ], [ 26.1434889, 37.5592117 ], [ 26.1543388, 37.5590239 ], [ 26.1973844, 37.5635649 ], [ 26.2143832, 37.5680782 ], [ 26.2685023, 37.6001789 ], [ 26.291177, 37.6097167 ], [ 26.3138086, 37.629264 ], [ 26.3221199, 37.6329899 ], [ 26.3384316, 37.6546557 ], [ 26.3446817, 37.669345 ], [ 26.3597437, 37.6759905 ], [ 26.3641011, 37.6892004 ], [ 26.3445736, 37.6881847 ] ] ], [ [ [ 26.5329557, 37.6369204 ], [ 26.5334438, 37.6415791 ], [ 26.5134744, 37.6552294 ], [ 26.5087492, 37.6542603 ], [ 26.501083, 37.6456406 ], [ 26.4971943, 37.6304947 ], [ 26.4987747, 37.6267562 ], [ 26.5064864, 37.6271893 ], [ 26.5132574, 37.6231512 ], [ 26.5141459, 37.618902 ], [ 26.5121735, 37.6125841 ], [ 26.5168445, 37.5982482 ], [ 26.504015, 37.5944648 ], [ 26.5044158, 37.5890044 ], [ 26.4995732, 37.5840243 ], [ 26.4948433, 37.5838638 ], [ 26.489231, 37.5884999 ], [ 26.4880827, 37.5981612 ], [ 26.4840935, 37.6043331 ], [ 26.4794876, 37.6054051 ], [ 26.4759928, 37.603236 ], [ 26.4791308, 37.594166699999988 ], [ 26.4749167, 37.5849848 ], [ 26.4774041, 37.5767364 ], [ 26.4733755, 37.5716881 ], [ 26.4760008, 37.5656077 ], [ 26.4808509, 37.563887 ], [ 26.4798429, 37.5581982 ], [ 26.4866103, 37.5584173 ], [ 26.4895389, 37.5413977 ], [ 26.4958318, 37.538884599999989 ], [ 26.496282, 37.5344632 ], [ 26.5000314, 37.534515 ], [ 26.5014455, 37.5297038 ], [ 26.5043928, 37.5317894 ], [ 26.5088236, 37.5284574 ], [ 26.5115035, 37.5302585 ], [ 26.5114154, 37.5404299 ], [ 26.5082013, 37.5442957 ], [ 26.513473, 37.5492548 ], [ 26.5085099, 37.5528349 ], [ 26.5069866, 37.5577027 ], [ 26.5011133, 37.5600385 ], [ 26.4990103, 37.5646515 ], [ 26.5012308, 37.5693304 ], [ 26.4968792, 37.5760407 ], [ 26.507073, 37.5835969 ], [ 26.5141322, 37.5829917 ], [ 26.5210255, 37.5872774 ], [ 26.5228064, 37.5917181 ], [ 26.531264, 37.597183 ], [ 26.5449915, 37.618902 ], [ 26.5392124, 37.6197153 ], [ 26.5361806, 37.623147 ], [ 26.5307015, 37.6234694 ], [ 26.5278228, 37.6303929 ], [ 26.5329557, 37.6369204 ] ] ], [ [ [ 26.4267452, 37.6056961 ], [ 26.4240506, 37.6037811 ], [ 26.4290861, 37.5954279 ], [ 26.4258082, 37.5875381 ], [ 26.4187474, 37.5900638 ], [ 26.4103584, 37.5875445 ], [ 26.3959503, 37.5775846 ], [ 26.3986955, 37.5754718 ], [ 26.4007443, 37.5791468 ], [ 26.4097739, 37.5754174 ], [ 26.4166061, 37.5792765 ], [ 26.4315784, 37.5787982 ], [ 26.4377311, 37.5766719 ], [ 26.4401656, 37.5723191 ], [ 26.4359938, 37.566674399999989 ], [ 26.4483398, 37.5639604 ], [ 26.4586038, 37.5786778 ], [ 26.4542504, 37.5823137 ], [ 26.4537618, 37.5940578 ], [ 26.4503535, 37.5978075 ], [ 26.4382829, 37.6023528 ], [ 26.4314546, 37.5977909 ], [ 26.4299728, 37.6038597 ], [ 26.4267452, 37.6056961 ] ] ], [ [ [ 26.5652219, 37.6105861 ], [ 26.5600488, 37.60869 ], [ 26.5565911, 37.6096837 ], [ 26.5560316, 37.6073764 ], [ 26.5522715, 37.6084844 ], [ 26.5535826, 37.6050077 ], [ 26.5573682, 37.602380499999988 ], [ 26.5537832, 37.6004884 ], [ 26.5523277, 37.601467 ], [ 26.5499257, 37.5972364 ], [ 26.5435573, 37.5978757 ], [ 26.544831, 37.5926517 ], [ 26.5405088, 37.5943611 ], [ 26.5364072, 37.5927265 ], [ 26.5405872, 37.5910865 ], [ 26.5429768, 37.5875719 ], [ 26.5469007, 37.5914828 ], [ 26.5530994, 37.5901682 ], [ 26.5520354, 37.5948412 ], [ 26.5604276, 37.5984851 ], [ 26.5629675, 37.5969619 ], [ 26.5663236, 37.5974138 ], [ 26.5639273, 37.599361 ], [ 26.5656616, 37.6021559 ], [ 26.5645571, 37.6050686 ], [ 26.5687325, 37.6077912 ], [ 26.5677558, 37.6102437 ], [ 26.5652219, 37.6105861 ] ] ], [ [ [ 26.7931272, 37.6314907 ], [ 26.7900412, 37.6318293 ], [ 26.7887008, 37.6360771 ], [ 26.7853385, 37.635641 ], [ 26.7861086, 37.6292808 ], [ 26.7900412, 37.6256236 ], [ 26.7949868, 37.6245212 ], [ 26.803806, 37.624411599999988 ], [ 26.8040064, 37.6257664 ], [ 26.7931272, 37.6314907 ] ] ], [ [ [ 26.5007216, 37.5128422 ], [ 26.5007216, 37.516371 ], [ 26.4965848, 37.5172579 ], [ 26.4930307, 37.5109094 ], [ 26.493717, 37.5043242 ], [ 26.496865, 37.5052796 ], [ 26.5007216, 37.5128422 ] ] ], [ [ [ 26.5416545, 37.5189127 ], [ 26.5372055, 37.517825699999989 ], [ 26.5380492, 37.5133591 ], [ 26.5406959, 37.5094328 ], [ 26.5429116, 37.510424 ], [ 26.5417157, 37.516761699999989 ], [ 26.5470928, 37.5156671 ], [ 26.5488189, 37.5165169 ], [ 26.5441863, 37.5209564 ], [ 26.5416545, 37.5189127 ] ] ], [ [ [ 26.4709929, 37.5703827 ], [ 26.4667226, 37.5703936 ], [ 26.4644164, 37.5646604 ], [ 26.4645491, 37.5617868 ], [ 26.4674664, 37.5600747 ], [ 26.4694784, 37.5681846 ], [ 26.4709929, 37.5703827 ] ] ], [ [ [ 26.417689, 37.5344472 ], [ 26.4124049, 37.5342653 ], [ 26.4114237, 37.5311084 ], [ 26.4174999, 37.5295238 ], [ 26.4205726, 37.5333989 ], [ 26.417689, 37.5344472 ] ] ], [ [ [ 26.4607542, 37.5804835 ], [ 26.4609449, 37.5775813 ], [ 26.4634593, 37.572914 ], [ 26.4665565, 37.5716584 ], [ 26.4653631, 37.5789877 ], [ 26.4607542, 37.5804835 ] ] ], [ [ [ 26.4866368, 37.520123 ], [ 26.4850265, 37.5170048 ], [ 26.4894897, 37.5136746 ], [ 26.490681, 37.5154416 ], [ 26.4866368, 37.520123 ] ] ], [ [ [ 26.4922458, 37.5260877 ], [ 26.4922192, 37.5230679 ], [ 26.4970112, 37.5219256 ], [ 26.4959256, 37.5265458 ], [ 26.4922458, 37.5260877 ] ] ], [ [ [ 26.5447871, 37.5321617 ], [ 26.5436844, 37.530785 ], [ 26.5445552, 37.5274095 ], [ 26.5469991, 37.5268025 ], [ 26.5484441, 37.5302285 ], [ 26.5447871, 37.5321617 ] ] ], [ [ [ 26.6256832, 37.6826048 ], [ 26.6204426, 37.6830952 ], [ 26.6193712, 37.6819822 ], [ 26.6206484, 37.679577 ], [ 26.6250051, 37.6802908 ], [ 26.6256832, 37.6826048 ] ] ], [ [ [ 26.9676063, 37.7965409 ], [ 26.9672815, 37.7950171 ], [ 26.9713318, 37.791986099999988 ], [ 26.9745445, 37.7946958 ], [ 26.9676063, 37.7965409 ] ] ] ] } },
{ "type": "Feature", "properties": { "LEVL_CODE": 3.0, "MOUNT_TYPE": 2.0, "CNTR_CODE": "EL", "SVRG_UN": "UN Member State", "NAME_ENGL": "Greece", "NAME_LATN": "Kalymnos, Karpathos, Kasos, Kos, Rodos", "NUTS_NAME": "Κάλυμνος, Κάρπαθος – Ηρωική Νήσος Κάσος, Κως, Ρόδος", "URBN_TYPE": 2.0, "NUTS_ID": "EL421", "CAPT": "Athens", "COAST_TYPE": 1.0, "ISO3_CODE": "GRC", "NAME_FREN": "Grèce", "EU_STAT": "T", "NAME_GERM": "Griechenland", "EFTA_STAT": "F", "CC_STAT": "F", "geo": "EL421" }, "geometry": { "type": "MultiPolygon", "coordinates": [ [ [ [ 28.2269832, 36.4526568 ], [ 28.2203053, 36.4571123 ], [ 28.2175642, 36.4537616 ], [ 28.1954464, 36.4267196 ], [ 28.1872006, 36.4213774 ], [ 28.1737945, 36.420335 ], [ 28.1524051, 36.4241922 ], [ 28.1131346, 36.4176929 ], [ 28.0926798, 36.411015 ], [ 28.0550542, 36.3987298 ], [ 28.0296582, 36.3854228 ], [ 28.0197489, 36.3826487 ], [ 28.0077819, 36.3748062 ], [ 27.9809423, 36.3668417 ], [ 27.9598538, 36.3535188 ], [ 27.9148494, 36.3424979 ], [ 27.8903356, 36.3268671 ], [ 27.8880505, 36.3260096 ], [ 27.8784, 36.322388 ], [ 27.8589678, 36.2959862 ], [ 27.8432908, 36.2823834 ], [ 27.8265467, 36.2729378 ], [ 27.8129803, 36.2738095 ], [ 27.8057512, 36.2698356 ], [ 27.8029775, 36.25962 ], [ 27.7964736, 36.2549257 ], [ 27.7941447, 36.2467958 ], [ 27.7896832, 36.2421965 ], [ 27.7861882, 36.2157246 ], [ 27.7795886, 36.2039402 ], [ 27.7645693, 36.1876321 ], [ 27.7527812, 36.1863625 ], [ 27.7347294, 36.1699581 ], [ 27.7136282, 36.1642269 ], [ 27.6997067, 36.1630221 ], [ 27.6855623, 36.1566619 ], [ 27.6838801, 36.1519932 ], [ 27.6906532, 36.1445093 ], [ 27.7054503, 36.1455815 ], [ 27.7152859, 36.131172899999989 ], [ 27.7143178, 36.1251924 ], [ 27.7079404, 36.1202903 ], [ 27.7120811, 36.1130561 ], [ 27.7220686, 36.111869 ], [ 27.7389537, 36.1049545 ], [ 27.7496917, 36.1051572 ], [ 27.7582782, 36.0953158 ], [ 27.7602554, 36.0452994 ], [ 27.7591176, 36.0384969 ], [ 27.7581983, 36.033 ], [ 27.7549865, 36.0137935 ], [ 27.7329355, 35.961053 ], [ 27.7196679, 35.9404052 ], [ 27.725353, 35.9367032 ], [ 27.7345761, 35.9222691 ], [ 27.7348981, 35.9153163 ], [ 27.7479774, 35.9105087 ], [ 27.7531917, 35.9046291 ], [ 27.7592804, 35.902992 ], [ 27.7645693, 35.8938046 ], [ 27.7696388, 35.8923342 ], [ 27.7712558, 35.8876404 ], [ 27.7892813, 35.8875612 ], [ 27.7960459, 35.8895838 ], [ 27.8168989, 35.9028494 ], [ 27.8174993, 35.9071257 ], [ 27.8261544, 35.9141544 ], [ 27.8416185, 35.9171842 ], [ 27.8542494, 35.9280062 ], [ 27.8624848, 35.928109 ], [ 27.8764465, 35.9491776 ], [ 27.8853838, 35.9580378 ], [ 27.8920521, 35.9597461 ], [ 27.9146659, 35.9986164 ], [ 27.9368276, 36.0290888 ], [ 27.9411814, 36.033 ], [ 27.9473007, 36.0384969 ], [ 27.9554254, 36.0457945 ], [ 27.9684549, 36.0483359 ], [ 27.9970032, 36.0658483 ], [ 28.0229598, 36.0762342 ], [ 28.0334784, 36.076168 ], [ 28.0445565, 36.0760984 ], [ 28.0526228, 36.0692845 ], [ 28.0526146, 36.0641786 ], [ 28.0860812, 36.0545851 ], [ 28.0853606, 36.0600255 ], [ 28.0758378, 36.0738074 ], [ 28.0801479, 36.0791077 ], [ 28.0901461, 36.0838222 ], [ 28.0916856, 36.0939813 ], [ 28.086855, 36.0951802 ], [ 28.0876867, 36.0988727 ], [ 28.0928571, 36.0985511 ], [ 28.098908, 36.1035797 ], [ 28.0838716, 36.1067785 ], [ 28.0700138, 36.1059439 ], [ 28.067635, 36.1094108 ], [ 28.0699902, 36.1224848 ], [ 28.0774802, 36.1453198 ], [ 28.0909242, 36.1640609 ], [ 28.1012908, 36.1670132 ], [ 28.0993867, 36.1761434 ], [ 28.1055233, 36.1807954 ], [ 28.1131346, 36.1826584 ], [ 28.1212483, 36.1865088 ], [ 28.1353085, 36.1854186 ], [ 28.138188, 36.1874942 ], [ 28.1386912, 36.1980637 ], [ 28.1421648, 36.2019994 ], [ 28.140463, 36.2075273 ], [ 28.1477304, 36.2215575 ], [ 28.147611, 36.2265577 ], [ 28.1524588, 36.231873 ], [ 28.1598724, 36.234475 ], [ 28.1654151, 36.2473575 ], [ 28.175082, 36.24982 ], [ 28.1753703, 36.2535644 ], [ 28.1687147, 36.2555718 ], [ 28.1668111, 36.2613269 ], [ 28.1746788, 36.280942 ], [ 28.1930196, 36.3085466 ], [ 28.1996766, 36.3116531 ], [ 28.2050279, 36.318236 ], [ 28.2127139, 36.3212164 ], [ 28.2102106, 36.3231234 ], [ 28.2131633, 36.3260096 ], [ 28.2153743, 36.3281706 ], [ 28.2050169, 36.3400391 ], [ 28.2075065, 36.3492903 ], [ 28.2175642, 36.3618341 ], [ 28.223976, 36.3698297 ], [ 28.2378148, 36.3758071 ], [ 28.2408107, 36.3829973 ], [ 28.2458112, 36.387154 ], [ 28.2359906, 36.3943464 ], [ 28.2287568, 36.4040615 ], [ 28.2335707, 36.4158586 ], [ 28.2338992, 36.426771 ], [ 28.2382297, 36.4306431 ], [ 28.2383221, 36.44354 ], [ 28.2349267, 36.4420465 ], [ 28.2295749, 36.4444153 ], [ 28.2269832, 36.4526568 ] ] ], [ [ [ 27.22976, 35.8284178 ], [ 27.2130697, 35.8302207 ], [ 27.2086329, 35.8287508 ], [ 27.2086329, 35.8248554 ], [ 27.2168937, 35.8232374 ], [ 27.217826, 35.8211977 ], [ 27.2086329, 35.820038 ], [ 27.2038597, 35.8194359 ], [ 27.1877554, 35.8046761 ], [ 27.1739783, 35.8069854 ], [ 27.1649056, 35.8000827 ], [ 27.1611002, 35.7594955 ], [ 27.1656595, 35.7367052 ], [ 27.1625516, 35.7274236 ], [ 27.1409559, 35.7095556 ], [ 27.1362633, 35.6952205 ], [ 27.1279854, 35.6892203 ], [ 27.1235135, 35.6823966 ], [ 27.1178086, 35.6671242 ], [ 27.1242912, 35.6618042 ], [ 27.1197584, 35.6445021 ], [ 27.0889658, 35.6253495 ], [ 27.0850316, 35.6207702 ], [ 27.0854189, 35.6138343 ], [ 27.0679162, 35.6059704 ], [ 27.0633207, 35.5983725 ], [ 27.06761, 35.5866565 ], [ 27.0780849, 35.5805693 ], [ 27.07449, 35.5747465 ], [ 27.0756847, 35.5715265 ], [ 27.0912337, 35.5607727 ], [ 27.1029773, 35.5586556 ], [ 27.1114742, 35.5477125 ], [ 27.1113777, 35.5402216 ], [ 27.1063205, 35.5349105 ], [ 27.1086872, 35.524128 ], [ 27.1062714, 35.513241 ], [ 27.11266, 35.5031108 ], [ 27.1128707, 35.4935764 ], [ 27.1165053, 35.4910198 ], [ 27.1189497, 35.4843905 ], [ 27.115534, 35.4773774 ], [ 27.1085975, 35.4755413 ], [ 27.1110657, 35.4720735 ], [ 27.1095466, 35.4681517 ], [ 27.099534, 35.4631494 ], [ 27.0810375, 35.4460389 ], [ 27.0992957, 35.4377533 ], [ 27.1130238, 35.425315 ], [ 27.1227358, 35.4279728 ], [ 27.1341198, 35.4245448 ], [ 27.1430596, 35.4113251 ], [ 27.1422332, 35.4061282 ], [ 27.135666, 35.4010854 ], [ 27.1376936, 35.398543 ], [ 27.1551109, 35.4113251 ], [ 27.1692676, 35.4222969 ], [ 27.1681547, 35.424637 ], [ 27.158249, 35.4227496 ], [ 27.153409, 35.4254488 ], [ 27.1584232, 35.4426228 ], [ 27.1673439, 35.4500897 ], [ 27.1721051, 35.459146 ], [ 27.1841991, 35.4640118 ], [ 27.1918963, 35.4637533 ], [ 27.1958476, 35.4739367 ], [ 27.2030281, 35.480728299999988 ], [ 27.2086329, 35.4809688 ], [ 27.2174652, 35.481068 ], [ 27.2289734, 35.4755702 ], [ 27.2406775, 35.49521 ], [ 27.2329495, 35.5059759 ], [ 27.2212374, 35.510655 ], [ 27.2086329, 35.5095528 ], [ 27.2011707, 35.515552 ], [ 27.2001701, 35.5291404 ], [ 27.2086329, 35.5341975 ], [ 27.2113376, 35.5358137 ], [ 27.2179967, 35.5445773 ], [ 27.2169204, 35.5480778 ], [ 27.2086329, 35.5550129 ], [ 27.2045865, 35.5583988 ], [ 27.202417, 35.5730643 ], [ 27.1874804, 35.5789375 ], [ 27.1805512, 35.5861519 ], [ 27.1776136, 35.597226 ], [ 27.1592139, 35.603124799999989 ], [ 27.1514186, 35.6130732 ], [ 27.1606314, 35.6236325 ], [ 27.1578147, 35.6296531 ], [ 27.1625723, 35.6564751 ], [ 27.1799525, 35.6707003 ], [ 27.1902498, 35.6838248 ], [ 27.1918038, 35.6998667 ], [ 27.2001542, 35.7086338 ], [ 27.2051887, 35.7194195 ], [ 27.2086329, 35.7222712 ], [ 27.2165757, 35.728847 ], [ 27.2153939, 35.7512114 ], [ 27.2095223, 35.7625745 ], [ 27.2107589, 35.776094 ], [ 27.2144486, 35.7836653 ], [ 27.230012, 35.7983014 ], [ 27.2325214, 35.8145308 ], [ 27.22976, 35.8284178 ] ] ], [ [ [ 27.2506928, 36.9011778 ], [ 27.233029, 36.894311 ], [ 27.2144291, 36.8912166 ], [ 27.2086329, 36.890894 ], [ 27.1663411, 36.8885398 ], [ 27.1423396, 36.8788089 ], [ 27.1059812, 36.8579559 ], [ 27.0821403, 36.8520671 ], [ 27.0752652, 36.8494909 ], [ 27.0549748, 36.8331038 ], [ 27.0421333, 36.8190054 ], [ 27.0289457, 36.8114155 ], [ 26.9962237, 36.7734352 ], [ 26.9946045, 36.7715554 ], [ 26.9899622, 36.7700131 ], [ 26.9797734, 36.7715859 ], [ 26.967793, 36.7734352 ], [ 26.9604031, 36.7745759 ], [ 26.9574906, 36.7734352 ], [ 26.9411373, 36.7670302 ], [ 26.9312737, 36.766844 ], [ 26.9236801, 36.7622437 ], [ 26.9187595, 36.7507354 ], [ 26.9232188, 36.7411175 ], [ 26.9209853, 36.7330501 ], [ 26.9174305, 36.7202084 ], [ 26.9228147, 36.707251299999989 ], [ 26.9339603, 36.6983324 ], [ 26.9422536, 36.686819 ], [ 26.9519523, 36.6819369 ], [ 26.9543809, 36.6773717 ], [ 26.9719049, 36.6725504 ], [ 26.9670253, 36.6835872 ], [ 26.9673714, 36.7052052 ], [ 26.9726565, 36.7115977 ], [ 26.9797734, 36.7151404 ], [ 26.9838541, 36.7171717 ], [ 26.9817389, 36.725948 ], [ 26.9797734, 36.7280967 ], [ 26.975242, 36.7330501 ], [ 26.971139, 36.7375349 ], [ 26.9759906, 36.7472609 ], [ 26.9797734, 36.7485667 ], [ 27.0039216, 36.7569021 ], [ 27.0102469, 36.7609216 ], [ 27.0135182, 36.7630003 ], [ 27.0290489, 36.7664222 ], [ 27.0564558, 36.7677263 ], [ 27.0821403, 36.7618483 ], [ 27.0854937, 36.7609216 ], [ 27.1009376, 36.756653799999988 ], [ 27.112351, 36.7580849 ], [ 27.1163635, 36.7609216 ], [ 27.1340652, 36.7734352 ], [ 27.138504, 36.7765727 ], [ 27.1709479, 36.8073606 ], [ 27.2086329, 36.8195592 ], [ 27.2214419, 36.823705 ], [ 27.2506928, 36.8295691 ], [ 27.2653185, 36.8309841 ], [ 27.289792, 36.8390874 ], [ 27.3253415, 36.8460243 ], [ 27.3546469, 36.860279 ], [ 27.3510067, 36.8750679 ], [ 27.3401712, 36.8903466 ], [ 27.321218, 36.8851801 ], [ 27.3077356, 36.8871808 ], [ 27.2912486, 36.8958532 ], [ 27.2875856, 36.8955596 ], [ 27.2803376, 36.9157997 ], [ 27.2506928, 36.9011778 ] ] ], [ [ [ 26.8875052, 37.0773228 ], [ 26.8824504, 37.0743733 ], [ 26.8875052, 37.0683347 ], [ 26.8889939, 37.0666266 ], [ 26.9169208, 37.0532455 ], [ 26.9173264, 37.0471064 ], [ 26.9113006, 37.042334 ], [ 26.9126331, 37.0388661 ], [ 26.9216467, 37.03859 ], [ 26.927621, 37.0452811 ], [ 26.9390109, 37.0430503 ], [ 26.9532576, 37.0337194 ], [ 26.9637821, 37.0176502 ], [ 26.9440085, 37.0197537 ], [ 26.9389806, 37.0171578 ], [ 26.9383689, 37.0028761 ], [ 26.9251025, 36.9838472 ], [ 26.9321626, 36.9700759 ], [ 26.9110608, 36.9512066 ], [ 26.9278732, 36.9464039 ], [ 26.9294847, 36.9401286 ], [ 26.9387723, 36.9328948 ], [ 26.9417552, 36.9274533 ], [ 26.9483133, 36.9287176 ], [ 26.960229, 36.9263594 ], [ 26.965218, 36.9291107 ], [ 26.9797734, 36.9258318 ], [ 26.9865904, 36.929154 ], [ 26.9840475, 36.9473845 ], [ 26.9872438, 36.9507159 ], [ 27.0001521, 36.9509591 ], [ 27.0185999, 36.9472414 ], [ 27.0334176, 36.9502651 ], [ 27.0494683, 36.9457434 ], [ 27.0536759, 36.948804 ], [ 27.0439908, 36.9559525 ], [ 27.0362957, 36.9559372 ], [ 27.0320612, 36.9587756 ], [ 27.0430998, 36.9674687 ], [ 27.0350547, 36.9741199 ], [ 27.0429466, 36.983574399999988 ], [ 27.0437672, 36.9913269 ], [ 27.0507341, 36.9957181 ], [ 27.0497764, 36.9988942 ], [ 27.0323468, 37.0141686 ], [ 27.0174133, 37.012950599999989 ], [ 27.0063063, 37.0063792 ], [ 27.0051172, 37.0157905 ], [ 26.991001, 37.0215665 ], [ 26.9797734, 37.0308161 ], [ 26.9738263, 37.0394183 ], [ 26.9797734, 37.0389662 ], [ 26.9826987, 37.0380685 ], [ 26.9924288, 37.0379271 ], [ 26.989408, 37.043745 ], [ 26.9797734, 37.0483495 ], [ 26.9535274, 37.0635483 ], [ 26.949575, 37.0638522 ], [ 26.9478491, 37.0602774 ], [ 26.9169382, 37.0713735 ], [ 26.9065004, 37.0701672 ], [ 26.8905615, 37.0788556 ], [ 26.8875052, 37.0773228 ] ] ], [ [ [ 26.4431853, 36.6097173 ], [ 26.4199111, 36.6296881 ], [ 26.3891278, 36.643892699999988 ], [ 26.3781591, 36.6435858 ], [ 26.3722814, 36.6351514 ], [ 26.3820799, 36.6155856 ], [ 26.3912027, 36.6136876 ], [ 26.3938416, 36.6005812 ], [ 26.4028164, 36.5878604 ], [ 26.4006029, 36.5848829 ], [ 26.3889449, 36.5904879 ], [ 26.3804703, 36.5916049 ], [ 26.3710681, 36.5860807 ], [ 26.3635636, 36.5851556 ], [ 26.3609561, 36.5763093 ], [ 26.3566195, 36.57193 ], [ 26.3446059, 36.5707759 ], [ 26.3372105, 36.5803792 ], [ 26.3220971, 36.5843988 ], [ 26.3082683, 36.5941889 ], [ 26.2993688, 36.5967897 ], [ 26.294056, 36.5980726 ], [ 26.2904757, 36.5931341 ], [ 26.2867441, 36.597912099999988 ], [ 26.2841729, 36.5960053 ], [ 26.2849994, 36.5914136 ], [ 26.2791012, 36.5870025 ], [ 26.2766364, 36.5917013 ], [ 26.2786683, 36.596405 ], [ 26.2714772, 36.5983824 ], [ 26.2632572, 36.5923377 ], [ 26.264688, 36.5859829 ], [ 26.2615403, 36.5816132 ], [ 26.2729065, 36.5676576 ], [ 26.2728921, 36.5590712 ], [ 26.2663925, 36.5558465 ], [ 26.2786864, 36.5487835 ], [ 26.2900576, 36.5203108 ], [ 26.2993688, 36.5162153 ], [ 26.3058877, 36.518678 ], [ 26.3179424, 36.5098212 ], [ 26.3255176, 36.507526 ], [ 26.3387647, 36.5133677 ], [ 26.3509962, 36.5096087 ], [ 26.3631003, 36.5126794 ], [ 26.3638352, 36.5168194 ], [ 26.35746, 36.5260068 ], [ 26.3456595, 36.5328904 ], [ 26.3416919, 36.5395156 ], [ 26.3448405, 36.5428107 ], [ 26.356477, 36.544113 ], [ 26.3548806, 36.5493669 ], [ 26.3589808, 36.5563215 ], [ 26.3543214, 36.5645074 ], [ 26.3665166, 36.5665217 ], [ 26.365932, 36.5762204 ], [ 26.3786104, 36.5730762 ], [ 26.3931939, 36.5764523 ], [ 26.4032276, 36.5728561 ], [ 26.4070921, 36.5757647 ], [ 26.4151924, 36.572713 ], [ 26.4211548, 36.5817229 ], [ 26.4272341, 36.5775555 ], [ 26.4310299, 36.58508 ], [ 26.4439878, 36.5893849 ], [ 26.4520417, 36.585521 ], [ 26.4525669, 36.5823915 ], [ 26.4482133, 36.5813454 ], [ 26.4496172, 36.580088 ], [ 26.4716667, 36.5821787 ], [ 26.4549308, 36.6042112 ], [ 26.4431853, 36.6097173 ] ] ], [ [ [ 27.0019596, 35.4249018 ], [ 27.0111058, 35.4274456 ], [ 27.0135081, 35.4319664 ], [ 26.9935607, 35.433785 ], [ 26.9331491, 35.4180966 ], [ 26.9062361, 35.4224784 ], [ 26.867946, 35.3874496 ], [ 26.8651973, 35.382545 ], [ 26.8515115, 35.3725956 ], [ 26.8453262, 35.3614812 ], [ 26.8519074, 35.3525262 ], [ 26.8483362, 35.3480581 ], [ 26.860361, 35.3477565 ], [ 26.867946, 35.3425598 ], [ 26.8737152, 35.3452094 ], [ 26.8834376, 35.3416869 ], [ 26.9082979, 35.362074 ], [ 26.9223427, 35.3660155 ], [ 26.932293, 35.3661377 ], [ 26.9383857, 35.3758389 ], [ 26.9594494, 35.3926835 ], [ 26.9738699, 35.3937902 ], [ 26.9886408, 35.4000778 ], [ 26.9995467, 35.4109126 ], [ 26.9990174, 35.4192013 ], [ 27.0019596, 35.4249018 ] ] ], [ [ [ 27.8608423, 36.6671964 ], [ 27.8567625, 36.6680519 ], [ 27.8545629, 36.6632848 ], [ 27.8533476, 36.6649389 ], [ 27.848015, 36.6609195 ], [ 27.8441933, 36.662061 ], [ 27.8435669, 36.6587898 ], [ 27.8391203, 36.6608997 ], [ 27.8364889, 36.6584185 ], [ 27.8321751, 36.6578984 ], [ 27.8321082, 36.6553968 ], [ 27.8288859, 36.6538221 ], [ 27.8300349, 36.651083 ], [ 27.8332249, 36.6493481 ], [ 27.8327331, 36.646825 ], [ 27.835474, 36.6441579 ], [ 27.8252768, 36.6422177 ], [ 27.8175066, 36.6395519 ], [ 27.8148528, 36.6363002 ], [ 27.8118901, 36.6358544 ], [ 27.81419, 36.6331737 ], [ 27.8134588, 36.6312736 ], [ 27.8058109, 36.6316354 ], [ 27.8011267, 36.6287795 ], [ 27.8010563, 36.6304395 ], [ 27.7965762, 36.6292861 ], [ 27.7911748, 36.6235662 ], [ 27.7939813, 36.6227402 ], [ 27.7980596, 36.6235892 ], [ 27.7993907, 36.6198343 ], [ 27.7962698, 36.6168871 ], [ 27.7976828, 36.6126755 ], [ 27.7914603, 36.6119748 ], [ 27.792778, 36.6102883 ], [ 27.7871954, 36.6108328 ], [ 27.7836961, 36.6084905 ], [ 27.7853372, 36.6040848 ], [ 27.7813008, 36.6022984 ], [ 27.7809869, 36.6052043 ], [ 27.7758575, 36.6037309 ], [ 27.775549, 36.6077138 ], [ 27.7728872, 36.6116134 ], [ 27.7683388, 36.6093285 ], [ 27.7669907, 36.6044688 ], [ 27.7734068, 36.6034948 ], [ 27.7723542, 36.5952544 ], [ 27.770467, 36.5931981 ], [ 27.7716135, 36.5914916 ], [ 27.7689083, 36.5893444 ], [ 27.7696467, 36.5872465 ], [ 27.7774911, 36.5896224 ], [ 27.7800825, 36.589028 ], [ 27.7793872, 36.5870979 ], [ 27.7860704, 36.5845844 ], [ 27.7911863, 36.5856814 ], [ 27.7963387, 36.5834574 ], [ 27.7984499, 36.5841886 ], [ 27.800948, 36.5900791 ], [ 27.8045161, 36.590433499999989 ], [ 27.8063838, 36.587612 ], [ 27.8105934, 36.5904105 ], [ 27.8129886, 36.5898395 ], [ 27.8144545, 36.585072 ], [ 27.8131483, 36.5832328 ], [ 27.8143213, 36.5806244 ], [ 27.8106238, 36.578846 ], [ 27.8090666, 36.5799271 ], [ 27.8058069, 36.5772354 ], [ 27.8022751, 36.5773497 ], [ 27.8049673, 36.5726845 ], [ 27.8001085, 36.570925599999988 ], [ 27.7971497, 36.572395 ], [ 27.7948822, 36.5710359 ], [ 27.7959119, 36.5657353 ], [ 27.800074, 36.5648743 ], [ 27.8022297, 36.5675815 ], [ 27.8053442, 36.567045 ], [ 27.812839, 36.5692647 ], [ 27.8139504, 36.5649966 ], [ 27.8171393, 36.567879 ], [ 27.8171717, 36.5715575 ], [ 27.8255169, 36.5729086 ], [ 27.8259641, 36.5697372 ], [ 27.8315397, 36.5661046 ], [ 27.834475, 36.5662718 ], [ 27.8366322, 36.5643567 ], [ 27.8414052, 36.5648134 ], [ 27.8450118, 36.5624337 ], [ 27.8470662, 36.5625899 ], [ 27.8507232, 36.5570682 ], [ 27.8461348, 36.5557964 ], [ 27.8424639, 36.5526051 ], [ 27.8439053, 36.5513334 ], [ 27.8484807, 36.5526091 ], [ 27.8470452, 36.5490754 ], [ 27.8420206, 36.5486721 ], [ 27.8405587, 36.551505 ], [ 27.8369691, 36.5499932 ], [ 27.8329897, 36.5500047 ], [ 27.8333765, 36.5430665 ], [ 27.8284053, 36.5408465 ], [ 27.8293661, 36.539133 ], [ 27.8359504, 36.541098 ], [ 27.8369656, 36.5377889 ], [ 27.8444938, 36.5364672 ], [ 27.8479911, 36.5375144 ], [ 27.8534384, 36.5371071 ], [ 27.8549028, 36.5404771 ], [ 27.8594058, 36.5410751 ], [ 27.8643863, 36.5431862 ], [ 27.8627752, 36.5450413 ], [ 27.8666065, 36.5476933 ], [ 27.8738227, 36.5482789 ], [ 27.8746585, 36.5492464 ], [ 27.8711823, 36.5532068 ], [ 27.8771049, 36.5531192 ], [ 27.8774648, 36.5560819 ], [ 27.8748025, 36.5558458 ], [ 27.8723868, 36.5581458 ], [ 27.8669968, 36.5609563 ], [ 27.8678953, 36.5635342 ], [ 27.8644178, 36.5661975 ], [ 27.8651243, 36.5674379 ], [ 27.8712761, 36.5669602 ], [ 27.8749308, 36.5712565 ], [ 27.8784855, 36.571652799999988 ], [ 27.8774209, 36.5772084 ], [ 27.8689389, 36.5776542 ], [ 27.864099, 36.5796037 ], [ 27.8617761, 36.5790741 ], [ 27.8592306, 36.5808944 ], [ 27.8594477, 36.5837733 ], [ 27.8663036, 36.5849083 ], [ 27.8708106, 36.5868199 ], [ 27.8752143, 36.5864885 ], [ 27.8771863, 36.5882059 ], [ 27.8783732, 36.593552 ], [ 27.8746108, 36.596042499999989 ], [ 27.8712253, 36.5967623 ], [ 27.8715418, 36.5994051 ], [ 27.8797897, 36.6006044 ], [ 27.8785389, 36.6058936 ], [ 27.880452, 36.6066437 ], [ 27.8782833, 36.6122797 ], [ 27.8779958, 36.6176033 ], [ 27.8722705, 36.617512 ], [ 27.8683145, 36.6148692 ], [ 27.86297, 36.6153144 ], [ 27.857315, 36.6125842 ], [ 27.8551828, 36.616099 ], [ 27.8583871, 36.6174126 ], [ 27.868063, 36.6182162 ], [ 27.8722386, 36.6227287 ], [ 27.8698163, 36.6237339 ], [ 27.8725086, 36.6311288 ], [ 27.8698468, 36.6317193 ], [ 27.8641749, 36.6296554 ], [ 27.8596494, 36.626544 ], [ 27.8502665, 36.6254818 ], [ 27.8464338, 36.6208321 ], [ 27.8402498, 36.6164988 ], [ 27.8371368, 36.6200784 ], [ 27.8388408, 36.6222296 ], [ 27.8353719, 36.6240499 ], [ 27.8309927, 36.624271 ], [ 27.8252234, 36.6230791 ], [ 27.8219203, 36.6213611 ], [ 27.8171737, 36.621712 ], [ 27.8150924, 36.6238827 ], [ 27.8209355, 36.6280368 ], [ 27.8217241, 36.6341295 ], [ 27.8288545, 36.6368028 ], [ 27.8345664, 36.6376253 ], [ 27.8372815, 36.6411551 ], [ 27.8370774, 36.644959799999988 ], [ 27.8428557, 36.6465879 ], [ 27.8520429, 36.6461023 ], [ 27.8592032, 36.6472932 ], [ 27.859841, 36.6485794 ], [ 27.8661324, 36.6526197 ], [ 27.8654022, 36.6555301 ], [ 27.861564, 36.6555246 ], [ 27.8602099, 36.6579892 ], [ 27.8564555, 36.6578854 ], [ 27.8590714, 36.6628561 ], [ 27.8585523, 36.665446 ], [ 27.8608423, 36.6671964 ] ] ], [ [ [ 27.3427001, 36.478767 ], [ 27.335692, 36.4617631 ], [ 27.3307925, 36.4587292 ], [ 27.3226109, 36.4583135 ], [ 27.3105037, 36.4623241 ], [ 27.3049726, 36.4664604 ], [ 27.3040758, 36.4713578 ], [ 27.2962406, 36.4658022 ], [ 27.2987187, 36.4526792 ], [ 27.2936524, 36.4334211 ], [ 27.2950544, 36.4240568 ], [ 27.3098513, 36.4222825 ], [ 27.3136617, 36.4141093 ], [ 27.3199542, 36.4137463 ], [ 27.3254605, 36.4224666 ], [ 27.3350463, 36.4225262 ], [ 27.3426758, 36.4316414 ], [ 27.3529929, 36.4316088 ], [ 27.3578426, 36.4267211 ], [ 27.3574108, 36.4163489 ], [ 27.3633361, 36.4031351 ], [ 27.363668, 36.3957525 ], [ 27.3726199, 36.4002743 ], [ 27.3824522, 36.3818498 ], [ 27.3891816, 36.3842043 ], [ 27.3944393, 36.3765579 ], [ 27.4027325, 36.3842666 ], [ 27.4096952, 36.3816463 ], [ 27.4210444, 36.3866802 ], [ 27.4376188, 36.3929091 ], [ 27.4502114, 36.4063167 ], [ 27.4421199, 36.415055099999989 ], [ 27.4368665, 36.4166821 ], [ 27.4338419, 36.4156133 ], [ 27.4277574, 36.4018799 ], [ 27.4210444, 36.4068262 ], [ 27.4091399, 36.4171319 ], [ 27.3978869, 36.4108983 ], [ 27.3879249, 36.4151096 ], [ 27.3874133, 36.4194403 ], [ 27.393168, 36.4276771 ], [ 27.3926292, 36.4342189 ], [ 27.3591301, 36.4802174 ], [ 27.3530288, 36.4789238 ], [ 27.3497319, 36.4824662 ], [ 27.3427001, 36.478767 ] ] ], [ [ [ 26.7957473, 37.200907199999989 ], [ 26.7963446, 37.1953848 ], [ 26.8018893, 37.1923055 ], [ 26.8061723, 37.1935759 ], [ 26.8065765, 37.1907911 ], [ 26.8017899, 37.187487 ], [ 26.7950464, 37.1875392 ], [ 26.7900412, 37.1907041 ], [ 26.7830987, 37.1950938 ], [ 26.7795375, 37.1944151 ], [ 26.7704715, 37.1822972 ], [ 26.7666353, 37.181259 ], [ 26.76568, 37.1742319 ], [ 26.770688, 37.1720654 ], [ 26.7740286, 37.1662348 ], [ 26.7801092, 37.168004599999989 ], [ 26.7900412, 37.1646166 ], [ 26.7954461, 37.1627729 ], [ 26.796044, 37.1552989 ], [ 26.7991747, 37.1525335 ], [ 26.8088757, 37.1542212 ], [ 26.815228, 37.1553263 ], [ 26.8264484, 37.1518191 ], [ 26.8289098, 37.1521049 ], [ 26.8307142, 37.1485482 ], [ 26.8297296, 37.1453176 ], [ 26.8264484, 37.1443968 ], [ 26.8191951, 37.1419897 ], [ 26.8141141, 37.1339246 ], [ 26.8088757, 37.133317 ], [ 26.8088757, 37.1301065 ], [ 26.8148567, 37.1184843 ], [ 26.8253916, 37.1142198 ], [ 26.8284152, 37.1182574 ], [ 26.8479777, 37.1292096 ], [ 26.8578696, 37.1299255 ], [ 26.8586481, 37.1197134 ], [ 26.8335632, 37.110457 ], [ 26.8423107, 37.100197699999988 ], [ 26.8522203, 37.0965641 ], [ 26.867946, 37.0995575 ], [ 26.8725096, 37.1071601 ], [ 26.887088, 37.1014807 ], [ 26.8905055, 37.110864899999989 ], [ 26.8830996, 37.1252411 ], [ 26.867946, 37.1381935 ], [ 26.8610159, 37.1439939 ], [ 26.8630481, 37.1494335 ], [ 26.867946, 37.1509919 ], [ 26.8718295, 37.1522275 ], [ 26.8725205, 37.1555766 ], [ 26.867946, 37.1571085 ], [ 26.858518, 37.1602656 ], [ 26.844113, 37.1577286 ], [ 26.8372646, 37.1622571 ], [ 26.8386884, 37.1667512 ], [ 26.8498088, 37.1707376 ], [ 26.856542, 37.1782009 ], [ 26.8558626, 37.1860304 ], [ 26.8249553, 37.1950608 ], [ 26.8185443, 37.1895948 ], [ 26.8088757, 37.2020375 ], [ 26.7957473, 37.200907199999989 ] ] ], [ [ [ 27.1683514, 36.6200368 ], [ 27.1551991, 36.6130137 ], [ 27.1369528, 36.6137308 ], [ 27.1294609, 36.6103634 ], [ 27.1260862, 36.5994087 ], [ 27.1291678, 36.5889086 ], [ 27.1273658, 36.5769934 ], [ 27.1232449, 36.5729639 ], [ 27.1338966, 36.5717657 ], [ 27.1331137, 36.5656221 ], [ 27.1353881, 36.563641 ], [ 27.1448327, 36.5653777 ], [ 27.165831, 36.5587418 ], [ 27.1749788, 36.5578434 ], [ 27.183097, 36.5599282 ], [ 27.1906748, 36.5576621 ], [ 27.2086329, 36.5753258 ], [ 27.2122509, 36.5785608 ], [ 27.213883, 36.5829643 ], [ 27.2132749, 36.5866282 ], [ 27.2086329, 36.5890487 ], [ 27.1893787, 36.618735 ], [ 27.1683514, 36.6200368 ] ] ], [ [ [ 26.5414856, 37.3750129 ], [ 26.5349615, 37.3775087 ], [ 26.5334064, 37.3623218 ], [ 26.5386649, 37.3570761 ], [ 26.5342277, 37.3519547 ], [ 26.5346731, 37.3501304 ], [ 26.5368239, 37.3413218 ], [ 26.5433275, 37.3357539 ], [ 26.5405993, 37.3342034 ], [ 26.5323553, 37.329518 ], [ 26.5363134, 37.3213826 ], [ 26.5323493, 37.3165043 ], [ 26.5308845, 37.3147015 ], [ 26.5323702, 37.3075854 ], [ 26.5279243, 37.2901347 ], [ 26.5344684, 37.288042 ], [ 26.5435527, 37.2930374 ], [ 26.5530324, 37.2911927 ], [ 26.5546005, 37.2875981 ], [ 26.5453509, 37.2825281 ], [ 26.5437867, 37.276091 ], [ 26.5574533, 37.2701936 ], [ 26.5674919, 37.2695665 ], [ 26.5713333, 37.2709344 ], [ 26.5722126, 37.2807723 ], [ 26.5614489, 37.2887938 ], [ 26.5609393, 37.2985526 ], [ 26.5623461, 37.3015839 ], [ 26.5716379, 37.3031409 ], [ 26.5719898, 37.3054319 ], [ 26.5572624, 37.3142246 ], [ 26.5549241, 37.3165043 ], [ 26.5446006, 37.3265684 ], [ 26.5463819, 37.328007 ], [ 26.5532311, 37.3245538 ], [ 26.558716, 37.3261362 ], [ 26.5582776, 37.3342034 ], [ 26.5578944, 37.3412519 ], [ 26.5665312, 37.3438023 ], [ 26.5677182, 37.3492927 ], [ 26.5839158, 37.3452334 ], [ 26.5868485, 37.340008 ], [ 26.5905973, 37.3437163 ], [ 26.5970509, 37.3420779 ], [ 26.6026753, 37.3367581 ], [ 26.6123877, 37.3384788 ], [ 26.6118637, 37.3412158 ], [ 26.5997376, 37.3485682 ], [ 26.5992659, 37.3501304 ], [ 26.5955843, 37.3623218 ], [ 26.5773988, 37.3669693 ], [ 26.5755703, 37.3752455 ], [ 26.5728126, 37.3769932 ], [ 26.5607264, 37.3737787 ], [ 26.5593039, 37.369927 ], [ 26.5496172, 37.3668877 ], [ 26.5456667, 37.3681184 ], [ 26.5414856, 37.3750129 ] ] ], [ [ [ 27.5984758, 36.2477844 ], [ 27.5891798, 36.2471774 ], [ 27.5788554, 36.2423119 ], [ 27.5740173, 36.2442624 ], [ 27.5644999, 36.2418402 ], [ 27.5551866, 36.2394288 ], [ 27.5549907, 36.242885199999989 ], [ 27.5504243, 36.2436246 ], [ 27.5459663, 36.2385091 ], [ 27.5422937, 36.2382044 ], [ 27.5413869, 36.241292 ], [ 27.5391856, 36.2396372 ], [ 27.5338283, 36.2404416 ], [ 27.5336652, 36.2372824 ], [ 27.531061, 36.2366451 ], [ 27.5262542, 36.2394234 ], [ 27.5247726, 36.237662 ], [ 27.5224367, 36.2387 ], [ 27.5185203, 36.237556399999988 ], [ 27.5182725, 36.2344838 ], [ 27.5223148, 36.2332642 ], [ 27.518852, 36.2305044 ], [ 27.5168241, 36.2272609 ], [ 27.5165303, 36.2236662 ], [ 27.518412, 36.2233243 ], [ 27.5201459, 36.2190821 ], [ 27.5185068, 36.2154866 ], [ 27.5212781, 36.2139848 ], [ 27.5192387, 36.2092011 ], [ 27.5200411, 36.2066546 ], [ 27.523323, 36.208027 ], [ 27.5264086, 36.2114918 ], [ 27.5418245, 36.216268 ], [ 27.543125, 36.2145639 ], [ 27.5486482, 36.2173162 ], [ 27.5566774, 36.2190848 ], [ 27.560369, 36.2181206 ], [ 27.5644999, 36.2182336 ], [ 27.5810814, 36.2160874 ], [ 27.5772803, 36.2108434 ], [ 27.5820369, 36.2075039 ], [ 27.587169, 36.2166644 ], [ 27.5984758, 36.2171418 ], [ 27.6019832, 36.2190967 ], [ 27.6043111, 36.2203942 ], [ 27.6091692, 36.216107 ], [ 27.6144557, 36.2154772 ], [ 27.61461, 36.2227333 ], [ 27.623259, 36.226875199999988 ], [ 27.6188216, 36.2419521 ], [ 27.6019832, 36.246779 ], [ 27.5984758, 36.2477844 ] ] ], [ [ [ 27.2316178, 35.8749469 ], [ 27.2358463, 35.8935124 ], [ 27.2406239, 35.8980894 ], [ 27.2391638, 35.902114 ], [ 27.2285271, 35.904119 ], [ 27.2196343, 35.9003125 ], [ 27.215221, 35.8920697 ], [ 27.2156579, 35.8790507 ], [ 27.2086329, 35.8735577 ], [ 27.2000288, 35.8640443 ], [ 27.1891509, 35.8639189 ], [ 27.1863895, 35.8604325 ], [ 27.1987283, 35.8504636 ], [ 27.2019437, 35.841633 ], [ 27.2086329, 35.839676 ], [ 27.2170234, 35.8366412 ], [ 27.230331, 35.8397997 ], [ 27.2325968, 35.8310635 ], [ 27.2383611, 35.8311251 ], [ 27.2405275, 35.8520826 ], [ 27.2316178, 35.8749469 ] ] ], [ [ [ 26.7352568, 37.3235981 ], [ 26.7309278, 37.3265798 ], [ 26.7193913, 37.3267014 ], [ 26.7205307, 37.3172737 ], [ 26.71381, 37.3204644 ], [ 26.7107758, 37.3185474 ], [ 26.7125777, 37.3165043 ], [ 26.7115558, 37.3135522 ], [ 26.7182303, 37.302610099999988 ], [ 26.7334913, 37.2993068 ], [ 26.744954, 37.2923346 ], [ 26.7557856, 37.2977251 ], [ 26.7619237, 37.2973378 ], [ 26.7656781, 37.2944657 ], [ 26.764359, 37.2914422 ], [ 26.7594963, 37.2907266 ], [ 26.7638026, 37.2800668 ], [ 26.7757729, 37.2814501 ], [ 26.7814826, 37.2776497 ], [ 26.783996, 37.2837322 ], [ 26.7893387, 37.2871441 ], [ 26.791314, 37.2982715 ], [ 26.7863247, 37.3063939 ], [ 26.7643056, 37.3041503 ], [ 26.7425452, 37.3128819 ], [ 26.741678, 37.3165043 ], [ 26.742546, 37.318577 ], [ 26.7352568, 37.3235981 ] ] ], [ [ [ 27.1269379, 36.9577162 ], [ 27.1178408, 36.9572623 ], [ 27.1169289, 36.954699 ], [ 27.1129563, 36.9557709 ], [ 27.1082532, 36.9536841 ], [ 27.1097411, 36.9519453 ], [ 27.1090547, 36.9486192 ], [ 27.1117874, 36.9464829 ], [ 27.1179858, 36.9439691 ], [ 27.1231618, 36.9392206 ], [ 27.1215539, 36.9376412 ], [ 27.1245736, 36.9336326 ], [ 27.1288012, 36.9306914 ], [ 27.1326193, 36.9330147 ], [ 27.1343396, 36.9319503 ], [ 27.1310705, 36.9278502 ], [ 27.1332618, 36.9220983 ], [ 27.1352206, 36.9214419 ], [ 27.1414949, 36.9231392 ], [ 27.1437667, 36.920073 ], [ 27.1458645, 36.9220603 ], [ 27.1508805, 36.9218193 ], [ 27.1549271, 36.9229372 ], [ 27.1579523, 36.9259999 ], [ 27.165453, 36.925226 ], [ 27.1712545, 36.9209349 ], [ 27.1760855, 36.9194166 ], [ 27.1789272, 36.9212894 ], [ 27.1727878, 36.9238486 ], [ 27.1730643, 36.9271023 ], [ 27.1693032, 36.9284052 ], [ 27.1676348, 36.9274723 ], [ 27.1619609, 36.9291811 ], [ 27.1591877, 36.9312294 ], [ 27.15536, 36.9321413 ], [ 27.1510615, 36.935555 ], [ 27.1580933, 36.9396745 ], [ 27.1600976, 36.939881 ], [ 27.1665764, 36.9436107 ], [ 27.1667649, 36.9473258 ], [ 27.1733698, 36.9515104 ], [ 27.1720729, 36.9528337 ], [ 27.1643222, 36.9541231 ], [ 27.160668, 36.9559499 ], [ 27.1598896, 36.9582387 ], [ 27.1531288, 36.9587001 ], [ 27.1504075, 36.9562324 ], [ 27.14596, 36.9563924 ], [ 27.1445791, 36.9537111 ], [ 27.145941, 36.9519453 ], [ 27.141196, 36.9495986 ], [ 27.14111, 36.9568998 ], [ 27.135934, 36.9582197 ], [ 27.1336798, 36.9562534 ], [ 27.131006, 36.9596461 ], [ 27.1269379, 36.9577162 ] ] ], [ [ [ 27.0025676, 37.4785682 ], [ 26.9863024, 37.4769662 ], [ 26.9827513, 37.4738079 ], [ 26.9797766, 37.4743733 ], [ 26.9739836, 37.4720665 ], [ 26.9408557, 37.4764841 ], [ 26.9295656, 37.4747806 ], [ 26.928837, 37.4741287 ], [ 26.9350952, 37.4699151 ], [ 26.9408006, 37.4696603 ], [ 26.9457374, 37.4591136 ], [ 26.9421778, 37.4562332 ], [ 26.946707, 37.4470139 ], [ 26.9605272, 37.4447654 ], [ 26.9597791, 37.4508737 ], [ 26.9661681, 37.4552633 ], [ 26.9715785, 37.4515545 ], [ 26.9706534, 37.4472553 ], [ 26.9766555, 37.4452235 ], [ 26.9797766, 37.4470892 ], [ 26.9797766, 37.452132 ], [ 26.9808897, 37.4541576 ], [ 26.9904133, 37.4528849 ], [ 26.9897211, 37.454747 ], [ 26.9859738, 37.4567365 ], [ 26.9854922, 37.4587215 ], [ 26.9895957, 37.4583704 ], [ 26.9901703, 37.4610414 ], [ 26.9952256, 37.4581225 ], [ 26.9948729, 37.4562885 ], [ 26.9999937, 37.4538205 ], [ 27.006942, 37.4548247 ], [ 27.0033713, 37.4575547 ], [ 27.0061509, 37.4607873 ], [ 27.0040445, 37.4633637 ], [ 26.997476, 37.4654706 ], [ 26.9943823, 37.4651626 ], [ 26.9936364, 37.4669479 ], [ 26.9969603, 37.4682326 ], [ 26.9950144, 37.4697872 ], [ 26.9872092, 37.4707611 ], [ 26.9861776, 37.4745908 ], [ 26.9887499, 37.4756961 ], [ 26.9928182, 37.4741646 ], [ 27.0030018, 37.4771881 ], [ 27.0025676, 37.4785682 ] ] ], [ [ [ 26.4582906, 37.015644 ], [ 26.4585153, 37.0192182 ], [ 26.4565325, 37.021781 ], [ 26.4530129, 37.0198515 ], [ 26.4570396, 37.0114045 ], [ 26.4551808, 37.0111653 ], [ 26.4500539, 37.0142032 ], [ 26.4486026, 37.0125656 ], [ 26.4515696, 37.0108841 ], [ 26.4507156, 37.0094039 ], [ 26.443268, 37.0113166 ], [ 26.4439414, 37.0076731 ], [ 26.4419051, 37.006773 ], [ 26.4387478, 37.0086927 ], [ 26.4371258, 37.0078233 ], [ 26.434417, 37.011421 ], [ 26.4326351, 37.00852 ], [ 26.4298774, 37.012224 ], [ 26.4276805, 37.0115329 ], [ 26.4284056, 37.0087287 ], [ 26.425565, 37.0087702 ], [ 26.4235999, 37.0036338 ], [ 26.4315919, 37.0010428 ], [ 26.4383663, 37.001749 ], [ 26.4409138, 36.9983326 ], [ 26.4342722, 36.9978477 ], [ 26.4329373, 36.9944372 ], [ 26.4259331, 36.9973423 ], [ 26.4215123, 36.9973732 ], [ 26.4189504, 36.9950904 ], [ 26.4206743, 36.9923032 ], [ 26.4259181, 36.9934689 ], [ 26.4349354, 36.9923012 ], [ 26.4397771, 36.9939058 ], [ 26.4411025, 36.9921135 ], [ 26.448315, 36.9943753 ], [ 26.4509888, 36.9920266 ], [ 26.4520166, 36.996328 ], [ 26.4476472, 36.9979074 ], [ 26.4527756, 37.0002298 ], [ 26.4548247, 36.9996061 ], [ 26.4563099, 37.0024881 ], [ 26.4582396, 37.0019623 ], [ 26.4628162, 37.0034096 ], [ 26.4665062, 37.0021718 ], [ 26.4632839, 37.0000701 ], [ 26.4651994, 36.9980189 ], [ 26.4732358, 36.997145 ], [ 26.4845753, 36.9981623 ], [ 26.4897142, 36.9973158 ], [ 26.4908288, 36.9987442 ], [ 26.4967179, 36.9976734 ], [ 26.4973736, 36.9994877 ], [ 26.4940845, 37.0029361 ], [ 26.49237, 37.0071566 ], [ 26.4857314, 37.0094658 ], [ 26.4807858, 37.0089984 ], [ 26.479763, 37.0110774 ], [ 26.4732793, 37.0127734 ], [ 26.4694498, 37.0114879 ], [ 26.4666991, 37.008883 ], [ 26.4633236, 37.010183 ], [ 26.460856, 37.0148889 ], [ 26.4582906, 37.015644 ] ] ], [ [ [ 29.5917038, 36.1537657 ], [ 29.5916334, 36.1569276 ], [ 29.5945838, 36.1577792 ], [ 29.600314, 36.1619013 ], [ 29.5977402, 36.1640066 ], [ 29.5907593, 36.1664637 ], [ 29.5872097, 36.1651824 ], [ 29.5787685, 36.157937 ], [ 29.5770804, 36.1528985 ], [ 29.5726688, 36.1528809 ], [ 29.5682572, 36.139458 ], [ 29.5682572, 36.1363111 ], [ 29.5616241, 36.1276396 ], [ 29.562826, 36.1261848 ], [ 29.5610476, 36.1226226 ], [ 29.5665234, 36.1228751 ], [ 29.5700925, 36.1241756 ], [ 29.5730353, 36.1231199 ], [ 29.5803098, 36.1258475 ], [ 29.584466, 36.1294574 ], [ 29.5862252, 36.1341915 ], [ 29.5959099, 36.1366856 ], [ 29.6046713, 36.1425787 ], [ 29.6058402, 36.1459761 ], [ 29.6018271, 36.1462559 ], [ 29.597799, 36.1493917 ], [ 29.5929168, 36.1517891 ], [ 29.5916179, 36.1489056 ], [ 29.589217, 36.1495154 ], [ 29.5917038, 36.1537657 ] ] ], [ [ [ 26.6899933, 36.346271699999988 ], [ 26.6817313, 36.359361799999988 ], [ 26.6708592, 36.3612928 ], [ 26.6568402, 36.3567175 ], [ 26.6558069, 36.3529184 ], [ 26.6668621, 36.3414878 ], [ 26.6628831, 36.340278 ], [ 26.6617977, 36.3361088 ], [ 26.6709991, 36.3299691 ], [ 26.6750588, 36.3351719 ], [ 26.6793362, 36.3356639 ], [ 26.6825715, 36.3260096 ], [ 26.6846459, 36.3260096 ], [ 26.6887345, 36.3298049 ], [ 26.6874267, 36.3346342 ], [ 26.692569, 36.3352117 ], [ 26.696858, 36.3420539 ], [ 26.6899933, 36.346271699999988 ] ] ], [ [ [ 26.7495336, 37.3837999 ], [ 26.7388667, 37.3893547 ], [ 26.7352568, 37.3953433 ], [ 26.7250236, 37.4006754 ], [ 26.7252072, 37.4048236 ], [ 26.7170494, 37.4094689 ], [ 26.7127312, 37.4021011 ], [ 26.7133843, 37.3981646 ], [ 26.7180157, 37.3900459 ], [ 26.7254847, 37.3867727 ], [ 26.7334185, 37.3785518 ], [ 26.7352568, 37.3732744 ], [ 26.741757, 37.3744695 ], [ 26.7404122, 37.3688855 ], [ 26.7434914, 37.3622939 ], [ 26.7483407, 37.3656925 ], [ 26.7494743, 37.3712253 ], [ 26.7573176, 37.3751562 ], [ 26.7495336, 37.3837999 ] ] ], [ [ [ 27.7211784, 36.2724537 ], [ 27.721334, 36.2753154 ], [ 27.719456, 36.2767041 ], [ 27.7243788, 36.2812518 ], [ 27.7219775, 36.28368 ], [ 27.7132453, 36.2860927 ], [ 27.7093731, 36.285358 ], [ 27.7066162, 36.2829722 ], [ 27.6992881, 36.2827397 ], [ 27.6992368, 36.2810807 ], [ 27.6939643, 36.2809475 ], [ 27.6934526, 36.2789303 ], [ 27.6894202, 36.2742649 ], [ 27.6894127, 36.2715589 ], [ 27.6855649, 36.2690359 ], [ 27.685944, 36.2644578 ], [ 27.6842924, 36.2624785 ], [ 27.6852526, 36.2602564 ], [ 27.6900751, 36.261436 ], [ 27.6971782, 36.2674108 ], [ 27.7020037, 36.2690319 ], [ 27.7076986, 36.2696903 ], [ 27.7097671, 36.2674871 ], [ 27.7029818, 36.2609183 ], [ 27.7037694, 36.258955 ], [ 27.7073917, 36.2569265 ], [ 27.7095347, 36.2575239 ], [ 27.7112571, 36.254974 ], [ 27.719888, 36.2644768 ], [ 27.7170501, 36.26581 ], [ 27.7231587, 36.2703947 ], [ 27.7211784, 36.2724537 ] ] ], [ [ [ 27.1434346, 36.6724761 ], [ 27.1401182, 36.6727988 ], [ 27.1407862, 36.6762476 ], [ 27.1378524, 36.6808602 ], [ 27.1358685, 36.68202 ], [ 27.1315594, 36.6818514 ], [ 27.1293027, 36.6771043 ], [ 27.1267313, 36.6744962 ], [ 27.1234713, 36.6736092 ], [ 27.1227585, 36.6686739 ], [ 27.1184303, 36.665951 ], [ 27.109435, 36.665725 ], [ 27.1051586, 36.6665964 ], [ 27.1039757, 36.6642304 ], [ 27.1048516, 36.6609699 ], [ 27.1035669, 36.6574401 ], [ 27.1045883, 36.6528853 ], [ 27.1101403, 36.6488369 ], [ 27.1127704, 36.6443899 ], [ 27.10996, 36.6442159 ], [ 27.1088333, 36.6405497 ], [ 27.114648, 36.6414935 ], [ 27.1146261, 36.6509074 ], [ 27.1194783, 36.6612578 ], [ 27.1251778, 36.6676601 ], [ 27.1304837, 36.6672835 ], [ 27.1375892, 36.6684741 ], [ 27.1407651, 36.6671683 ], [ 27.1449267, 36.6696686 ], [ 27.1434346, 36.6724761 ] ] ], [ [ [ 26.9239014, 37.0052063 ], [ 26.9216, 37.0101064 ], [ 26.9139251, 37.0158247 ], [ 26.9058878, 37.0172411 ], [ 26.8906704, 37.016097 ], [ 26.8875052, 37.0141882 ], [ 26.8836441, 37.0126124 ], [ 26.8852243, 37.0111005 ], [ 26.8875052, 37.0109792 ], [ 26.8971698, 37.0056042 ], [ 26.915628, 36.9994658 ], [ 26.9174824, 36.9967998 ], [ 26.915603, 36.9918955 ], [ 26.9194651, 36.9922558 ], [ 26.9239014, 37.0052063 ] ] ], [ [ [ 26.2993688, 36.9888916 ], [ 26.2953435, 36.9889879 ], [ 26.2890971, 36.9846441 ], [ 26.2805837, 36.9834589 ], [ 26.2750574, 36.9850607 ], [ 26.2689425, 36.9763998 ], [ 26.2828864, 36.9699134 ], [ 26.2993688, 36.9764466 ], [ 26.309328, 36.9834979 ], [ 26.3060483, 36.9902217 ], [ 26.2993688, 36.9888916 ] ] ], [ [ [ 27.0934914, 37.303155 ], [ 27.0927209, 37.3057109 ], [ 27.0899923, 37.3076267 ], [ 27.0860075, 37.3057109 ], [ 27.0845306, 37.3015728 ], [ 27.0795782, 37.2949389 ], [ 27.0836639, 37.2913319 ], [ 27.078219, 37.2883716 ], [ 27.0810993, 37.2870145 ], [ 27.0799235, 37.280408 ], [ 27.0824728, 37.276802 ], [ 27.0858384, 37.2747146 ], [ 27.0909716, 37.2744492 ], [ 27.1010303, 37.277714 ], [ 27.1038128, 37.279884 ], [ 27.0996823, 37.2820269 ], [ 27.0959439, 37.2821369 ], [ 27.0968168, 37.2851832 ], [ 27.0946377, 37.2853421 ], [ 27.0946682, 37.2889756 ], [ 27.0908244, 37.2879611 ], [ 27.0876478, 37.2904458 ], [ 27.0900662, 37.2931575 ], [ 27.0888353, 37.2948961 ], [ 27.0919606, 37.2989079 ], [ 27.0957397, 37.2974657 ], [ 27.0997016, 37.3024207 ], [ 27.0934914, 37.303155 ] ] ], [ [ [ 26.8414941, 35.4388549 ], [ 26.8433666, 35.4367988 ], [ 26.8553188, 35.435732 ], [ 26.8620858, 35.4310352 ], [ 26.867946, 35.4312319 ], [ 26.8696498, 35.4323439 ], [ 26.8751907, 35.432762 ], [ 26.8740998, 35.4357417 ], [ 26.8708279, 35.4369883 ], [ 26.8720655, 35.4413623 ], [ 26.8704121, 35.4433381 ], [ 26.867946, 35.4421926 ], [ 26.8594843, 35.4440886 ], [ 26.8414941, 35.4388549 ] ] ], [ [ [ 27.8547831, 36.528848 ], [ 27.8534886, 36.5257677 ], [ 27.8554698, 36.5242348 ], [ 27.8531282, 36.5220686 ], [ 27.854812, 36.5207606 ], [ 27.8546936, 36.5174888 ], [ 27.8605449, 36.5168026 ], [ 27.8643754, 36.519407099999988 ], [ 27.8675917, 36.5194376 ], [ 27.868105, 36.5216377 ], [ 27.874862, 36.5219656 ], [ 27.8741182, 36.5247646 ], [ 27.872023, 36.5246156 ], [ 27.86812, 36.5293098 ], [ 27.8660493, 36.528799 ], [ 27.8606099, 36.530191 ], [ 27.8547831, 36.528848 ] ] ], [ [ [ 27.0980483, 37.0624488 ], [ 27.0867859, 37.0658793 ], [ 27.075965, 37.0649574 ], [ 27.0719969, 37.0621164 ], [ 27.075965, 37.0593691 ], [ 27.0922278, 37.0565849 ], [ 27.1007088, 37.059356799999989 ], [ 27.0980483, 37.0624488 ] ] ], [ [ [ 29.5121513, 36.1576273 ], [ 29.4978591, 36.1578849 ], [ 29.4904517, 36.1603646 ], [ 29.4902087, 36.1565461 ], [ 29.4853996, 36.1521953 ], [ 29.485457, 36.150950099999989 ], [ 29.4906803, 36.1513712 ], [ 29.4974545, 36.1495842 ], [ 29.5018372, 36.1507613 ], [ 29.5010758, 36.1538898 ], [ 29.5036933, 36.1546751 ], [ 29.5071418, 36.1516684 ], [ 29.5079702, 36.1541811 ], [ 29.512572, 36.1562659 ], [ 29.5121513, 36.1576273 ] ] ], [ [ [ 27.7692985, 35.8818925 ], [ 27.7698475, 35.883884 ], [ 27.7681749, 35.8861029 ], [ 27.7645693, 35.8873294 ], [ 27.7551488, 35.887244 ], [ 27.7506207, 35.8838683 ], [ 27.7524305, 35.8778515 ], [ 27.7603098, 35.8771047 ], [ 27.7645693, 35.8801356 ], [ 27.7692985, 35.8818925 ] ] ], [ [ [ 26.4723017, 36.5296217 ], [ 26.4700632, 36.5313304 ], [ 26.4733932, 36.5363607 ], [ 26.469529, 36.5405491 ], [ 26.4689562, 36.5431734 ], [ 26.4665634, 36.5443978 ], [ 26.4602215, 36.544232 ], [ 26.4589728, 36.5416518 ], [ 26.4645482, 36.5395692 ], [ 26.4647139, 36.536586 ], [ 26.4620606, 36.5362302 ], [ 26.4620554, 36.5327493 ], [ 26.4676085, 36.531279499999989 ], [ 26.4676085, 36.529832899999988 ], [ 26.4611164, 36.5275608 ], [ 26.4639691, 36.52579 ], [ 26.4674309, 36.5264188 ], [ 26.4723017, 36.5296217 ] ] ], [ [ [ 26.9797734, 36.5043956 ], [ 26.9819136, 36.5077532 ], [ 26.9797734, 36.508596 ], [ 26.9672097, 36.5065262 ], [ 26.9645591, 36.5023017 ], [ 26.9624997, 36.5017684 ], [ 26.9601475, 36.4975209 ], [ 26.9671034, 36.4967177 ], [ 26.975298, 36.5004249 ], [ 26.9797734, 36.5043956 ] ] ], [ [ [ 26.7758196, 37.1994032 ], [ 26.7772086, 37.2033941 ], [ 26.7865462, 37.2071124 ], [ 26.7845732, 37.2124773 ], [ 26.7766349, 37.2120736 ], [ 26.776829, 37.2067409 ], [ 26.766118, 37.2033941 ], [ 26.7674078, 37.1964883 ], [ 26.7690091, 37.1961527 ], [ 26.771803, 37.1990066 ], [ 26.7758196, 37.1994032 ] ] ], [ [ [ 26.4037351, 36.0781802 ], [ 26.3933946, 36.0824471 ], [ 26.3911543, 36.0812974 ], [ 26.3956001, 36.0778562 ], [ 26.3939837, 36.072938 ], [ 26.4037351, 36.0649554 ], [ 26.4084047, 36.0652784 ], [ 26.4066148, 36.0695697 ], [ 26.4037351, 36.0685509 ], [ 26.4054581, 36.076048 ], [ 26.4037351, 36.0781802 ] ] ], [ [ [ 26.1466626, 36.5593017 ], [ 26.1434889, 36.5598821 ], [ 26.1379745, 36.5584002 ], [ 26.1310311, 36.5542764 ], [ 26.1343115, 36.5509641 ], [ 26.1434889, 36.54841 ], [ 26.1463113, 36.5472149 ], [ 26.1474827, 36.5508753 ], [ 26.1466626, 36.5593017 ] ] ], [ [ [ 26.7090639, 37.3623218 ], [ 26.7112199, 37.3669748 ], [ 26.7023905, 37.371848299999989 ], [ 26.6974601, 37.3647834 ], [ 26.6990917, 37.3623218 ], [ 26.7043902, 37.3566048 ], [ 26.7083572, 37.3567908 ], [ 26.7090639, 37.3623218 ] ] ], [ [ [ 27.0417801, 36.5850782 ], [ 27.0422563, 36.589828 ], [ 27.0442739, 36.5932876 ], [ 27.030615, 36.5943343 ], [ 27.0295852, 36.5923016 ], [ 27.0342025, 36.5881237 ], [ 27.0345893, 36.5855126 ], [ 27.037897, 36.5833109 ], [ 27.0377392, 36.5816661 ], [ 27.0415857, 36.5800679 ], [ 27.0447377, 36.5820095 ], [ 27.0417801, 36.5850782 ] ] ], [ [ [ 27.0821403, 36.570169 ], [ 27.0821403, 36.5731629 ], [ 27.0701495, 36.5735207 ], [ 27.0624917, 36.5672593 ], [ 27.0641001, 36.5657559 ], [ 27.0679135, 36.5655513 ], [ 27.0780039, 36.5672509 ], [ 27.0821403, 36.570169 ] ] ], [ [ [ 26.824518, 35.8940109 ], [ 26.8217705, 35.8928691 ], [ 26.8173437, 35.8885692 ], [ 26.8159533, 35.8917771 ], [ 26.813021, 35.8894568 ], [ 26.8163278, 35.8848488 ], [ 26.8159451, 35.882254 ], [ 26.8235559, 35.8796504 ], [ 26.825156, 35.8834465 ], [ 26.8235078, 35.8855281 ], [ 26.8263335, 35.8918739 ], [ 26.824518, 35.8940109 ] ] ], [ [ [ 29.6371755, 36.1109475 ], [ 29.6453532, 36.1159276 ], [ 29.643029, 36.1190971 ], [ 29.6390212, 36.1210484 ], [ 29.6354089, 36.1184375 ], [ 29.6283514, 36.1082855 ], [ 29.6318154, 36.1065989 ], [ 29.6352349, 36.1106832 ], [ 29.6371755, 36.1109475 ] ] ], [ [ [ 26.2331871, 36.5532101 ], [ 26.2333852, 36.5553105 ], [ 26.2306117, 36.5604686 ], [ 26.2235554, 36.562994499999988 ], [ 26.2239982, 36.5581572 ], [ 26.2223263, 36.5544733 ], [ 26.2263758, 36.5490098 ], [ 26.2304892, 36.550759299999989 ], [ 26.2331871, 36.5532101 ] ] ], [ [ [ 27.6953605, 36.256149 ], [ 27.6984914, 36.2522776 ], [ 27.7011835, 36.2443821 ], [ 27.7037673, 36.2445264 ], [ 27.7083608, 36.2512407 ], [ 27.7068435, 36.2559235 ], [ 27.7001337, 36.2542705 ], [ 27.6978566, 36.2568232 ], [ 27.6953605, 36.256149 ] ] ], [ [ [ 27.2935604, 36.480698 ], [ 27.2976514, 36.4816436 ], [ 27.2977349, 36.4830153 ], [ 27.2910247, 36.4851559 ], [ 27.2850234, 36.4853476 ], [ 27.2814138, 36.4814018 ], [ 27.2816665, 36.4800916 ], [ 27.2869435, 36.4795483 ], [ 27.2903384, 36.4777573 ], [ 27.2940633, 36.4793443 ], [ 27.2935604, 36.480698 ] ] ], [ [ [ 27.0970426, 36.9392761 ], [ 27.0966693, 36.9462698 ], [ 27.0984849, 36.9486804 ], [ 27.094809, 36.9511873 ], [ 27.0925574, 36.9498899 ], [ 27.0955246, 36.9467 ], [ 27.0924296, 36.943901 ], [ 27.0921999, 36.9377338 ], [ 27.090814, 36.9370104 ], [ 27.0946705, 36.9332944 ], [ 27.0990214, 36.9368734 ], [ 27.0970426, 36.9392761 ] ] ], [ [ [ 27.6602012, 36.258059 ], [ 27.6577144, 36.2606988 ], [ 27.6499176, 36.2598647 ], [ 27.6485744, 36.2588582 ], [ 27.6514508, 36.2576325 ], [ 27.6523357, 36.2509947 ], [ 27.657836, 36.2529606 ], [ 27.6602012, 36.258059 ] ] ], [ [ [ 26.3524824, 36.6103904 ], [ 26.341688, 36.6159011 ], [ 26.3383191, 36.6143766 ], [ 26.3442263, 36.6116082 ], [ 26.3487199, 36.6059723 ], [ 26.3542312, 36.6058171 ], [ 26.3515911, 36.6095724 ], [ 26.3524824, 36.6103904 ] ] ], [ [ [ 27.7732632, 36.2613811 ], [ 27.7731425, 36.2647668 ], [ 27.7701554, 36.2645112 ], [ 27.7645443, 36.2587068 ], [ 27.7607119, 36.2533002 ], [ 27.7645443, 36.2535596 ], [ 27.7732632, 36.2613811 ] ] ], [ [ [ 26.4479424, 36.5490792 ], [ 26.4540183, 36.5529676 ], [ 26.4558567, 36.5550608 ], [ 26.4488222, 36.5548805 ], [ 26.4489866, 36.5519954 ], [ 26.4465681, 36.5519795 ], [ 26.4407207, 36.5477574 ], [ 26.4420697, 36.5466719 ], [ 26.445911, 36.5476664 ], [ 26.4475145, 36.5454017 ], [ 26.4507644, 36.5478362 ], [ 26.4479424, 36.5490792 ] ] ], [ [ [ 26.7387826, 36.3039795 ], [ 26.7364608, 36.3001674 ], [ 26.7364957, 36.2979766 ], [ 26.7410721, 36.2961474 ], [ 26.7412543, 36.2938779 ], [ 26.7439799, 36.2931304 ], [ 26.7435597, 36.3017976 ], [ 26.7387826, 36.3039795 ] ] ], [ [ [ 26.9472683, 36.9175488 ], [ 26.9441747, 36.9181877 ], [ 26.943126, 36.9162669 ], [ 26.9344186, 36.9143385 ], [ 26.9311667, 36.911523099999989 ], [ 26.9321923, 36.9108965 ], [ 26.9418372, 36.9119834 ], [ 26.9472683, 36.9175488 ] ] ], [ [ [ 26.1460216, 36.5402063 ], [ 26.1434889, 36.5387096 ], [ 26.1413618, 36.5347233 ], [ 26.1434889, 36.5263974 ], [ 26.1456873, 36.5282706 ], [ 26.1460216, 36.5402063 ] ] ], [ [ [ 26.7490135, 36.2860641 ], [ 26.7471652, 36.2887836 ], [ 26.7439625, 36.2891267 ], [ 26.7394824, 36.2842571 ], [ 26.7439625, 36.2824044 ], [ 26.7481274, 36.283475599999989 ], [ 26.7490135, 36.2860641 ] ] ], [ [ [ 26.9092308, 37.118772199999988 ], [ 26.9070922, 37.1196622 ], [ 26.9008609, 37.1170027 ], [ 26.9042311, 37.1133951 ], [ 26.9101956, 37.1150475 ], [ 26.9092308, 37.118772199999988 ] ] ], [ [ [ 26.7233068, 37.3735343 ], [ 26.7217061, 37.3731771 ], [ 26.7236414, 37.3651393 ], [ 26.7268594, 37.3633168 ], [ 26.72749, 37.3694718 ], [ 26.7233068, 37.3735343 ] ] ], [ [ [ 26.5712045, 37.2945475 ], [ 26.5704282, 37.2962464 ], [ 26.5685622, 37.2968982 ], [ 26.5667988, 37.2961202 ], [ 26.5650687, 37.293351 ], [ 26.5662295, 37.2911016 ], [ 26.5712045, 37.2896732 ], [ 26.5721734, 37.2911879 ], [ 26.5712045, 37.2945475 ] ] ], [ [ [ 26.4001935, 36.5678706 ], [ 26.3972774, 36.5677355 ], [ 26.399424, 36.5622583 ], [ 26.4038253, 36.5616415 ], [ 26.4058439, 36.5654646 ], [ 26.4001935, 36.5678706 ] ] ], [ [ [ 26.1687325, 36.9104366 ], [ 26.1661052, 36.9122323 ], [ 26.1641993, 36.9116239 ], [ 26.162037, 36.9072248 ], [ 26.1658311, 36.9050478 ], [ 26.1688255, 36.906481899999989 ], [ 26.1687325, 36.9104366 ] ] ], [ [ [ 26.491769, 37.4123027 ], [ 26.4870787, 37.4090876 ], [ 26.4878729, 37.4074242 ], [ 26.4934216, 37.4087951 ], [ 26.4968773, 37.4076265 ], [ 26.4975626, 37.411207399999988 ], [ 26.491769, 37.4123027 ] ] ], [ [ [ 27.6327794, 36.2186091 ], [ 27.6273773, 36.222671 ], [ 27.6246815, 36.219749 ], [ 27.6264695, 36.2160389 ], [ 27.6318726, 36.2171748 ], [ 27.6327794, 36.2186091 ] ] ], [ [ [ 26.7708161, 37.3567005 ], [ 26.7689025, 37.3577778 ], [ 26.7638428, 37.3574757 ], [ 26.7621074, 37.3555715 ], [ 26.7638084, 37.3523961 ], [ 26.7693334, 37.3542362 ], [ 26.7708161, 37.3567005 ] ] ], [ [ [ 26.9014358, 35.456332 ], [ 26.8989477, 35.456902 ], [ 26.8963273, 35.4539468 ], [ 26.8915745, 35.4522332 ], [ 26.8910922, 35.4503712 ], [ 26.8921051, 35.4493263 ], [ 26.9000535, 35.4533264 ], [ 26.9014358, 35.456332 ] ] ], [ [ [ 26.9338697, 37.0359731 ], [ 26.9282403, 37.033976 ], [ 26.9250864, 37.0312389 ], [ 26.9274869, 37.0295508 ], [ 26.9339518, 37.0326678 ], [ 26.9338697, 37.0359731 ] ] ], [ [ [ 27.7093199, 36.2252434 ], [ 27.702174, 36.2237149 ], [ 27.7011116, 36.2223688 ], [ 27.703441, 36.2194697 ], [ 27.7093831, 36.222458 ], [ 27.7093199, 36.2252434 ] ] ], [ [ [ 26.4634166, 35.8289138 ], [ 26.459572, 35.8272946 ], [ 26.4691664, 35.8226892 ], [ 26.4698517, 35.8257129 ], [ 26.4634166, 35.8289138 ] ] ], [ [ [ 26.7443573, 37.2757153 ], [ 26.7428975, 37.2692126 ], [ 26.7484438, 37.2681426 ], [ 26.7475515, 37.2739666 ], [ 26.7443573, 37.2757153 ] ] ], [ [ [ 26.4063644, 36.5501282 ], [ 26.4006346, 36.5506833 ], [ 26.4013919, 36.5454021 ], [ 26.4067897, 36.5461035 ], [ 26.4063644, 36.5501282 ] ] ], [ [ [ 26.6072997, 37.3096536 ], [ 26.6017109, 37.310367 ], [ 26.6007215, 37.3085218 ], [ 26.6039914, 37.3041955 ], [ 26.6070045, 37.3065616 ], [ 26.6072997, 37.3096536 ] ] ], [ [ [ 26.2339955, 35.8648316 ], [ 26.2279614, 35.8654355 ], [ 26.2255221, 35.8611166 ], [ 26.2320345, 35.8612876 ], [ 26.2339955, 35.8648316 ] ] ], [ [ [ 26.6161578, 36.4229168 ], [ 26.6145404, 36.4219124 ], [ 26.6162082, 36.4206425 ], [ 26.6236997, 36.4194261 ], [ 26.6231938, 36.4235372 ], [ 26.6161578, 36.4229168 ] ] ], [ [ [ 26.4552408, 35.8269346 ], [ 26.4502166, 35.8228384 ], [ 26.4529749, 35.8205286 ], [ 26.4582329, 35.8247973 ], [ 26.4552408, 35.8269346 ] ] ], [ [ [ 26.7656448, 37.193489 ], [ 26.7590788, 37.1953708 ], [ 26.7599428, 37.189495199999989 ], [ 26.7627896, 37.189902 ], [ 26.7656448, 37.193489 ] ] ], [ [ [ 27.1814305, 36.6824156 ], [ 27.1774162, 36.6834105 ], [ 27.1765132, 36.6812524 ], [ 27.1771713, 36.6789573 ], [ 27.1798833, 36.6780651 ], [ 27.1826384, 36.6801246 ], [ 27.1814305, 36.6824156 ] ] ], [ [ [ 27.7715719, 36.2455072 ], [ 27.7660307, 36.2439417 ], [ 27.771137, 36.2408182 ], [ 27.7750289, 36.2423312 ], [ 27.7715719, 36.2455072 ] ] ], [ [ [ 26.8307282, 35.3634544 ], [ 26.8259591, 35.3633079 ], [ 26.8228802, 35.361265 ], [ 26.8237864, 35.3598142 ], [ 26.8289901, 35.3600523 ], [ 26.8307282, 35.3634544 ] ] ], [ [ [ 26.7196472, 37.2588278 ], [ 26.7169796, 37.2584038 ], [ 26.7168932, 37.2551842 ], [ 26.7190678, 37.2522848 ], [ 26.7214323, 37.2528096 ], [ 26.7196472, 37.2588278 ] ] ], [ [ [ 26.7505738, 37.3642055 ], [ 26.7493426, 37.3624715 ], [ 26.7547275, 37.3584568 ], [ 26.7573796, 37.3601781 ], [ 26.7505738, 37.3642055 ] ] ], [ [ [ 27.4640687, 36.3695089 ], [ 27.4602289, 36.3697096 ], [ 27.4574659, 36.3653249 ], [ 27.4621569, 36.3654088 ], [ 27.4640687, 36.3695089 ] ] ], [ [ [ 27.821928, 36.6525083 ], [ 27.8199702, 36.6559244 ], [ 27.8161923, 36.6527907 ], [ 27.8182153, 36.6506816 ], [ 27.8211654, 36.6507704 ], [ 27.821928, 36.6525083 ] ] ], [ [ [ 26.7118959, 37.3344509 ], [ 26.7087849, 37.3312366 ], [ 26.7099306, 37.3295141 ], [ 26.7161904, 37.3328283 ], [ 26.7118959, 37.3344509 ] ] ], [ [ [ 26.8428399, 35.4352752 ], [ 26.8395704, 35.4327415 ], [ 26.83925, 35.430345 ], [ 26.8452565, 35.4313926 ], [ 26.8428399, 35.4352752 ] ] ], [ [ [ 27.0555745, 35.5991579 ], [ 27.0543451, 35.5982427 ], [ 27.0561628, 35.5941676 ], [ 27.0610816, 35.5968682 ], [ 27.0555745, 35.5991579 ] ] ], [ [ [ 26.2235998, 35.8590658 ], [ 26.2210617, 35.8574212 ], [ 26.2210617, 35.854455 ], [ 26.2239509, 35.8528774 ], [ 26.2251081, 35.8548325 ], [ 26.2235998, 35.8590658 ] ] ], [ [ [ 26.2394826, 35.865503499999988 ], [ 26.2365432, 35.8665421 ], [ 26.2335764, 35.8652826 ], [ 26.2367894, 35.8622149 ], [ 26.2390266, 35.8623154 ], [ 26.2394826, 35.865503499999988 ] ] ], [ [ [ 26.8260393, 35.8778357 ], [ 26.8213683, 35.8744714 ], [ 26.8237911, 35.873029 ], [ 26.8288385, 35.8759003 ], [ 26.8260393, 35.8778357 ] ] ], [ [ [ 26.4094828, 36.0494419 ], [ 26.4067403, 36.0472726 ], [ 26.4110018, 36.0432814 ], [ 26.4126566, 36.0447551 ], [ 26.4094828, 36.0494419 ] ] ], [ [ [ 27.7043561, 36.1129698 ], [ 27.7017689, 36.1142484 ], [ 27.6994658, 36.1120807 ], [ 27.6996645, 36.1097943 ], [ 27.704335, 36.1102516 ], [ 27.7043561, 36.1129698 ] ] ], [ [ [ 27.6571452, 36.2505228 ], [ 27.654054, 36.2489575 ], [ 27.6539696, 36.2467103 ], [ 27.6577955, 36.2454666 ], [ 27.6589329, 36.2476784 ], [ 27.6571452, 36.2505228 ] ] ], [ [ [ 27.6781751, 36.2674165 ], [ 27.6736059, 36.2638564 ], [ 27.6771854, 36.2615755 ], [ 27.6794738, 36.2656167 ], [ 27.6781751, 36.2674165 ] ] ], [ [ [ 26.7564527, 36.3022417 ], [ 26.755213, 36.3015591 ], [ 26.7559984, 36.30031 ], [ 26.7632673, 36.2978558 ], [ 26.7624776, 36.3006059 ], [ 26.7564527, 36.3022417 ] ] ], [ [ [ 27.4556603, 36.3638411 ], [ 27.4542943, 36.3634848 ], [ 27.4522006, 36.3589114 ], [ 27.4536427, 36.3580928 ], [ 27.4571751, 36.3597062 ], [ 27.4556603, 36.3638411 ] ] ], [ [ [ 27.466564, 36.3762091 ], [ 27.4645197, 36.3721962 ], [ 27.4673923, 36.371678 ], [ 27.4710125, 36.3758995 ], [ 27.466564, 36.3762091 ] ] ], [ [ [ 26.5997605, 36.4214817 ], [ 26.5943846, 36.418168 ], [ 26.5962178, 36.4167813 ], [ 26.6022312, 36.4194139 ], [ 26.5997605, 36.4214817 ] ] ], [ [ [ 27.3997874, 36.4420706 ], [ 27.3976705, 36.4421932 ], [ 27.396517, 36.4398169 ], [ 27.3976114, 36.4372772 ], [ 27.4011843, 36.4375581 ], [ 27.3997874, 36.4420706 ] ] ], [ [ [ 27.8660929, 36.5169207 ], [ 27.8648158, 36.5150012 ], [ 27.8700541, 36.5133027 ], [ 27.8722018, 36.5164415 ], [ 27.8660929, 36.5169207 ] ] ], [ [ [ 26.4750025, 36.5343868 ], [ 26.472407, 36.5314203 ], [ 26.4777027, 36.5309001 ], [ 26.4793011, 36.534525 ], [ 26.4750025, 36.5343868 ] ] ], [ [ [ 26.3951938, 36.5630038 ], [ 26.3911676, 36.5611576 ], [ 26.397055, 36.5584452 ], [ 26.3987615, 36.559971 ], [ 26.3951938, 36.5630038 ] ] ], [ [ [ 27.7451267, 36.563335 ], [ 27.7426908, 36.5611772 ], [ 27.7489071, 36.5589857 ], [ 27.7493658, 36.5620707 ], [ 27.7451267, 36.563335 ] ] ], [ [ [ 26.3928079, 36.570244 ], [ 26.3881542, 36.5702515 ], [ 26.3894599, 36.5664217 ], [ 26.3914132, 36.5660523 ], [ 26.3937017, 36.5687075 ], [ 26.3928079, 36.570244 ] ] ], [ [ [ 27.7535757, 36.5760013 ], [ 27.7496949, 36.5716379 ], [ 27.7539587, 36.571564 ], [ 27.7566254, 36.5759472 ], [ 27.7535757, 36.5760013 ] ] ], [ [ [ 26.2574494, 36.5808499 ], [ 26.2549873, 36.578048 ], [ 26.2577531, 36.5755922 ], [ 26.261122, 36.5785337 ], [ 26.2574494, 36.5808499 ] ] ], [ [ [ 27.7650554, 36.5833391 ], [ 27.761447, 36.5826859 ], [ 27.7594748, 36.5808622 ], [ 27.7588012, 36.5793092 ], [ 27.7612843, 36.579168 ], [ 27.7650554, 36.580894199999989 ], [ 27.7650554, 36.5833391 ] ] ], [ [ [ 27.7694867, 36.5873041 ], [ 27.7652747, 36.5836634 ], [ 27.7683882, 36.5821008 ], [ 27.7715426, 36.5838587 ], [ 27.7694867, 36.5873041 ] ] ], [ [ [ 27.794347, 36.6341902 ], [ 27.789604, 36.6304627 ], [ 27.7932361, 36.6284817 ], [ 27.7951878, 36.6300088 ], [ 27.794347, 36.6341902 ] ] ], [ [ [ 27.810559, 36.6494871 ], [ 27.8071873, 36.6459727 ], [ 27.8092859, 36.6446079 ], [ 27.813687, 36.6454548 ], [ 27.810559, 36.6494871 ] ] ], [ [ [ 27.1368104, 36.6660269 ], [ 27.1335327, 36.6653246 ], [ 27.1337689, 36.6627749 ], [ 27.1374147, 36.6607087 ], [ 27.1383554, 36.6618659 ], [ 27.1368104, 36.6660269 ] ] ], [ [ [ 26.9184246, 36.8887739 ], [ 26.9196025, 36.8849533 ], [ 26.9222472, 36.884261 ], [ 26.9234981, 36.8887967 ], [ 26.9184246, 36.8887739 ] ] ], [ [ [ 26.1676604, 36.9025579 ], [ 26.1663488, 36.9000743 ], [ 26.1721782, 36.8983135 ], [ 26.172568, 36.9013734 ], [ 26.1676604, 36.9025579 ] ] ], [ [ [ 26.7186335, 37.3744596 ], [ 26.7128183, 37.3725673 ], [ 26.7152813, 37.3698407 ], [ 26.7187809, 37.3711588 ], [ 26.7186335, 37.3744596 ] ] ], [ [ [ 26.9119613, 36.9787349 ], [ 26.9073567, 36.9750448 ], [ 26.9118117, 36.974 ], [ 26.9141915, 36.9759039 ], [ 26.9119613, 36.9787349 ] ] ], [ [ [ 26.3263336, 36.988506099999988 ], [ 26.3212716, 36.9854661 ], [ 26.3259903, 36.984139299999988 ], [ 26.328689, 36.9859336 ], [ 26.3263336, 36.988506099999988 ] ] ], [ [ [ 26.3811518, 36.9982407 ], [ 26.376555, 36.9967609 ], [ 26.3828973, 36.9939356 ], [ 26.3848059, 36.9948722 ], [ 26.3811518, 36.9982407 ] ] ], [ [ [ 26.8862068, 37.0874579 ], [ 26.8861817, 37.0838822 ], [ 26.888822, 37.0823087 ], [ 26.8907604, 37.0871749 ], [ 26.8862068, 37.0874579 ] ] ], [ [ [ 26.893796, 37.096235 ], [ 26.8897236, 37.0978256 ], [ 26.8874882, 37.0961417 ], [ 26.8912392, 37.0937279 ], [ 26.8937797, 37.0937964 ], [ 26.893796, 37.096235 ] ] ], [ [ [ 26.8869588, 37.1463656 ], [ 26.883276, 37.1435796 ], [ 26.8854803, 37.1396662 ], [ 26.8877133, 37.1419324 ], [ 26.8869588, 37.1463656 ] ] ], [ [ [ 26.8195751, 37.2058923 ], [ 26.8178587, 37.2034507 ], [ 26.8228991, 37.2004783 ], [ 26.8245005, 37.2023012 ], [ 26.8195751, 37.2058923 ] ] ], [ [ [ 26.8158603, 37.2168313 ], [ 26.8118879, 37.2161335 ], [ 26.8139021, 37.2118612 ], [ 26.8173132, 37.2134943 ], [ 26.8158603, 37.2168313 ] ] ], [ [ [ 26.7534838, 37.2684384 ], [ 26.7515639, 37.2695071 ], [ 26.7496166, 37.2662111 ], [ 26.7500955, 37.2632848 ], [ 26.7531561, 37.2645995 ], [ 26.7534838, 37.2684384 ] ] ], [ [ [ 26.7573228, 37.270583599999988 ], [ 26.7548405, 37.267034 ], [ 26.7569579, 37.2646595 ], [ 26.7602852, 37.2674309 ], [ 26.7573228, 37.270583599999988 ] ] ], [ [ [ 26.7354025, 37.2737632 ], [ 26.7295824, 37.2738978 ], [ 26.733026, 37.2698126 ], [ 26.7354025, 37.2700621 ], [ 26.7354025, 37.2737632 ] ] ], [ [ [ 26.7968882, 37.2856363 ], [ 26.7964499, 37.2818233 ], [ 26.8009351, 37.2813902 ], [ 26.8005333, 37.2854717 ], [ 26.7968882, 37.2856363 ] ] ], [ [ [ 26.8061587, 37.3200131 ], [ 26.8021741, 37.3170911 ], [ 26.8029702, 37.3165043 ], [ 26.8049825, 37.3150208 ], [ 26.8080704, 37.3148352 ], [ 26.8074542, 37.3165043 ], [ 26.8061587, 37.3200131 ] ] ], [ [ [ 26.5669876, 37.339997499999988 ], [ 26.5628802, 37.340553 ], [ 26.5625495, 37.3378449 ], [ 26.5643022, 37.3366 ], [ 26.5680473, 37.3370652 ], [ 26.5669876, 37.339997499999988 ] ] ], [ [ [ 26.7580762, 37.3527508 ], [ 26.7536531, 37.3515438 ], [ 26.7543006, 37.3500957 ], [ 26.7565043, 37.3478884 ], [ 26.759419, 37.3500957 ], [ 26.7580762, 37.3527508 ] ] ], [ [ [ 26.9798289, 37.429496 ], [ 26.9733558, 37.4278208 ], [ 26.976113, 37.4252428 ], [ 26.9813364, 37.428332399999988 ], [ 26.9798289, 37.429496 ] ] ], [ [ [ 27.0102658, 37.4680608 ], [ 27.0074264, 37.4681957 ], [ 27.0036972, 37.4661854 ], [ 27.0087508, 37.4648379 ], [ 27.0115654, 37.4658848 ], [ 27.0102658, 37.4680608 ] ] ], [ [ [ 26.9536418, 37.4855606 ], [ 26.9484932, 37.4845912 ], [ 26.9528638, 37.4811914 ], [ 26.9556728, 37.4837575 ], [ 26.9536418, 37.4855606 ] ] ], [ [ [ 26.9797734, 37.4869516 ], [ 26.9770803, 37.4875363 ], [ 26.9767002, 37.4852476 ], [ 26.9797734, 37.4844388 ], [ 26.9832952, 37.4835119 ], [ 26.9831599, 37.4862163 ], [ 26.9797734, 37.4869516 ] ] ], [ [ [ 27.3978857, 36.4370771 ], [ 27.3969556, 36.4373552 ], [ 27.3954939, 36.4356853 ], [ 27.3958503, 36.4350261 ], [ 27.3982187, 36.4354067 ], [ 27.3978857, 36.4370771 ] ] ] ] } },
{ "type": "Feature", "properties": { "LEVL_CODE": 3.0, "MOUNT_TYPE": 2.0, "CNTR_CODE": "EL", "SVRG_UN": "UN Member State", "NAME_ENGL": "Greece", "NAME_LATN": "Andros, Thira, Kea, Milos, Mykonos, Naxos, Paros,  Syros, Tinos", "NUTS_NAME": "Άνδρος, Θήρα, Κέα, Μήλος, Μύκονος, Νάξος, Πάρος, Σύρος, Τήνος", "URBN_TYPE": 3.0, "NUTS_ID": "EL422", "CAPT": "Athens", "COAST_TYPE": 1.0, "ISO3_CODE": "GRC", "NAME_FREN": "Grèce", "EU_STAT": "T", "NAME_GERM": "Griechenland", "EFTA_STAT": "F", "CC_STAT": "F", "geo": "EL422" }, "geometry": { "type": "MultiPolygon", "coordinates": [ [ [ [ 25.5458811, 37.1961884 ], [ 25.5377455, 37.202443699999989 ], [ 25.5315704, 37.2023871 ], [ 25.5290208, 37.2010959 ], [ 25.4936337, 37.1874883 ], [ 25.4826332, 37.1787727 ], [ 25.475147, 37.1648014 ], [ 25.4632529, 37.1516473 ], [ 25.4514443, 37.1429376 ], [ 25.4362018, 37.1375914 ], [ 25.4146282, 37.1351991 ], [ 25.4025578, 37.1236482 ], [ 25.3757513, 37.1085901 ], [ 25.3652961, 37.083446 ], [ 25.3623149, 37.0841726 ], [ 25.3589965, 37.0899373 ], [ 25.346848, 37.0911465 ], [ 25.3414194, 37.0880304 ], [ 25.3383455, 37.0800331 ], [ 25.3518023, 37.0702241 ], [ 25.3571053, 37.060736 ], [ 25.3744882, 37.0432311 ], [ 25.3731702, 37.033558299999989 ], [ 25.367426, 37.0240588 ], [ 25.3797222, 37.0122242 ], [ 25.3883549, 36.998058 ], [ 25.3900211, 36.9910939 ], [ 25.3872123, 36.9805272 ], [ 25.4146282, 36.968395 ], [ 25.4247856, 36.9647071 ], [ 25.4238551, 36.9341321 ], [ 25.4321016, 36.9281303 ], [ 25.4349778, 36.9206209 ], [ 25.4500035, 36.918180299999989 ], [ 25.4576635, 36.9225886 ], [ 25.4632051, 36.9309392 ], [ 25.4690902, 36.9347936 ], [ 25.4734018, 36.9350148 ], [ 25.4794745, 36.9311048 ], [ 25.483487, 36.9319162 ], [ 25.4919711, 36.9448953 ], [ 25.4990365, 36.9498829 ], [ 25.5111287, 36.9546965 ], [ 25.5290208, 36.9571434 ], [ 25.5360469, 36.9580642 ], [ 25.5378346, 36.954615 ], [ 25.541905, 36.9540419 ], [ 25.5487501, 36.9574628 ], [ 25.556648, 36.9703475 ], [ 25.5576301, 36.9810654 ], [ 25.5653681, 37.0009316 ], [ 25.5695834, 37.0143954 ], [ 25.577613, 37.0226591 ], [ 25.5831708, 37.0484424 ], [ 25.582555, 37.0569963 ], [ 25.5875623, 37.0779046 ], [ 25.6012875, 37.0807001 ], [ 25.6045541, 37.0832984 ], [ 25.5917273, 37.0896846 ], [ 25.5907316, 37.0984595 ], [ 25.5978388, 37.108108 ], [ 25.5986047, 37.1164962 ], [ 25.5924798, 37.1274763 ], [ 25.5920762, 37.1367311 ], [ 25.5873994, 37.1393981 ], [ 25.5879389, 37.1453166 ], [ 25.5782044, 37.1558767 ], [ 25.5770129, 37.1631887 ], [ 25.5716745, 37.169711 ], [ 25.5653723, 37.1709055 ], [ 25.5608464, 37.1799935 ], [ 25.5544142, 37.1793312 ], [ 25.5492802, 37.18373 ], [ 25.5458811, 37.1961884 ] ] ], [ [ [ 24.8581203, 37.9079541 ], [ 24.84251, 37.9125921 ], [ 24.8288465, 37.9362402 ], [ 24.8282646, 37.9595861 ], [ 24.8193526, 37.9654539 ], [ 24.7938396, 37.9727401 ], [ 24.7891345, 37.9812455 ], [ 24.7908001, 37.9908451 ], [ 24.7882071, 37.9962323 ], [ 24.7448502, 37.9907206 ], [ 24.7237947, 37.9772287 ], [ 24.6980153, 37.9673379 ], [ 24.6945016, 37.9643514 ], [ 24.6907526, 37.9611647 ], [ 24.6867714, 37.9504833 ], [ 24.6915169, 37.9328133 ], [ 24.6854328, 37.9237109 ], [ 24.6923331, 37.9183469 ], [ 24.6945016, 37.9123695 ], [ 24.6977166, 37.9035062 ], [ 24.707047, 37.8945132 ], [ 24.7069506, 37.8853869 ], [ 24.7117244, 37.8755061 ], [ 24.7238312, 37.8764143 ], [ 24.7336553, 37.8827885 ], [ 24.7677302, 37.8718344 ], [ 24.7769437, 37.8598132 ], [ 24.7861052, 37.8526196 ], [ 24.7994212, 37.8248722 ], [ 24.8198976, 37.816304099999989 ], [ 24.8273958, 37.799661 ], [ 24.8425243, 37.7925019 ], [ 24.8473502, 37.7861175 ], [ 24.8518641, 37.7791591 ], [ 24.8585489, 37.7766556 ], [ 24.8608467, 37.7760888 ], [ 24.8715619, 37.767507 ], [ 24.8878801, 37.7642941 ], [ 24.8996979, 37.7422188 ], [ 24.9117163, 37.727001 ], [ 24.9148924, 37.7144787 ], [ 24.9346304, 37.6949084 ], [ 24.9443928, 37.6887975 ], [ 24.9514764, 37.684363 ], [ 24.9613349, 37.6844939 ], [ 24.9597453, 37.6887975 ], [ 24.954179, 37.7038652 ], [ 24.9617912, 37.7090536 ], [ 24.9811778, 37.7312441 ], [ 24.9979803, 37.7689626 ], [ 24.9934259, 37.772445 ], [ 24.9797975, 37.773165 ], [ 24.9577451, 37.7680248 ], [ 24.952755, 37.7717335 ], [ 24.9621634, 37.7861175 ], [ 24.9697982, 37.7908035 ], [ 24.967491, 37.7981206 ], [ 24.9782218, 37.813713 ], [ 24.9696159, 37.8245904 ], [ 24.961657, 37.8259934 ], [ 24.9574457, 37.8322156 ], [ 24.942481, 37.837825099999989 ], [ 24.9377917, 37.8428143 ], [ 24.9411532, 37.8536463 ], [ 24.955355, 37.8717828 ], [ 24.9528705, 37.8981848 ], [ 24.9388094, 37.9025119 ], [ 24.8814154, 37.9018252 ], [ 24.8693068, 37.9074477 ], [ 24.8581203, 37.9079541 ] ] ], [ [ [ 25.0222976, 37.677686 ], [ 25.0155753, 37.6727658 ], [ 25.011856, 37.6764209 ], [ 25.00461, 37.6765001 ], [ 24.9970643, 37.6662589 ], [ 24.9940177, 37.6676597 ], [ 24.9936299, 37.6744207 ], [ 24.9842613, 37.6711764 ], [ 24.9837618, 37.6767416 ], [ 24.9803078, 37.677504 ], [ 24.9740551, 37.6712733 ], [ 24.9719782, 37.6731681 ], [ 24.9670877, 37.6719676 ], [ 24.9693641, 37.6692045 ], [ 24.9738749, 37.6683572 ], [ 24.9735921, 37.6588894 ], [ 24.9816684, 37.6562654 ], [ 24.9962863, 37.6390742 ], [ 25.0023101, 37.63798 ], [ 25.0042827, 37.634807 ], [ 25.0123636, 37.6313837 ], [ 25.015668, 37.6259387 ], [ 25.0288245, 37.621336299999989 ], [ 25.0301518, 37.6157072 ], [ 25.0423281, 37.614478 ], [ 25.0519392, 37.6046487 ], [ 25.0620333, 37.5937542 ], [ 25.0676022, 37.5949101 ], [ 25.0747144, 37.5872763 ], [ 25.0840532, 37.586738 ], [ 25.085344, 37.5811102 ], [ 25.0881234, 37.5812306 ], [ 25.0949476, 37.5815263 ], [ 25.1018733, 37.5783832 ], [ 25.1038584, 37.57211 ], [ 25.1114017, 37.5697015 ], [ 25.1074497, 37.5561045 ], [ 25.1153111, 37.5497578 ], [ 25.1247411, 37.5479539 ], [ 25.1317015, 37.5529174 ], [ 25.1419408, 37.5508073 ], [ 25.1474622, 37.5474904 ], [ 25.1492763, 37.5414745 ], [ 25.1617697, 37.5369244 ], [ 25.1636472, 37.5302093 ], [ 25.1734613, 37.5320385 ], [ 25.1878796, 37.5250749 ], [ 25.2005625, 37.5293371 ], [ 25.2086162, 37.5290986 ], [ 25.2144067, 37.5324673 ], [ 25.221096, 37.5310221 ], [ 25.221096, 37.5350254 ], [ 25.228, 37.534686 ], [ 25.232403, 37.537891 ], [ 25.2282694, 37.5466547 ], [ 25.230683, 37.5559549 ], [ 25.2527291, 37.5835454 ], [ 25.2541268, 37.6005941 ], [ 25.2514641, 37.6101976 ], [ 25.2437055, 37.6132697 ], [ 25.2381797, 37.6110619 ], [ 25.2365315, 37.6207001 ], [ 25.2305525, 37.6178629 ], [ 25.2245247, 37.6217926 ], [ 25.221096, 37.6208998 ], [ 25.2168677, 37.6264305 ], [ 25.205167, 37.6335454 ], [ 25.1884462, 37.6359167 ], [ 25.186671, 37.6398601 ], [ 25.1791672, 37.6401548 ], [ 25.1700413, 37.6358293 ], [ 25.1499468, 37.6417796 ], [ 25.1504304, 37.6340292 ], [ 25.1420912, 37.6312658 ], [ 25.1409334, 37.6373603 ], [ 25.1367951, 37.641458 ], [ 25.1299217, 37.6425117 ], [ 25.117312, 37.6530312 ], [ 25.1122362, 37.6531095 ], [ 25.1071442, 37.6498881 ], [ 25.1011493, 37.6510961 ], [ 25.0969377, 37.648515 ], [ 25.0922038, 37.648974 ], [ 25.0904719, 37.645005 ], [ 25.0881234, 37.6457455 ], [ 25.0850505, 37.6467143 ], [ 25.0805546, 37.6426211 ], [ 25.0748279, 37.6487307 ], [ 25.0598703, 37.6482082 ], [ 25.0568921, 37.6519586 ], [ 25.0519392, 37.6524756 ], [ 25.0505034, 37.6538223 ], [ 25.061807, 37.6612915 ], [ 25.0537497, 37.6662228 ], [ 25.0552378, 37.6721146 ], [ 25.0519392, 37.6758824 ], [ 25.0424834, 37.6769066 ], [ 25.0337973, 37.67144 ], [ 25.0272064, 37.6778892 ], [ 25.0222976, 37.677686 ] ] ], [ [ [ 25.2197176, 37.1495959 ], [ 25.2227164, 37.1463302 ], [ 25.2211061, 37.1446985 ], [ 25.2073676, 37.142783699999988 ], [ 25.1985953, 37.1357216 ], [ 25.1660191, 37.1262154 ], [ 25.1590944, 37.1218616 ], [ 25.1311369, 37.0949603 ], [ 25.1332923, 37.0912431 ], [ 25.1402932, 37.0966542 ], [ 25.147336, 37.0934081 ], [ 25.1535317, 37.0942604 ], [ 25.1550559, 37.0888666 ], [ 25.1424935, 37.0800037 ], [ 25.1298088, 37.076465399999989 ], [ 25.1251867, 37.0708889 ], [ 25.1222048, 37.0700474 ], [ 25.1120003, 37.0668471 ], [ 25.1080804, 37.0623479 ], [ 25.1070757, 37.0429343 ], [ 25.0983564, 37.0323071 ], [ 25.0999293, 37.0163221 ], [ 25.1178848, 36.9943813 ], [ 25.1322791, 36.996837 ], [ 25.1428864, 36.9860029 ], [ 25.1549672, 36.9847516 ], [ 25.1625999, 36.9791583 ], [ 25.1797653, 36.9754214 ], [ 25.2089706, 36.9920926 ], [ 25.2189141, 36.9940843 ], [ 25.2327044, 37.0073175 ], [ 25.2443264, 37.0100502 ], [ 25.248252, 37.013337 ], [ 25.2553133, 37.0323272 ], [ 25.2634895, 37.0417341 ], [ 25.2745488, 37.0493742 ], [ 25.2673224, 37.0523668 ], [ 25.2654506, 37.0558502 ], [ 25.2740952, 37.0595532 ], [ 25.2756728, 37.0631457 ], [ 25.27084, 37.0677406 ], [ 25.2630752, 37.0700474 ], [ 25.2563906, 37.080437 ], [ 25.2671988, 37.0909011 ], [ 25.2658562, 37.1029545 ], [ 25.2722002, 37.1135442 ], [ 25.2819982, 37.1227614 ], [ 25.2787393, 37.1324446 ], [ 25.2849916, 37.1373031 ], [ 25.2913224, 37.138051 ], [ 25.2931653, 37.1420748 ], [ 25.2813781, 37.1508295 ], [ 25.2721205, 37.1491975 ], [ 25.2675076, 37.1457669 ], [ 25.2634986, 37.1508852 ], [ 25.2598242, 37.1487498 ], [ 25.2581592, 37.1414402 ], [ 25.2695052, 37.1379981 ], [ 25.2687673, 37.1315015 ], [ 25.2650528, 37.1329515 ], [ 25.2622166, 37.1312403 ], [ 25.2660062, 37.1273293 ], [ 25.264998, 37.1253714 ], [ 25.2603585, 37.1246221 ], [ 25.2567074, 37.1274333 ], [ 25.2415244, 37.1270881 ], [ 25.2254632, 37.1200735 ], [ 25.2211061, 37.1205194 ], [ 25.2155603, 37.123097 ], [ 25.2120984, 37.1270795 ], [ 25.213399, 37.1287666 ], [ 25.218457, 37.129422 ], [ 25.2211061, 37.1312203 ], [ 25.2254751, 37.145118 ], [ 25.2290831, 37.1462288 ], [ 25.2342478, 37.1421239 ], [ 25.2363811, 37.1445022 ], [ 25.2256915, 37.1544646 ], [ 25.2197176, 37.1495959 ] ] ], [ [ [ 24.4265288, 36.759662 ], [ 24.4294777, 36.7672541 ], [ 24.4266803, 36.772394 ], [ 24.4127092, 36.76771 ], [ 24.4101733, 36.763528 ], [ 24.4127196, 36.7547964 ], [ 24.4064477, 36.7535869 ], [ 24.4061978, 36.750769 ], [ 24.4123333, 36.74699 ], [ 24.4164585, 36.7382062 ], [ 24.4294281, 36.7240649 ], [ 24.4360643, 36.7207511 ], [ 24.4418711, 36.724489 ], [ 24.4518628, 36.7257078 ], [ 24.4589128, 36.7210675 ], [ 24.4693911, 36.7065388 ], [ 24.4649767, 36.6988307 ], [ 24.4479777, 36.6899983 ], [ 24.4407417, 36.69222 ], [ 24.4337359, 36.690787 ], [ 24.4292216, 36.6925161 ], [ 24.4203516, 36.7024911 ], [ 24.4076961, 36.7011817 ], [ 24.3977386, 36.7044195 ], [ 24.3913287, 36.7127172 ], [ 24.3918025, 36.7185061 ], [ 24.3971516, 36.7252065 ], [ 24.3941948, 36.7303926 ], [ 24.3958828, 36.7349544 ], [ 24.3824456, 36.732431 ], [ 24.3735929, 36.7324826 ], [ 24.3683405, 36.733731399999989 ], [ 24.3525367, 36.7489194 ], [ 24.3413978, 36.7425598 ], [ 24.3414371, 36.7360636 ], [ 24.3368279, 36.7304468 ], [ 24.3389282, 36.7230718 ], [ 24.3284569, 36.7156906 ], [ 24.3359294, 36.7057559 ], [ 24.3343223, 36.7003798 ], [ 24.3268671, 36.6944299 ], [ 24.3312202, 36.6798769 ], [ 24.3207005, 36.6685639 ], [ 24.3183481, 36.6612593 ], [ 24.3254545, 36.6459892 ], [ 24.3395503, 36.6527439 ], [ 24.3735929, 36.6547348 ], [ 24.3824456, 36.6538238 ], [ 24.3955942, 36.6583913 ], [ 24.4131872, 36.6571798 ], [ 24.4277859, 36.6624999 ], [ 24.4343988, 36.6595348 ], [ 24.4374599, 36.6665457 ], [ 24.4443075, 36.6697503 ], [ 24.4507178, 36.6670806 ], [ 24.4621285, 36.6676762 ], [ 24.47294, 36.659253 ], [ 24.4813492, 36.6662048 ], [ 24.4932274, 36.664222 ], [ 24.498323, 36.6703561 ], [ 24.5088879, 36.6700427 ], [ 24.5142576, 36.6742567 ], [ 24.5254742, 36.6736001 ], [ 24.5340717, 36.6777009 ], [ 24.5451196, 36.6934764 ], [ 24.547182, 36.7028588 ], [ 24.5371819, 36.7282184 ], [ 24.5383069, 36.7362293 ], [ 24.5315867, 36.7414174 ], [ 24.5342265, 36.748567 ], [ 24.5427027, 36.7547964 ], [ 24.5284993, 36.7628039 ], [ 24.5245206, 36.7683778 ], [ 24.5196365, 36.7650581 ], [ 24.5098203, 36.7672207 ], [ 24.5071346, 36.758024 ], [ 24.5023416, 36.7547964 ], [ 24.4984767, 36.7547964 ], [ 24.4826392, 36.7491433 ], [ 24.4771133, 36.743472 ], [ 24.4687299, 36.7424022 ], [ 24.4562488, 36.7451929 ], [ 24.4512109, 36.7515126 ], [ 24.442849, 36.7499527 ], [ 24.4405152, 36.7547964 ], [ 24.4265288, 36.759662 ] ] ], [ [ [ 24.3264266, 37.6777239 ], [ 24.3196285, 37.6708574 ], [ 24.3256931, 37.6658192 ], [ 24.3176137, 37.6601769 ], [ 24.3086899, 37.6614642 ], [ 24.2950064, 37.6576317 ], [ 24.2878712, 37.6389093 ], [ 24.2825143, 37.6336294 ], [ 24.282818, 37.6294843 ], [ 24.2791335, 37.627293 ], [ 24.274321, 37.6173956 ], [ 24.2724129, 37.6169871 ], [ 24.2689804, 37.6108573 ], [ 24.269918, 37.6036003 ], [ 24.274321, 37.6007584 ], [ 24.274321, 37.5987303 ], [ 24.2697315, 37.5964858 ], [ 24.2705011, 37.5927688 ], [ 24.2650733, 37.583848 ], [ 24.2721868, 37.5797613 ], [ 24.274321, 37.5799462 ], [ 24.2783503, 37.5802954 ], [ 24.2803481, 37.5775432 ], [ 24.2788509, 37.5638099 ], [ 24.274321, 37.5514046 ], [ 24.2722406, 37.5457067 ], [ 24.2721474, 37.529989 ], [ 24.274321, 37.5289669 ], [ 24.277882, 37.5233711 ], [ 24.2949984, 37.5257466 ], [ 24.3179919, 37.5433327 ], [ 24.3278564, 37.5574383 ], [ 24.3371972, 37.5607342 ], [ 24.3555193, 37.5736379 ], [ 24.3735929, 37.5930107 ], [ 24.386699, 37.6070556 ], [ 24.4018014, 37.6361629 ], [ 24.4015769, 37.6441345 ], [ 24.4082293, 37.6459072 ], [ 24.4086433, 37.6540969 ], [ 24.4005228, 37.660642 ], [ 24.3996165, 37.6653567 ], [ 24.387308, 37.6742309 ], [ 24.3735929, 37.679076 ], [ 24.3617952, 37.6832435 ], [ 24.3500243, 37.6769289 ], [ 24.3472138, 37.6856243 ], [ 24.3264266, 37.6777239 ] ] ], [ [ [ 26.0073979, 36.9374943 ], [ 26.0008493, 36.9361867 ], [ 26.0003343, 36.9296658 ], [ 25.982629, 36.9299338 ], [ 25.9724631, 36.9274421 ], [ 25.9598825, 36.9178258 ], [ 25.9565675, 36.9115282 ], [ 25.9606962, 36.9085444 ], [ 25.9748969, 36.9066933 ], [ 25.9766008, 36.90316 ], [ 25.9728113, 36.899295 ], [ 25.9105386, 36.8678848 ], [ 25.8859159, 36.8645053 ], [ 25.8562989, 36.8524051 ], [ 25.8460021, 36.8506941 ], [ 25.8408357, 36.8369863 ], [ 25.8548752, 36.8347286 ], [ 25.8624987, 36.830296499999989 ], [ 25.8621415, 36.8290078 ], [ 25.8489834, 36.8269648 ], [ 25.8517664, 36.8177563 ], [ 25.8474173, 36.8137928 ], [ 25.8400271, 36.8146532 ], [ 25.8290186, 36.8089999 ], [ 25.8103255, 36.813178 ], [ 25.8042721, 36.8099481 ], [ 25.7960089, 36.8123903 ], [ 25.7877389, 36.8103993 ], [ 25.7851036, 36.8139809 ], [ 25.7802788, 36.8085479 ], [ 25.7720707, 36.8074833 ], [ 25.7656874, 36.797381 ], [ 25.7590641, 36.7927111 ], [ 25.7423847, 36.7949389 ], [ 25.7421298, 36.7905554 ], [ 25.7488793, 36.7815692 ], [ 25.7582423, 36.7749981 ], [ 25.7763747, 36.7690046 ], [ 25.7990492, 36.7681684 ], [ 25.8044487, 36.7690917 ], [ 25.8266619, 36.7853574 ], [ 25.838107, 36.7844226 ], [ 25.8637019, 36.7878456 ], [ 25.8714474, 36.7913332 ], [ 25.8921202, 36.8099389 ], [ 25.9032533, 36.8162044 ], [ 25.9093605, 36.8298488 ], [ 25.9263102, 36.8407712 ], [ 25.9353906, 36.8529909 ], [ 25.9520135, 36.8589513 ], [ 25.9743466, 36.8788565 ], [ 25.9836713, 36.8830388 ], [ 25.9915273, 36.8835538 ], [ 26.0093067, 36.8930179 ], [ 26.0518502, 36.899636699999988 ], [ 26.0640233, 36.8924805 ], [ 26.0826074, 36.8933268 ], [ 26.0878165, 36.8962928 ], [ 26.0640233, 36.9087246 ], [ 26.0518502, 36.9122198 ], [ 26.0286987, 36.9233005 ], [ 26.0171469, 36.9340823 ], [ 26.0073979, 36.9374943 ] ] ], [ [ [ 25.3677772, 36.7362187 ], [ 25.3616837, 36.744544 ], [ 25.3530848, 36.7456812 ], [ 25.3449344, 36.7509474 ], [ 25.3305846, 36.7548496 ], [ 25.3303207, 36.7705431 ], [ 25.3069804, 36.7907682 ], [ 25.2740393, 36.7858626 ], [ 25.261393, 36.7698528 ], [ 25.2623776, 36.7461641 ], [ 25.2561727, 36.7302762 ], [ 25.2591788, 36.7199665 ], [ 25.2705568, 36.7254218 ], [ 25.2722794, 36.7222163 ], [ 25.2694054, 36.7135538 ], [ 25.29301, 36.7126244 ], [ 25.2931463, 36.7047467 ], [ 25.3004202, 36.6954646 ], [ 25.3352736, 36.668841 ], [ 25.3407955, 36.6578885 ], [ 25.3530848, 36.6471402 ], [ 25.3559467, 36.6468988 ], [ 25.3685058, 36.6566911 ], [ 25.3820398, 36.654447 ], [ 25.385602, 36.6560103 ], [ 25.386209, 36.6690734 ], [ 25.3912549, 36.672385 ], [ 25.3842094, 36.6824679 ], [ 25.3859643, 36.6890512 ], [ 25.3828296, 36.6955674 ], [ 25.3934585, 36.7092567 ], [ 25.40128, 36.7137788 ], [ 25.395781, 36.7223519 ], [ 25.3873944, 36.7284328 ], [ 25.3677772, 36.7362187 ] ] ], [ [ [ 24.4818939, 37.4084623 ], [ 24.4686901, 37.4253356 ], [ 24.4432178, 37.429581 ], [ 24.4414277, 37.4389682 ], [ 24.4280467, 37.4435933 ], [ 24.4298155, 37.4580386 ], [ 24.4356004, 37.4635318 ], [ 24.4363521, 37.4815417 ], [ 24.4246442, 37.4786173 ], [ 24.400572, 37.4622336 ], [ 24.3812154, 37.4435933 ], [ 24.3660594, 37.420977 ], [ 24.3707303, 37.4174683 ], [ 24.3928283, 37.4125204 ], [ 24.3915311, 37.4077952 ], [ 24.3961673, 37.401358 ], [ 24.392983, 37.3979858 ], [ 24.3953677, 37.3918451 ], [ 24.3909887, 37.3887825 ], [ 24.3902047, 37.3808726 ], [ 24.3941182, 37.3733358 ], [ 24.3975544, 37.3667175 ], [ 24.385304, 37.3573322 ], [ 24.3839951, 37.3522223 ], [ 24.3794709, 37.3486158 ], [ 24.3775755, 37.3397657 ], [ 24.3767004, 37.3356796 ], [ 24.3697969, 37.3309137 ], [ 24.3683362, 37.322571 ], [ 24.3720486, 37.3120825 ], [ 24.3634461, 37.3086387 ], [ 24.3654598, 37.3025187 ], [ 24.3716751, 37.3004435 ], [ 24.3957017, 37.3083447 ], [ 24.4191224, 37.3317835 ], [ 24.4284367, 37.3349335 ], [ 24.4306392, 37.3397657 ], [ 24.4329436, 37.3448213 ], [ 24.4419095, 37.3481375 ], [ 24.4437546, 37.3562462 ], [ 24.454633, 37.3733358 ], [ 24.4566748, 37.3765429 ], [ 24.45509, 37.3852308 ], [ 24.4574908, 37.394077 ], [ 24.4630251, 37.3939868 ], [ 24.4687042, 37.3978838 ], [ 24.4744905, 37.3914267 ], [ 24.4839601, 37.4008723 ], [ 24.4818939, 37.4084623 ] ] ], [ [ [ 25.3556402, 37.4967439 ], [ 25.3406062, 37.4983535 ], [ 25.3139831, 37.4903605 ], [ 25.3099758, 37.4827295 ], [ 25.3121332, 37.4734987 ], [ 25.3267884, 37.4632545 ], [ 25.3286726, 37.448849 ], [ 25.3227435, 37.4308927 ], [ 25.3083661, 37.4375952 ], [ 25.3044912, 37.436292 ], [ 25.3021172, 37.4312491 ], [ 25.3110992, 37.4187917 ], [ 25.310895, 37.4068511 ], [ 25.3163861, 37.4081956 ], [ 25.3234895, 37.4198907 ], [ 25.3333662, 37.4119182 ], [ 25.3407154, 37.4134948 ], [ 25.3492489, 37.4082337 ], [ 25.3610196, 37.4074294 ], [ 25.3665726, 37.4084837 ], [ 25.3843406, 37.4198761 ], [ 25.391915, 37.4195214 ], [ 25.3938668, 37.41943 ], [ 25.4001798, 37.4156177 ], [ 25.405474, 37.4310504 ], [ 25.4092532, 37.4325853 ], [ 25.4146282, 37.4316898 ], [ 25.4188571, 37.4309853 ], [ 25.424434, 37.4415289 ], [ 25.4569843, 37.4453315 ], [ 25.4614958, 37.4605367 ], [ 25.4595111, 37.473423 ], [ 25.4318711, 37.4717617 ], [ 25.4287287, 37.4811182 ], [ 25.4146282, 37.4818274 ], [ 25.4105048, 37.4820347 ], [ 25.4069073, 37.4846657 ], [ 25.4042399, 37.4938517 ], [ 25.3938668, 37.4953692 ], [ 25.391915, 37.4950515 ], [ 25.386335, 37.4941433 ], [ 25.3817263, 37.4908393 ], [ 25.3831544, 37.4717347 ], [ 25.3768419, 37.4637661 ], [ 25.3629443, 37.4753216 ], [ 25.3556402, 37.4967439 ] ] ], [ [ [ 24.9446897, 37.4435933 ], [ 24.9485395, 37.4499228 ], [ 24.9494008, 37.4679389 ], [ 24.9441285, 37.4867425 ], [ 24.9284933, 37.500960299999988 ], [ 24.8950883, 37.5081315 ], [ 24.8836473, 37.5133814 ], [ 24.8802682, 37.5098524 ], [ 24.8845321, 37.5011281 ], [ 24.8931947, 37.4974712 ], [ 24.8994575, 37.4897952 ], [ 24.8958728, 37.4800715 ], [ 24.8983601, 37.4734259 ], [ 24.8940595, 37.4699319 ], [ 24.8919873, 37.4621876 ], [ 24.8979425, 37.4560061 ], [ 24.8985276, 37.4477167 ], [ 24.8892235, 37.4435933 ], [ 24.8851357, 37.4346579 ], [ 24.8669036, 37.4291291 ], [ 24.8753842, 37.4223578 ], [ 24.8589706, 37.4121934 ], [ 24.8585489, 37.409537199999988 ], [ 24.8565, 37.396629 ], [ 24.8585489, 37.3963484 ], [ 24.8703779, 37.3947284 ], [ 24.8797895, 37.3966396 ], [ 24.8832481, 37.3941306 ], [ 24.8834042, 37.3894788 ], [ 24.878967, 37.3871476 ], [ 24.882008, 37.3781957 ], [ 24.8810085, 37.3733358 ], [ 24.8794365, 37.3656916 ], [ 24.902725, 37.3733358 ], [ 24.9045559, 37.3739367 ], [ 24.9186105, 37.3818969 ], [ 24.9388159, 37.3860993 ], [ 24.9435614, 37.3897155 ], [ 24.9444923, 37.384351 ], [ 24.9475152, 37.3840894 ], [ 24.9606598, 37.3973439 ], [ 24.9716686, 37.401426 ], [ 24.9651598, 37.4101073 ], [ 24.9655871, 37.4156586 ], [ 24.9606598, 37.4191059 ], [ 24.9540246, 37.4240126 ], [ 24.9513366, 37.4304512 ], [ 24.9405882, 37.4299828 ], [ 24.9369931, 37.4328891 ], [ 24.9446897, 37.4435933 ] ] ], [ [ [ 24.6551953, 37.0380432 ], [ 24.6443422, 37.0409736 ], [ 24.6379381, 37.0396924 ], [ 24.6391325, 37.0358326 ], [ 24.6475437, 37.0352464 ], [ 24.6451626, 37.0294608 ], [ 24.6392341, 37.0289538 ], [ 24.6386033, 37.0261107 ], [ 24.6543624, 37.023368 ], [ 24.652646, 37.0124486 ], [ 24.6551953, 37.0106907 ], [ 24.6611022, 37.0066177 ], [ 24.656295, 36.9984572 ], [ 24.6683039, 36.997124 ], [ 24.6779283, 36.9926819 ], [ 24.6761216, 36.9894597 ], [ 24.6644915, 36.9887722 ], [ 24.6567734, 36.9806261 ], [ 24.6687604, 36.9720959 ], [ 24.6661609, 36.9637004 ], [ 24.6741933, 36.9638613 ], [ 24.6745885, 36.9596857 ], [ 24.6787789, 36.9567393 ], [ 24.6766562, 36.9507838 ], [ 24.6801428, 36.9459575 ], [ 24.6784127, 36.9405355 ], [ 24.6802492, 36.934439 ], [ 24.6808554, 36.9324266 ], [ 24.6843614, 36.9304053 ], [ 24.689059, 36.9324835 ], [ 24.6921588, 36.9297595 ], [ 24.6847737, 36.9250342 ], [ 24.6945016, 36.9105317 ], [ 24.699936, 36.9024287 ], [ 24.7162393, 36.9059777 ], [ 24.7183627, 36.908009299999989 ], [ 24.7162393, 36.9124406 ], [ 24.7281921, 36.9197016 ], [ 24.7270332, 36.9292604 ], [ 24.7323517, 36.9310268 ], [ 24.739227, 36.9269746 ], [ 24.7496152, 36.9428045 ], [ 24.7548742, 36.9396457 ], [ 24.7647688, 36.9495735 ], [ 24.7626913, 36.9569818 ], [ 24.7523186, 36.9643196 ], [ 24.7480167, 36.9749228 ], [ 24.7407738, 36.979456 ], [ 24.7371413, 36.9893274 ], [ 24.7216479, 36.9986786 ], [ 24.7162393, 37.0066972 ], [ 24.7139672, 37.013385 ], [ 24.7106844, 37.0140311 ], [ 24.7079664, 37.0194519 ], [ 24.702619, 37.0197509 ], [ 24.6981044, 37.0257694 ], [ 24.6945016, 37.0257016 ], [ 24.6802492, 37.0254331 ], [ 24.6758596, 37.0253505 ], [ 24.6593334, 37.0369259 ], [ 24.6551953, 37.0380432 ] ] ], [ [ [ 25.4215666, 36.4730593 ], [ 25.4146282, 36.4747444 ], [ 25.3938668, 36.4797863 ], [ 25.391915, 36.4795969 ], [ 25.3790883, 36.4783521 ], [ 25.3711929, 36.4725955 ], [ 25.3687726, 36.4663833 ], [ 25.3731914, 36.4587973 ], [ 25.391915, 36.4582037 ], [ 25.3938668, 36.4581419 ], [ 25.3990306, 36.4572534 ], [ 25.411502, 36.4595651 ], [ 25.4146282, 36.4570131 ], [ 25.4182741, 36.4540366 ], [ 25.4230024, 36.4445789 ], [ 25.4146282, 36.4310434 ], [ 25.4146282, 36.430453 ], [ 25.4249714, 36.4235933 ], [ 25.4283446, 36.4119354 ], [ 25.4269533, 36.403581 ], [ 25.4332343, 36.3932697 ], [ 25.4146282, 36.3628712 ], [ 25.4042054, 36.3606739 ], [ 25.3938668, 36.3633538 ], [ 25.391915, 36.363896 ], [ 25.3825461, 36.3664985 ], [ 25.3660208, 36.3649317 ], [ 25.3568736, 36.3577674 ], [ 25.36276, 36.3536326 ], [ 25.3753037, 36.3538788 ], [ 25.3841778, 36.3479474 ], [ 25.391915, 36.348518 ], [ 25.3938668, 36.3486619 ], [ 25.4146282, 36.3466681 ], [ 25.4205149, 36.3461027 ], [ 25.4406635, 36.3325652 ], [ 25.4455697, 36.3338134 ], [ 25.4635043, 36.3447828 ], [ 25.4755646, 36.3560179 ], [ 25.4858063, 36.3607674 ], [ 25.4814975, 36.3695273 ], [ 25.4864282, 36.3795612 ], [ 25.4861702, 36.3963359 ], [ 25.4869351, 36.4048997 ], [ 25.4830559, 36.411816 ], [ 25.4601166, 36.4279935 ], [ 25.4511243, 36.4419526 ], [ 25.4287874, 36.4606795 ], [ 25.4215666, 36.4730593 ] ] ], [ [ [ 24.4930285, 37.2101185 ], [ 24.4905499, 37.2095044 ], [ 24.4923134, 37.2046321 ], [ 24.4883988, 37.2023023 ], [ 24.4851284, 37.206584 ], [ 24.4771527, 37.2075869 ], [ 24.472221, 37.2054366 ], [ 24.4728121, 37.203423699999988 ], [ 24.476294, 37.2038051 ], [ 24.4768364, 37.2015093 ], [ 24.4729246, 37.2004344 ], [ 24.4757305, 37.198269 ], [ 24.4734733, 37.1957904 ], [ 24.4671323, 37.1967762 ], [ 24.4651983, 37.199492899999989 ], [ 24.4588828, 37.201029 ], [ 24.4594877, 37.1960847 ], [ 24.4574985, 37.195619 ], [ 24.4590467, 37.1902814 ], [ 24.4561073, 37.1897512 ], [ 24.4547076, 37.1923058 ], [ 24.4518543, 37.1933569 ], [ 24.4483845, 37.1914673 ], [ 24.4454127, 37.1921879 ], [ 24.4453382, 37.1887942 ], [ 24.4482266, 37.1854126 ], [ 24.4452163, 37.1837505 ], [ 24.441112, 37.1866549 ], [ 24.4388773, 37.182908499999989 ], [ 24.4418706, 37.1775284 ], [ 24.4368514, 37.1746075 ], [ 24.4313479, 37.1751797 ], [ 24.4275165, 37.1705093 ], [ 24.4322649, 37.1684084 ], [ 24.4365615, 37.1640698 ], [ 24.4339595, 37.1608441 ], [ 24.4264776, 37.1631243 ], [ 24.4218396, 37.161835 ], [ 24.4197158, 37.1564825 ], [ 24.4221804, 37.1548774 ], [ 24.4209741, 37.1535316 ], [ 24.4231604, 37.150127 ], [ 24.4270757, 37.149212 ], [ 24.4254231, 37.1473095 ], [ 24.428437, 37.1468747 ], [ 24.4247465, 37.1425971 ], [ 24.4263936, 37.1402679 ], [ 24.4292313, 37.1403447 ], [ 24.4270952, 37.1372136 ], [ 24.4242908, 37.1367258 ], [ 24.4190636, 37.1379876 ], [ 24.4137775, 37.1312778 ], [ 24.4112229, 37.1253945 ], [ 24.4136231, 37.121826 ], [ 24.4206877, 37.122776 ], [ 24.420257, 37.1256884 ], [ 24.4235427, 37.1283987 ], [ 24.4263286, 37.1256919 ], [ 24.4350099, 37.1275069 ], [ 24.4361874, 37.1308702 ], [ 24.438409, 37.1301604 ], [ 24.4386589, 37.1347014 ], [ 24.4401476, 37.135418 ], [ 24.44396, 37.1314912 ], [ 24.4469378, 37.1265804 ], [ 24.448522, 37.129024 ], [ 24.4477439, 37.1314337 ], [ 24.4526967, 37.1327295 ], [ 24.4511125, 37.136375 ], [ 24.4535162, 37.1378157 ], [ 24.4575615, 37.137313 ], [ 24.4603255, 37.1383654 ], [ 24.4632519, 37.1345985 ], [ 24.4599252, 37.1322493 ], [ 24.4605314, 37.1275983 ], [ 24.4557295, 37.1273924 ], [ 24.4593175, 37.1219559 ], [ 24.4656671, 37.1221463 ], [ 24.4708637, 37.1254785 ], [ 24.4773736, 37.1241172 ], [ 24.4791696, 37.1259592 ], [ 24.4925348, 37.1244606 ], [ 24.4943528, 37.1222912 ], [ 24.4942619, 37.1186997 ], [ 24.4868289, 37.1153521 ], [ 24.4833443, 37.112634 ], [ 24.4859864, 37.1099115 ], [ 24.490417, 37.1131493 ], [ 24.4913869, 37.1088176 ], [ 24.4930835, 37.108154 ], [ 24.5010536, 37.1137319 ], [ 24.5025748, 37.1099805 ], [ 24.5053223, 37.1106172 ], [ 24.5078424, 37.1172625 ], [ 24.5107188, 37.1152686 ], [ 24.5116278, 37.117228 ], [ 24.5154447, 37.1192374 ], [ 24.5143788, 37.1210444 ], [ 24.5174991, 37.1221118 ], [ 24.5179778, 37.1262106 ], [ 24.5156806, 37.129371399999989 ], [ 24.5157741, 37.1330313 ], [ 24.517612, 37.134507 ], [ 24.5141215, 37.1365314 ], [ 24.516071, 37.1405497 ], [ 24.5139925, 37.1441108 ], [ 24.5166321, 37.1460247 ], [ 24.5218497, 37.1460017 ], [ 24.5235768, 37.1408246 ], [ 24.5257026, 37.139997 ], [ 24.524978, 37.1333212 ], [ 24.5286055, 37.1329094 ], [ 24.5306246, 37.135663 ], [ 24.5362843, 37.1386962 ], [ 24.5348736, 37.1417925 ], [ 24.5391112, 37.1432607 ], [ 24.5352424, 37.1450369 ], [ 24.5318882, 37.1487364 ], [ 24.5316688, 37.1511144 ], [ 24.5345742, 37.1542332 ], [ 24.5341581, 37.1573561 ], [ 24.5269854, 37.1596737 ], [ 24.5229991, 37.160017 ], [ 24.524915, 37.1624112 ], [ 24.5229381, 37.1642797 ], [ 24.5236532, 37.1668608 ], [ 24.527686, 37.1672036 ], [ 24.525908, 37.1689766 ], [ 24.5297534, 37.1733267 ], [ 24.5288174, 37.17465 ], [ 24.5321001, 37.1763995 ], [ 24.5338231, 37.1802199 ], [ 24.5282052, 37.1827136 ], [ 24.5287994, 37.1843947 ], [ 24.5346412, 37.1854051 ], [ 24.5309022, 37.189214 ], [ 24.5328397, 37.1930799 ], [ 24.5271473, 37.1976014 ], [ 24.5226883, 37.1964311 ], [ 24.524036, 37.1994889 ], [ 24.5221301, 37.2012539 ], [ 24.5141155, 37.2002245 ], [ 24.513079, 37.2017346 ], [ 24.5162243, 37.2046056 ], [ 24.5108163, 37.2063556 ], [ 24.5076135, 37.2039304 ], [ 24.5062638, 37.2053946 ], [ 24.5028267, 37.2049479 ], [ 24.4980106, 37.2018278 ], [ 24.4972357, 37.2077129 ], [ 24.4930285, 37.2101185 ] ] ], [ [ [ 25.1615017, 36.7158953 ], [ 25.1580473, 36.7167423 ], [ 25.151618, 36.7144339 ], [ 25.1491691, 36.7159908 ], [ 25.1439583, 36.7153348 ], [ 25.1419708, 36.7136869 ], [ 25.1391824, 36.7153808 ], [ 25.1350666, 36.7127979 ], [ 25.1260449, 36.7043182 ], [ 25.123001, 36.7040132 ], [ 25.1135563, 36.7005418 ], [ 25.1096899, 36.6975739 ], [ 25.1057535, 36.6963764 ], [ 25.1035221, 36.6974054 ], [ 25.0991847, 36.6961204 ], [ 25.0935009, 36.6920656 ], [ 25.0881239, 36.6819839 ], [ 25.0889009, 36.675621 ], [ 25.0832797, 36.6657888 ], [ 25.077755, 36.6633991 ], [ 25.0691128, 36.6539757 ], [ 25.0601348, 36.6374413 ], [ 25.0724554, 36.634215 ], [ 25.0881239, 36.6416307 ], [ 25.0950004, 36.6437161 ], [ 25.0954808, 36.646627 ], [ 25.1005467, 36.6472905 ], [ 25.1041856, 36.6505284 ], [ 25.1112368, 36.6520129 ], [ 25.1164057, 36.6521274 ], [ 25.120825, 36.6580702 ], [ 25.1242389, 36.6594361 ], [ 25.1262429, 36.6586616 ], [ 25.1307447, 36.6597906 ], [ 25.1327606, 36.6625295 ], [ 25.1308552, 36.6652489 ], [ 25.13746, 36.667125899999988 ], [ 25.1392969, 36.6713787 ], [ 25.1453222, 36.6763156 ], [ 25.1470327, 36.6738662 ], [ 25.1542825, 36.6762201 ], [ 25.154027, 36.6809274 ], [ 25.1565959, 36.6836163 ], [ 25.1561839, 36.6864622 ], [ 25.1594913, 36.6862373 ], [ 25.1597448, 36.6880642 ], [ 25.1661191, 36.6914211 ], [ 25.1668455, 36.6935495 ], [ 25.1727299, 36.6945455 ], [ 25.1738568, 36.6985849 ], [ 25.1770497, 36.6982834 ], [ 25.1794681, 36.7012628 ], [ 25.1788997, 36.7059471 ], [ 25.1758023, 36.7087085 ], [ 25.1821386, 36.711341 ], [ 25.183626, 36.7138394 ], [ 25.1780512, 36.7163038 ], [ 25.1712724, 36.7154493 ], [ 25.1653716, 36.7179932 ], [ 25.1615017, 36.7158953 ] ] ], [ [ [ 25.8244434, 36.3713314 ], [ 25.8026976, 36.3808744 ], [ 25.7987902, 36.3845929 ], [ 25.7947678, 36.3884207 ], [ 25.7817603, 36.3907873 ], [ 25.7781289, 36.396337 ], [ 25.7661434, 36.4037228 ], [ 25.7593666, 36.396337 ], [ 25.7505492, 36.3896927 ], [ 25.7466904, 36.3819679 ], [ 25.7338744, 36.3759121 ], [ 25.7349369, 36.3724975 ], [ 25.7338744, 36.3704152 ], [ 25.7278296, 36.3659926 ], [ 25.7288606, 36.3598212 ], [ 25.7338744, 36.3558711 ], [ 25.7546869, 36.34781 ], [ 25.7797803, 36.3433234 ], [ 25.7987902, 36.3482248 ], [ 25.8200145, 36.3536969 ], [ 25.8419958, 36.345139 ], [ 25.8519655, 36.3478029 ], [ 25.8564751, 36.3514565 ], [ 25.8552568, 36.3562495 ], [ 25.8476371, 36.3555542 ], [ 25.8325141, 36.3589008 ], [ 25.8244434, 36.3713314 ] ] ], [ [ [ 24.5686296, 36.8402955 ], [ 24.5595583, 36.8441856 ], [ 24.5506647, 36.8408946 ], [ 24.5459695, 36.8344902 ], [ 24.5310506, 36.823976 ], [ 24.5223421, 36.8213578 ], [ 24.5210438, 36.7994413 ], [ 24.5314222, 36.7926813 ], [ 24.5299667, 36.7826161 ], [ 24.5394353, 36.7726339 ], [ 24.5487785, 36.7738103 ], [ 24.554097, 36.7771101 ], [ 24.5753669, 36.7787565 ], [ 24.5822796, 36.7893407 ], [ 24.5883649, 36.7913528 ], [ 24.590222, 36.7994413 ], [ 24.5943342, 36.8153553 ], [ 24.6024006, 36.827438 ], [ 24.5924994, 36.8348617 ], [ 24.5857108, 36.8309544 ], [ 24.5753972, 36.8312711 ], [ 24.5686296, 36.8402955 ] ] ], [ [ [ 25.0603288, 36.9699259 ], [ 25.0728294, 36.9847221 ], [ 25.0788999, 37.0292521 ], [ 25.0881298, 37.044191399999988 ], [ 25.0907297, 37.0450015 ], [ 25.0829417, 37.0569961 ], [ 25.0867214, 37.0595779 ], [ 25.0856953, 37.0607473 ], [ 25.0785103, 37.0575115 ], [ 25.0821938, 37.0505148 ], [ 25.0758522, 37.0482084 ], [ 25.0739626, 37.0431501 ], [ 25.0658052, 37.0424611 ], [ 25.0547997, 37.0378328 ], [ 25.0457334, 37.0226905 ], [ 25.0344691, 37.0198586 ], [ 25.0229492, 37.0122866 ], [ 25.0205871, 37.0076224 ], [ 25.0239353, 36.9883777 ], [ 25.0184384, 36.9834139 ], [ 25.020986, 36.978417799999988 ], [ 25.0178018, 36.9761112 ], [ 25.0185, 36.9754454 ], [ 25.0407217, 36.9714115 ], [ 25.0503385, 36.9571431 ], [ 25.0560897, 36.9549239 ], [ 25.0698308, 36.9428647 ], [ 25.0739225, 36.9464769 ], [ 25.0603288, 36.9699259 ] ] ], [ [ [ 24.8764797, 36.654863299999988 ], [ 24.8674577, 36.6631877 ], [ 24.8585489, 36.6671089 ], [ 24.8392935, 36.6581143 ], [ 24.8511873, 36.6406718 ], [ 24.8585489, 36.6362605 ], [ 24.86247, 36.6314394 ], [ 24.8935934, 36.6303472 ], [ 24.8952838, 36.615643 ], [ 24.9148224, 36.5976199 ], [ 24.946958, 36.5928583 ], [ 24.957834, 36.6016422 ], [ 24.9576203, 36.6049154 ], [ 24.9484975, 36.6132286 ], [ 24.9494597, 36.6214837 ], [ 24.9440618, 36.6263166 ], [ 24.9368603, 36.6280395 ], [ 24.9277003, 36.6355377 ], [ 24.9189882, 36.6319453 ], [ 24.9131952, 36.6351583 ], [ 24.9072074, 36.6348857 ], [ 24.9023005, 36.6415836 ], [ 24.8764797, 36.654863299999988 ] ] ], [ [ [ 25.4714245, 36.8682668 ], [ 25.4740111, 36.8693543 ], [ 25.4729891, 36.8714133 ], [ 25.4647438, 36.8693353 ], [ 25.460948, 36.8639402 ], [ 25.4584806, 36.8628778 ], [ 25.45781, 36.8593113 ], [ 25.4535354, 36.8572367 ], [ 25.4538293, 36.8553889 ], [ 25.4505023, 36.8559938 ], [ 25.4455035, 36.8538398 ], [ 25.4455038, 36.8524597 ], [ 25.4406742, 36.8507167 ], [ 25.437843, 36.8512654 ], [ 25.4344915, 36.8484402 ], [ 25.4352176, 36.8469328 ], [ 25.4311855, 36.8458514 ], [ 25.4341962, 36.8385077 ], [ 25.4328328, 36.8343591 ], [ 25.4291534, 36.8371538 ], [ 25.4262213, 36.8376116 ], [ 25.4222026, 36.835728 ], [ 25.419158, 36.8361778 ], [ 25.4150074, 36.8326049 ], [ 25.4147425, 36.8300506 ], [ 25.4171809, 36.8271104 ], [ 25.4205858, 36.8288456 ], [ 25.4221416, 36.827912 ], [ 25.4219872, 36.8229738 ], [ 25.4274457, 36.8217268 ], [ 25.432326, 36.8227943 ], [ 25.4362552, 36.8209452 ], [ 25.4429277, 36.8194769 ], [ 25.4553201, 36.8195798 ], [ 25.4584542, 36.8219287 ], [ 25.4585002, 36.8243576 ], [ 25.4637963, 36.8266416 ], [ 25.467733, 36.824678 ], [ 25.4720035, 36.824739 ], [ 25.4794826, 36.8305193 ], [ 25.4800719, 36.8339818 ], [ 25.4777061, 36.8353134 ], [ 25.4808495, 36.8398346 ], [ 25.4796011, 36.8416073 ], [ 25.4814847, 36.8441966 ], [ 25.4788554, 36.8475631 ], [ 25.4787605, 36.8498971 ], [ 25.4809835, 36.8519596 ], [ 25.478625, 36.853279 ], [ 25.4745639, 36.8508881 ], [ 25.4718491, 36.8532905 ], [ 25.4752905, 36.8593568 ], [ 25.4757403, 36.8643405 ], [ 25.472051, 36.864314 ], [ 25.469899, 36.8619116 ], [ 25.4690484, 36.8643175 ], [ 25.4714245, 36.8682668 ] ] ], [ [ [ 24.1253961, 37.6887839 ], [ 24.1292998, 37.695287 ], [ 24.1336954, 37.6975846 ], [ 24.1362516, 37.7117328 ], [ 24.1411864, 37.7163919 ], [ 24.1483559, 37.7174214 ], [ 24.1465398, 37.719670199999989 ], [ 24.1502625, 37.7212188 ], [ 24.1513542, 37.7291767 ], [ 24.148439, 37.7328659 ], [ 24.1531592, 37.7386991 ], [ 24.1479246, 37.7424012 ], [ 24.1425941, 37.7560905 ], [ 24.127911, 37.7398491 ], [ 24.121312, 37.7174214 ], [ 24.1034088, 37.6715512 ], [ 24.1017863, 37.6573908 ], [ 24.1053587, 37.6498544 ], [ 24.1070099, 37.6497923 ], [ 24.1269783, 37.6821842 ], [ 24.1253961, 37.6887839 ] ] ], [ [ [ 24.61134, 36.7868444 ], [ 24.6058868, 36.7784122 ], [ 24.6111596, 36.7718323 ], [ 24.6163736, 36.7548992 ], [ 24.6225512, 36.7510243 ], [ 24.6383946, 36.7481829 ], [ 24.6454165, 36.7434902 ], [ 24.6551953, 36.7488872 ], [ 24.6659018, 36.7547957 ], [ 24.6637645, 36.7700635 ], [ 24.659779, 36.7770208 ], [ 24.6551953, 36.7784457 ], [ 24.6431954, 36.7821758 ], [ 24.6378471, 36.7862653 ], [ 24.6261406, 36.7857452 ], [ 24.6225512, 36.7886037 ], [ 24.61134, 36.7868444 ] ] ], [ [ [ 24.7341041, 37.6334247 ], [ 24.7170618, 37.6292799 ], [ 24.7074264, 37.6297734 ], [ 24.7033293, 37.6197605 ], [ 24.6973162, 37.6153433 ], [ 24.6945016, 37.6136619 ], [ 24.6842747, 37.6080997 ], [ 24.6802492, 37.6080085 ], [ 24.6646517, 37.6076549 ], [ 24.6562836, 37.6049406 ], [ 24.6640873, 37.6007296 ], [ 24.6802492, 37.5993589 ], [ 24.6945016, 37.5981502 ], [ 24.6973162, 37.5979215 ], [ 24.7147861, 37.594624499999988 ], [ 24.7422474, 37.5935478 ], [ 24.7355705, 37.606288 ], [ 24.7423353, 37.6318469 ], [ 24.7341041, 37.6334247 ] ] ], [ [ [ 25.6618932, 36.9008215 ], [ 25.6470917, 36.9086564 ], [ 25.6400147, 36.90687 ], [ 25.6287228, 36.8954836 ], [ 25.6157624, 36.8959422 ], [ 25.6065021, 36.8884642 ], [ 25.6085035, 36.8796213 ], [ 25.6315541, 36.8838357 ], [ 25.6433639, 36.8798112 ], [ 25.6503345, 36.8751237 ], [ 25.6599317, 36.8775432 ], [ 25.664009, 36.8760616 ], [ 25.6682711, 36.8783546 ], [ 25.6709058, 36.8758007 ], [ 25.6808923, 36.8751501 ], [ 25.6882945, 36.8783201 ], [ 25.6880756, 36.8796538 ], [ 25.6824944, 36.8807013 ], [ 25.6825061, 36.8878915 ], [ 25.672765, 36.8889457 ], [ 25.6745984, 36.8949419 ], [ 25.6716513, 36.9001896 ], [ 25.6618932, 36.9008215 ] ] ], [ [ [ 25.829957, 37.1349116 ], [ 25.8185423, 37.1305451 ], [ 25.8124315, 37.1319481 ], [ 25.8057906, 37.1182256 ], [ 25.7987872, 37.1162315 ], [ 25.7952418, 37.1141313 ], [ 25.7888365, 37.1206021 ], [ 25.7813823, 37.121175 ], [ 25.7804035, 37.1203802 ], [ 25.7844272, 37.1164457 ], [ 25.789068, 37.1021782 ], [ 25.7958599, 37.099211 ], [ 25.7987872, 37.0914855 ], [ 25.8044881, 37.0970788 ], [ 25.8120464, 37.0904769 ], [ 25.8216376, 37.0917336 ], [ 25.8282696, 37.087684 ], [ 25.8352932, 37.0960415 ], [ 25.8364103, 37.1072907 ], [ 25.8390459, 37.1096631 ], [ 25.8309367, 37.1123153 ], [ 25.8197656, 37.123844 ], [ 25.8307123, 37.1287393 ], [ 25.8332091, 37.1325717 ], [ 25.829957, 37.1349116 ] ] ], [ [ [ 25.3530848, 36.450145 ], [ 25.3481439, 36.4502416 ], [ 25.3429108, 36.4529101 ], [ 25.3443593, 36.4556209 ], [ 25.3422923, 36.4594284 ], [ 25.3373722, 36.4577809 ], [ 25.334658, 36.4535405 ], [ 25.3316456, 36.4443681 ], [ 25.3265185, 36.4365676 ], [ 25.3242222, 36.4318376 ], [ 25.3240396, 36.4237211 ], [ 25.3250591, 36.4192498 ], [ 25.3345137, 36.4195225 ], [ 25.3398124, 36.4148607 ], [ 25.3464511, 36.4118692 ], [ 25.3518101, 36.4104281 ], [ 25.3523728, 36.4142153 ], [ 25.3496908, 36.418357199999988 ], [ 25.3512114, 36.4213979 ], [ 25.3496112, 36.4252208 ], [ 25.3507502, 36.4279425 ], [ 25.3473219, 36.4306001 ], [ 25.3463446, 36.4331129 ], [ 25.3505064, 36.438538 ], [ 25.3530848, 36.4390548 ], [ 25.3563896, 36.4376959 ], [ 25.3581625, 36.4405042 ], [ 25.3530848, 36.450145 ] ] ], [ [ [ 24.2395362, 36.8057755 ], [ 24.2358411, 36.8057103 ], [ 24.2273148, 36.8020107 ], [ 24.2210912, 36.8010471 ], [ 24.2201256, 36.7947934 ], [ 24.222101, 36.7919973 ], [ 24.220826, 36.7894533 ], [ 24.2227899, 36.786952 ], [ 24.221363, 36.7842736 ], [ 24.2234432, 36.7810501 ], [ 24.2256939, 36.7808145 ], [ 24.2306595, 36.7802946 ], [ 24.2422064, 36.7686717 ], [ 24.24741, 36.7723113 ], [ 24.2509089, 36.7808145 ], [ 24.2523325, 36.7842736 ], [ 24.2548101, 36.7871049 ], [ 24.2555697, 36.7935119 ], [ 24.2524712, 36.8034496 ], [ 24.2486001, 36.8019044 ], [ 24.2433382, 36.8026655 ], [ 24.2395362, 36.8057755 ] ] ], [ [ [ 25.2276012, 37.4293012 ], [ 25.2273572, 37.4355869 ], [ 25.2225989, 37.4388504 ], [ 25.2180384, 37.4261133 ], [ 25.2082714, 37.4273448 ], [ 25.2025497, 37.4327384 ], [ 25.1988464, 37.4283829 ], [ 25.2008721, 37.4202041 ], [ 25.2120681, 37.4137192 ], [ 25.2114827, 37.4053614 ], [ 25.2173327, 37.399863 ], [ 25.2211087, 37.402631 ], [ 25.2327234, 37.4010057 ], [ 25.2387518, 37.4111017 ], [ 25.2372886, 37.415321 ], [ 25.2394914, 37.420091 ], [ 25.2326395, 37.4275165 ], [ 25.2276012, 37.4293012 ] ] ], [ [ [ 25.5229227, 36.8927754 ], [ 25.5099423, 36.8878147 ], [ 25.5113047, 36.8843601 ], [ 25.5054764, 36.8832611 ], [ 25.4997911, 36.8750225 ], [ 25.5028125, 36.8681952 ], [ 25.5101817, 36.871404 ], [ 25.5113199, 36.866083 ], [ 25.5233524, 36.8614195 ], [ 25.5223031, 36.8572603 ], [ 25.5290249, 36.8570519 ], [ 25.5374109, 36.8528307 ], [ 25.5456118, 36.8548677 ], [ 25.5456663, 36.8562275 ], [ 25.5371141, 36.8588427 ], [ 25.5378077, 36.8634657 ], [ 25.5418147, 36.8659785 ], [ 25.5410761, 36.8672491 ], [ 25.5340331, 36.8660729 ], [ 25.5290249, 36.8845784 ], [ 25.5229227, 36.8927754 ] ] ], [ [ [ 24.9923803, 36.9718441 ], [ 24.9916461, 36.9751336 ], [ 24.9887213, 36.9768644 ], [ 24.9835919, 36.9709572 ], [ 24.9855155, 36.9691728 ], [ 24.9798682, 36.9639186 ], [ 24.9764085, 36.9641745 ], [ 24.9753022, 36.962631 ], [ 24.9839835, 36.9564108 ], [ 24.9856818, 36.9570103 ], [ 24.9868337, 36.9526125 ], [ 24.9916676, 36.9494028 ], [ 24.9968506, 36.9501901 ], [ 25.0011417, 36.9555434 ], [ 25.0038827, 36.9532085 ], [ 25.0092325, 36.9554021 ], [ 25.0103789, 36.9576333 ], [ 25.0126827, 36.9544886 ], [ 25.0159706, 36.9542517 ], [ 25.0208386, 36.9557572 ], [ 25.0242376, 36.9590471 ], [ 25.0247435, 36.961122 ], [ 25.030242, 36.9619128 ], [ 25.0293921, 36.9635024 ], [ 25.0336256, 36.9636362 ], [ 25.0333466, 36.9650269 ], [ 25.0288738, 36.9670788 ], [ 25.0237428, 36.967197 ], [ 25.0203723, 36.9690696 ], [ 25.0164117, 36.973212 ], [ 25.0139688, 36.9717785 ], [ 25.0094083, 36.971427 ], [ 25.0042748, 36.9688898 ], [ 25.000131, 36.9685537 ], [ 24.9949495, 36.9698068 ], [ 24.9923803, 36.9718441 ] ] ], [ [ [ 25.6113479, 36.9534044 ], [ 25.607856, 36.952536 ], [ 25.6049144, 36.9502881 ], [ 25.6004487, 36.9519751 ], [ 25.5943274, 36.9483409 ], [ 25.5924741, 36.9423624 ], [ 25.5884219, 36.9404462 ], [ 25.5907347, 36.9377409 ], [ 25.5900315, 36.9354701 ], [ 25.5926487, 36.9339497 ], [ 25.597271, 36.9291715 ], [ 25.6015194, 36.9312485 ], [ 25.6072936, 36.9292709 ], [ 25.6123292, 36.9318314 ], [ 25.616345, 36.9360149 ], [ 25.6204162, 36.9360414 ], [ 25.6212946, 36.934643 ], [ 25.6248225, 36.9376305 ], [ 25.6238701, 36.9422331 ], [ 25.6215733, 36.942279 ], [ 25.620523, 36.9456281 ], [ 25.6233442, 36.9461844 ], [ 25.6255296, 36.9446223 ], [ 25.6264516, 36.9472662 ], [ 25.6211052, 36.9481638 ], [ 25.6181643, 36.9474 ], [ 25.6166381, 36.9506961 ], [ 25.6113479, 36.9534044 ] ] ], [ [ [ 25.2532868, 37.4003005 ], [ 25.2399075, 37.3927906 ], [ 25.234805, 37.3972687 ], [ 25.233854, 37.3923781 ], [ 25.2274538, 37.3864207 ], [ 25.2233617, 37.3804515 ], [ 25.2211061, 37.3797062 ], [ 25.2169828, 37.3733358 ], [ 25.2191159, 37.370184 ], [ 25.2291049, 37.3733358 ], [ 25.2342206, 37.3748507 ], [ 25.2378621, 37.3841586 ], [ 25.2445436, 37.3777911 ], [ 25.2523565, 37.3775514 ], [ 25.2554087, 37.3864207 ], [ 25.256755, 37.39605 ], [ 25.2532868, 37.4003005 ] ] ], [ [ [ 25.5875584, 36.9121188 ], [ 25.595987, 36.9163668 ], [ 25.5961693, 36.9245234 ], [ 25.585694, 36.9208768 ], [ 25.5808572, 36.9152404 ], [ 25.5695834, 36.9138534 ], [ 25.56537, 36.9063855 ], [ 25.562854, 36.907553 ], [ 25.5591453, 36.9068996 ], [ 25.5526986, 36.9009952 ], [ 25.5563518, 36.8983832 ], [ 25.56537, 36.9003776 ], [ 25.5713032, 36.8967385 ], [ 25.5751349, 36.8982449 ], [ 25.5743932, 36.9034355 ], [ 25.5808401, 36.9115636 ], [ 25.5875584, 36.9121188 ] ] ], [ [ [ 25.2642285, 37.4020204 ], [ 25.2670729, 37.3863989 ], [ 25.2653433, 37.379419 ], [ 25.267495, 37.3740457 ], [ 25.2758245, 37.3795759 ], [ 25.2751237, 37.3863989 ], [ 25.2785319, 37.3914461 ], [ 25.2747022, 37.4025706 ], [ 25.2769379, 37.4099754 ], [ 25.2737009, 37.4093765 ], [ 25.268316, 37.4108383 ], [ 25.2642285, 37.4020204 ] ] ], [ [ [ 25.4053701, 36.3963396 ], [ 25.4095946, 36.4096661 ], [ 25.3938668, 36.4144808 ], [ 25.391915, 36.4141191 ], [ 25.3901951, 36.4131486 ], [ 25.3868407, 36.4043489 ], [ 25.3883441, 36.3975794 ], [ 25.391915, 36.3954338 ], [ 25.3938668, 36.3944298 ], [ 25.3957276, 36.3940324 ], [ 25.3981457, 36.3963396 ], [ 25.4053701, 36.3963396 ] ] ], [ [ [ 25.9025657, 36.8906555 ], [ 25.8980631, 36.8884696 ], [ 25.8906445, 36.8891947 ], [ 25.8869887, 36.8874565 ], [ 25.8932114, 36.8853148 ], [ 25.8948923, 36.8822364 ], [ 25.902037, 36.8815424 ], [ 25.903538, 36.8803776 ], [ 25.9147632, 36.8795334 ], [ 25.921327, 36.8853535 ], [ 25.9277411, 36.8844409 ], [ 25.9322767, 36.881163 ], [ 25.9350235, 36.8827274 ], [ 25.9267787, 36.8872555 ], [ 25.9224214, 36.8871897 ], [ 25.9197034, 36.8883937 ], [ 25.9095415, 36.8905253 ], [ 25.9025657, 36.8906555 ] ] ], [ [ [ 24.9690952, 36.9551586 ], [ 24.9660137, 36.9579499 ], [ 24.9606598, 36.9559413 ], [ 24.9562714, 36.9528015 ], [ 24.9528755, 36.9451594 ], [ 24.9556512, 36.9432068 ], [ 24.9606598, 36.9423214 ], [ 24.9661862, 36.9457181 ], [ 24.9690952, 36.9551586 ] ] ], [ [ [ 24.6038243, 37.2592785 ], [ 24.5981928, 37.2607733 ], [ 24.5955168, 37.2590377 ], [ 24.5866217, 37.2567234 ], [ 24.5859712, 37.2549878 ], [ 24.5864133, 37.2522028 ], [ 24.6013024, 37.253613799999989 ], [ 24.6068706, 37.2525292 ], [ 24.6086063, 37.2510103 ], [ 24.6131623, 37.2522399 ], [ 24.6117884, 37.2546985 ], [ 24.6038243, 37.2592785 ] ] ], [ [ [ 25.8208757, 36.2729744 ], [ 25.8254235, 36.2696885 ], [ 25.8259505, 36.2674684 ], [ 25.8307389, 36.2658313 ], [ 25.831954, 36.2679271 ], [ 25.8357939, 36.2688058 ], [ 25.8393988, 36.2711544 ], [ 25.8385451, 36.2754239 ], [ 25.8344407, 36.2778663 ], [ 25.8330738, 36.2763266 ], [ 25.823975, 36.2780992 ], [ 25.8208757, 36.2729744 ] ] ], [ [ [ 25.0308596, 36.6336649 ], [ 25.0246308, 36.6367216 ], [ 25.0191272, 36.6375173 ], [ 25.0192366, 36.6325846 ], [ 25.0160394, 36.6322258 ], [ 25.0061412, 36.6279058 ], [ 25.0082938, 36.6225448 ], [ 25.0122417, 36.6226772 ], [ 25.0126976, 36.6242022 ], [ 25.0181777, 36.6272041 ], [ 25.0213381, 36.62706 ], [ 25.0249661, 36.6313682 ], [ 25.0308596, 36.6336649 ] ] ], [ [ [ 25.4881626, 37.4495004 ], [ 25.4901085, 37.4545362 ], [ 25.4891341, 37.4592135 ], [ 25.4856642, 37.4582831 ], [ 25.4777345, 37.4525581 ], [ 25.4781461, 37.44846 ], [ 25.4816797, 37.4435933 ], [ 25.4885757, 37.4435933 ], [ 25.4881626, 37.4495004 ] ] ], [ [ [ 25.2102306, 36.2507748 ], [ 25.2056783, 36.2527953 ], [ 25.2041371, 36.257572599999989 ], [ 25.2024549, 36.2577081 ], [ 25.1985993, 36.2513292 ], [ 25.1961676, 36.249327699999988 ], [ 25.1954482, 36.2453572 ], [ 25.1981902, 36.2446255 ], [ 25.2019922, 36.2457499 ], [ 25.2070815, 36.2441895 ], [ 25.2110525, 36.2483291 ], [ 25.2102306, 36.2507748 ] ] ], [ [ [ 25.6735086, 36.8483392 ], [ 25.6719522, 36.845093 ], [ 25.6732477, 36.8422045 ], [ 25.6780761, 36.8424356 ], [ 25.6830423, 36.8449812 ], [ 25.6856993, 36.8418435 ], [ 25.6885825, 36.8414849 ], [ 25.6926879, 36.8443622 ], [ 25.6916723, 36.847985 ], [ 25.6872889, 36.8463676 ], [ 25.6836554, 36.8502473 ], [ 25.6735086, 36.8483392 ] ] ], [ [ [ 25.6727259, 36.6299221 ], [ 25.6769353, 36.6274998 ], [ 25.6774474, 36.6234981 ], [ 25.6823644, 36.6198926 ], [ 25.6858312, 36.6223057 ], [ 25.6898977, 36.6232863 ], [ 25.693689, 36.6223956 ], [ 25.6927984, 36.6256013 ], [ 25.6876572, 36.6288964 ], [ 25.6834047, 36.6293201 ], [ 25.6799738, 36.6280999 ], [ 25.6778928, 36.6317446 ], [ 25.6727259, 36.6299221 ] ] ], [ [ [ 25.6681325, 36.8427706 ], [ 25.6677108, 36.8466158 ], [ 25.6604756, 36.846902199999988 ], [ 25.6581491, 36.8434299 ], [ 25.662111, 36.8384703 ], [ 25.6652742, 36.8379329 ], [ 25.6710002, 36.8348662 ], [ 25.6739617, 36.8397091 ], [ 25.6681325, 36.8427706 ] ] ], [ [ [ 25.6969768, 37.0914097 ], [ 25.6895258, 37.0928098 ], [ 25.6895025, 37.0904965 ], [ 25.6934879, 37.0882274 ], [ 25.6910861, 37.0862355 ], [ 25.684077, 37.0872865 ], [ 25.6828997, 37.0851086 ], [ 25.6889889, 37.0834881 ], [ 25.6899761, 37.0851565 ], [ 25.6928231, 37.0839681 ], [ 25.6926729, 37.0817958 ], [ 25.7006934, 37.081156199999988 ], [ 25.6992957, 37.0839438 ], [ 25.6995308, 37.0875961 ], [ 25.6969768, 37.0914097 ] ] ], [ [ [ 24.7277701, 36.9026518 ], [ 24.7335264, 36.9037628 ], [ 24.7339065, 36.9067462 ], [ 24.7291724, 36.9085461 ], [ 24.7225333, 36.9066801 ], [ 24.7193923, 36.9027381 ], [ 24.7221911, 36.8970842 ], [ 24.7282777, 36.9004246 ], [ 24.7277701, 36.9026518 ] ] ], [ [ [ 25.7510139, 36.8078232 ], [ 25.7474352, 36.8086606 ], [ 25.7497829, 36.8123934 ], [ 25.7452082, 36.813875 ], [ 25.7398819, 36.8099315 ], [ 25.7400206, 36.8082192 ], [ 25.744507, 36.8041438 ], [ 25.7450551, 36.8014594 ], [ 25.7518493, 36.8049428 ], [ 25.7510139, 36.8078232 ] ] ], [ [ [ 24.967707, 37.4271433 ], [ 24.9710972, 37.4247884 ], [ 24.9753596, 37.423355 ], [ 24.9775364, 37.4250583 ], [ 24.9780701, 37.4219441 ], [ 24.9827323, 37.423984 ], [ 24.9866747, 37.4237873 ], [ 24.9881125, 37.4266496 ], [ 24.9866577, 37.4279609 ], [ 24.9839833, 37.4265955 ], [ 24.9792386, 37.4271881 ], [ 24.9775684, 37.426280399999989 ], [ 24.973037, 37.4303462 ], [ 24.967707, 37.4271433 ] ] ], [ [ [ 25.1244508, 36.9709974 ], [ 25.1209796, 36.973745 ], [ 25.1176744, 36.9743114 ], [ 25.1187876, 36.9783181 ], [ 25.1146956, 36.9783841 ], [ 25.1140592, 36.9749426 ], [ 25.1122608, 36.9738455 ], [ 25.1154503, 36.9716089 ], [ 25.1167047, 36.9672698 ], [ 25.1222351, 36.968208 ], [ 25.1244508, 36.9709974 ] ] ], [ [ [ 25.5258528, 36.84493 ], [ 25.5226011, 36.8451941 ], [ 25.5221783, 36.8513435 ], [ 25.5192356, 36.851400399999989 ], [ 25.5173685, 36.8476166 ], [ 25.5179248, 36.8443302 ], [ 25.5222531, 36.8436137 ], [ 25.5179435, 36.8396034 ], [ 25.5185869, 36.8370301 ], [ 25.5274975, 36.8430817 ], [ 25.5258528, 36.84493 ] ] ], [ [ [ 25.8891196, 36.2742551 ], [ 25.8868977, 36.2710628 ], [ 25.8825556, 36.2728034 ], [ 25.8794725, 36.2706677 ], [ 25.8826159, 36.266946 ], [ 25.8869401, 36.2670301 ], [ 25.8920515, 36.2731861 ], [ 25.8891196, 36.2742551 ] ] ], [ [ [ 24.5277386, 37.3054526 ], [ 24.5222132, 37.306083 ], [ 24.5216926, 37.3033144 ], [ 24.5235161, 37.2999724 ], [ 24.5290212, 37.2996161 ], [ 24.5313297, 37.3021035 ], [ 24.5277386, 37.3054526 ] ] ], [ [ [ 25.3795362, 36.400698 ], [ 25.3750917, 36.4002196 ], [ 25.3744366, 36.3984994 ], [ 25.3799407, 36.3952712 ], [ 25.3838499, 36.3925356 ], [ 25.3856338, 36.3952712 ], [ 25.3795362, 36.400698 ] ] ], [ [ [ 24.3752134, 37.4143504 ], [ 24.3684427, 37.4142498 ], [ 24.3650282, 37.4115875 ], [ 24.366339, 37.410686399999989 ], [ 24.3735944, 37.4116505 ], [ 24.3790034, 37.4106288 ], [ 24.3813398, 37.4125346 ], [ 24.3752134, 37.4143504 ] ] ], [ [ [ 25.5709747, 37.4138241 ], [ 25.5663379, 37.4109091 ], [ 25.5629185, 37.4129647 ], [ 25.5590689, 37.4093176 ], [ 25.5672379, 37.4086823 ], [ 25.5715091, 37.4096158 ], [ 25.57286, 37.4120821 ], [ 25.5709747, 37.4138241 ] ] ], [ [ [ 25.243934, 36.9955114 ], [ 25.2422383, 36.9958919 ], [ 25.2356504, 36.9924284 ], [ 25.2352236, 36.990906 ], [ 25.2410425, 36.989364 ], [ 25.2442087, 36.9911595 ], [ 25.243934, 36.9955114 ] ] ], [ [ [ 25.7037282, 37.0731454 ], [ 25.7002376, 37.0704763 ], [ 25.7027859, 37.067306 ], [ 25.709075, 37.0654899 ], [ 25.7091264, 37.0684403 ], [ 25.7037282, 37.0731454 ] ] ], [ [ [ 24.9903003, 36.6173512 ], [ 24.9878918, 36.6140912 ], [ 24.9849311, 36.6137311 ], [ 24.9853982, 36.6097852 ], [ 24.9897134, 36.6127657 ], [ 24.9910187, 36.6123789 ], [ 24.9941234, 36.6154837 ], [ 24.9903003, 36.6173512 ] ] ], [ [ [ 25.7073792, 37.0803025 ], [ 25.7059739, 37.0831512 ], [ 25.7033188, 37.083768 ], [ 25.702677, 37.0810101 ], [ 25.704152, 37.0782403 ], [ 25.7067894, 37.07693 ], [ 25.710387, 37.0781163 ], [ 25.7073792, 37.0803025 ] ] ], [ [ [ 25.2103503, 36.2377495 ], [ 25.2084503, 36.2369121 ], [ 25.2107938, 36.2330076 ], [ 25.2145932, 36.2321035 ], [ 25.2161973, 36.2357342 ], [ 25.2103503, 36.2377495 ] ] ], [ [ [ 25.8365036, 37.128 ], [ 25.8342713, 37.1281759 ], [ 25.8297649, 37.1240307 ], [ 25.8337316, 37.1229385 ], [ 25.8375192, 37.1235834 ], [ 25.8365036, 37.128 ] ] ], [ [ [ 24.7512262, 37.8522612 ], [ 24.7484563, 37.8518201 ], [ 24.7494251, 37.8492558 ], [ 24.7468902, 37.846162 ], [ 24.7494251, 37.8431571 ], [ 24.7518895, 37.8493024 ], [ 24.7512262, 37.8522612 ] ] ], [ [ [ 25.1077881, 36.9822903 ], [ 25.106996, 36.977498499999989 ], [ 25.111803, 36.9770496 ], [ 25.1132096, 36.9796389 ], [ 25.1077881, 36.9822903 ] ] ], [ [ [ 24.5624721, 37.1448194 ], [ 24.5595276, 37.1442395 ], [ 24.5589509, 37.1410237 ], [ 24.5604124, 37.1393223 ], [ 24.5650645, 37.1418727 ], [ 24.5624721, 37.1448194 ] ] ], [ [ [ 24.4015971, 36.7846457 ], [ 24.397001, 36.7814993 ], [ 24.4001533, 36.7792604 ], [ 24.4037367, 36.7813186 ], [ 24.4015971, 36.7846457 ] ] ], [ [ [ 25.2894177, 37.1275249 ], [ 25.2864861, 37.1252233 ], [ 25.2901146, 37.1228407 ], [ 25.2940452, 37.126550099999989 ], [ 25.2894177, 37.1275249 ] ] ], [ [ [ 24.7492259, 37.5891278 ], [ 24.7474556, 37.5877607 ], [ 24.7491131, 37.587172 ], [ 24.7543408, 37.5812767 ], [ 24.7556599, 37.5833171 ], [ 24.7492259, 37.5891278 ] ] ], [ [ [ 25.7985929, 36.3135123 ], [ 25.7985929, 36.3102516 ], [ 25.8020309, 36.3089518 ], [ 25.8035971, 36.3130705 ], [ 25.7985929, 36.3135123 ] ] ], [ [ [ 25.3518806, 36.3850509 ], [ 25.3495135, 36.3854919 ], [ 25.3442896, 36.3828351 ], [ 25.3464271, 36.3816169 ], [ 25.3504582, 36.3823387 ], [ 25.3518806, 36.3850509 ] ] ], [ [ [ 24.1458919, 36.5537589 ], [ 24.1435448, 36.5505429 ], [ 24.1450094, 36.5488266 ], [ 24.1501899, 36.5509536 ], [ 24.1458919, 36.5537589 ] ] ], [ [ [ 24.3181405, 36.6344772 ], [ 24.3139563, 36.6325072 ], [ 24.3176649, 36.6292436 ], [ 24.3201863, 36.6329819 ], [ 24.3181405, 36.6344772 ] ] ], [ [ [ 25.0542131, 36.6349224 ], [ 25.0526179, 36.6337644 ], [ 25.0552609, 36.6297996 ], [ 25.0588565, 36.6341652 ], [ 25.0542131, 36.6349224 ] ] ], [ [ [ 25.249454, 36.7252313 ], [ 25.2471431, 36.7227017 ], [ 25.2532637, 36.7225088 ], [ 25.2559497, 36.7248973 ], [ 25.249454, 36.7252313 ] ] ], [ [ [ 25.3630162, 36.7519477 ], [ 25.3614716, 36.7476307 ], [ 25.3652665, 36.7469085 ], [ 25.3665862, 36.7505442 ], [ 25.3630162, 36.7519477 ] ] ], [ [ [ 24.5456629, 36.7598548 ], [ 24.5425632, 36.758613 ], [ 24.5428976, 36.7563025 ], [ 24.5461269, 36.7549452 ], [ 24.547918, 36.7565196 ], [ 24.5456629, 36.7598548 ] ] ], [ [ [ 24.5826704, 36.7775649 ], [ 24.5788133, 36.7751601 ], [ 24.5819552, 36.7720275 ], [ 24.5848166, 36.7764518 ], [ 24.5826704, 36.7775649 ] ] ], [ [ [ 24.3932513, 36.7822231 ], [ 24.3874084, 36.7799302 ], [ 24.3919002, 36.7782629 ], [ 24.3957881, 36.780573 ], [ 24.3932513, 36.7822231 ] ] ], [ [ [ 25.4062246, 36.8307821 ], [ 25.4040213, 36.8280715 ], [ 25.4086517, 36.8269124 ], [ 25.4111946, 36.8299413 ], [ 25.4062246, 36.8307821 ] ] ], [ [ [ 25.5253642, 36.837578799999989 ], [ 25.5215774, 36.8330211 ], [ 25.5257379, 36.8321915 ], [ 25.5274097, 36.8353573 ], [ 25.5253642, 36.837578799999989 ] ] ], [ [ [ 25.4832298, 36.8577416 ], [ 25.4808876, 36.8561095 ], [ 25.4862012, 36.8532746 ], [ 25.48751, 36.857019 ], [ 25.4832298, 36.8577416 ] ] ], [ [ [ 25.6216648, 36.8639554 ], [ 25.619187, 36.8600842 ], [ 25.6245312, 36.8594436 ], [ 25.6254739, 36.8614507 ], [ 25.6216648, 36.8639554 ] ] ], [ [ [ 25.6386673, 36.8728268 ], [ 25.6329249, 36.870999 ], [ 25.6330914, 36.8686541 ], [ 25.6388221, 36.8696231 ], [ 25.6386673, 36.8728268 ] ] ], [ [ [ 25.8923143, 36.8813221 ], [ 25.8889672, 36.8796793 ], [ 25.8916611, 36.8766178 ], [ 25.8958942, 36.8801566 ], [ 25.8923143, 36.8813221 ] ] ], [ [ [ 25.607067, 36.9186548 ], [ 25.6044262, 36.9198386 ], [ 25.602808, 36.9156894 ], [ 25.604206, 36.9137251 ], [ 25.6067258, 36.915664 ], [ 25.607067, 36.9186548 ] ] ], [ [ [ 25.639299, 36.9889504 ], [ 25.6336504, 36.9872428 ], [ 25.6385084, 36.9846078 ], [ 25.6410762, 36.9872653 ], [ 25.639299, 36.9889504 ] ] ], [ [ [ 25.0950393, 37.0465682 ], [ 25.0929731, 37.0429233 ], [ 25.0979097, 37.041273499999988 ], [ 25.0976713, 37.0454768 ], [ 25.0950393, 37.0465682 ] ] ], [ [ [ 24.5334276, 37.1342125 ], [ 24.5308111, 37.1327478 ], [ 24.5300688, 37.1291449 ], [ 24.5317557, 37.1281121 ], [ 24.5343872, 37.1306494 ], [ 24.5334276, 37.1342125 ] ] ], [ [ [ 25.2960596, 37.15497 ], [ 25.2935246, 37.1517664 ], [ 25.2963041, 37.1497301 ], [ 25.2995846, 37.1534239 ], [ 25.2960596, 37.15497 ] ] ], [ [ [ 25.2664116, 37.159366 ], [ 25.2653979, 37.1568212 ], [ 25.2679791, 37.154589 ], [ 25.2710993, 37.1599608 ], [ 25.2664116, 37.159366 ] ] ], [ [ [ 25.3012358, 37.395307699999989 ], [ 25.295223, 37.3922769 ], [ 25.2967176, 37.3903619 ], [ 25.3009699, 37.3914727 ], [ 25.3012358, 37.395307699999989 ] ] ], [ [ [ 24.9959159, 37.3958529 ], [ 24.9899535, 37.3923506 ], [ 24.9944911, 37.3910549 ], [ 24.9973036, 37.3946034 ], [ 24.9959159, 37.3958529 ] ] ], [ [ [ 25.2628204, 37.3978055 ], [ 25.2591345, 37.396791 ], [ 25.2584065, 37.3936166 ], [ 25.2599907, 37.3924334 ], [ 25.2628769, 37.3946491 ], [ 25.2628204, 37.3978055 ] ] ], [ [ [ 25.2429882, 37.4245628 ], [ 25.2413048, 37.420144 ], [ 25.2435164, 37.4187241 ], [ 25.2466281, 37.4219678 ], [ 25.2429882, 37.4245628 ] ] ], [ [ [ 25.3063333, 37.445043399999989 ], [ 25.3018319, 37.4433046 ], [ 25.3062044, 37.4401361 ], [ 25.3083206, 37.4418078 ], [ 25.3063333, 37.445043399999989 ] ] ], [ [ [ 25.0696125, 37.6615955 ], [ 25.0654174, 37.6612776 ], [ 25.0635488, 37.659265 ], [ 25.0653846, 37.6570694 ], [ 25.0678584, 37.6581799 ], [ 25.0696125, 37.6615955 ] ] ], [ [ [ 24.7965871, 37.8217352 ], [ 24.7937223, 37.8186525 ], [ 24.7970865, 37.8158069 ], [ 24.7990748, 37.818936 ], [ 24.7965871, 37.8217352 ] ] ], [ [ [ 24.7368039, 37.8546899 ], [ 24.7320916, 37.8528802 ], [ 24.7342975, 37.8488858 ], [ 24.7376778, 37.8531052 ], [ 24.7368039, 37.8546899 ] ] ] ] } }
]
}
